observation,action_class,target_host,reason
"# OBSERVATION

Mission Phase: 2
Last Action : Remove host:public_access_zone_subnet_user_host_1
Last Action Status: IN_PROGRESS
Communication Vectors: 
Commvector Blue Agent 0 Message: [0, 0, 0, 0, 0, 0, 0, 1]
Commvector Blue Agent 1 Message: [0, 0, 0, 0, 0, 0, 0, 0]
Commvector Blue Agent 2 Message: [0, 0, 0, 0, 0, 0, 0, 0]
Commvector Blue Agent 3 Message: [0, 0, 0, 0, 0, 0, 0, 1]

 Suspicious Activity Detected: None",Remove,host:public_access_zone_subnet_user_host_1,Continuing to remove potential malicious presence while the last action is in progress.
"# OBSERVATION

Mission Phase: 2
Last Action : BlockTrafficZone subnet:office_network
Last Action Status: FALSE
Communication Vectors: 
Commvector Blue Agent 0 Message: [1, 0, 0, 0, 0, 1, 0, 0]
Commvector Blue Agent 1 Message: [0, 0, 0, 0, 0, 0, 0, 0]
Commvector Blue Agent 2 Message: [0, 0, 0, 0, 0, 0, 0, 1]
Commvector Blue Agent 3 Message: [0, 0, 0, 0, 0, 0, 0, 0]

Suspicious Activity Detected:
- Hostname: public_access_zone_subnet_user_host_1 | IP: 10.0.175.38",Remove,host:public_access_zone_subnet_user_host_1,"A red agent has been detected on the host, indicating a user-level compromise."
"# OBSERVATION

Mission Phase: 2
Last Action : BlockTrafficZone subnet:office_network
Last Action Status: FALSE
Communication Vectors: 
Commvector Blue Agent 0 Message: [0, 0, 0, 0, 0, 0, 0, 0]
Commvector Blue Agent 1 Message: [0, 0, 0, 0, 0, 0, 0, 0]
Commvector Blue Agent 2 Message: [0, 0, 0, 0, 0, 0, 0, 0]
Commvector Blue Agent 3 Message: [0, 0, 0, 0, 0, 0, 0, 0]

 Suspicious Activity Detected: None",BlockTrafficZone,subnet:office_network,Ensuring that the office network remains isolated as the last action failed to block traffic.
"# OBSERVATION

Mission Phase: 2
Last Action : AllowTrafficZone subnet:office_network
Last Action Status: FALSE
Communication Vectors: 
Commvector Blue Agent 0 Message: [0, 0, 0, 0, 0, 0, 0, 0]
Commvector Blue Agent 1 Message: [0, 0, 0, 0, 0, 0, 0, 0]
Commvector Blue Agent 2 Message: [0, 0, 0, 0, 0, 0, 0, 1]
Commvector Blue Agent 3 Message: [0, 0, 0, 0, 0, 0, 0, 0]

 Suspicious Activity Detected: None",BlockTrafficZone,subnet:office_network,"The last action to allow traffic was unsuccessful, indicating the zone might need to be blocked for security."
"# OBSERVATION

Mission Phase: 2
Last Action : AllowTrafficZone subnet:office_network
Last Action Status: FALSE
Communication Vectors: 
Commvector Blue Agent 0 Message: [0, 0, 0, 0, 0, 0, 0, 0]
Commvector Blue Agent 1 Message: [0, 0, 0, 0, 0, 0, 0, 0]
Commvector Blue Agent 2 Message: [0, 0, 0, 0, 0, 0, 0, 0]
Commvector Blue Agent 3 Message: [0, 0, 0, 0, 0, 0, 0, 0]

 Suspicious Activity Detected: None",AllowTrafficZone,subnet:office_network,"There is no suspicious activity detected, and the action was previously attempted but failed."
"# OBSERVATION

Mission Phase: 2
Last Action : BlockTrafficZone subnet:office_network
Last Action Status: FALSE
Communication Vectors: 
Commvector Blue Agent 0 Message: [0, 0, 0, 0, 0, 0, 0, 0]
Commvector Blue Agent 1 Message: [0, 0, 0, 0, 0, 0, 0, 0]
Commvector Blue Agent 2 Message: [0, 0, 0, 0, 0, 0, 0, 1]
Commvector Blue Agent 3 Message: [0, 0, 0, 0, 0, 0, 0, 0]

 Suspicious Activity Detected: None",AllowTrafficZone,subnet:office_network,"Traffic was previously blocked but the last action was unsuccessful, needing to restore connectivity."
"# OBSERVATION

Mission Phase: 2
Last Action : AllowTrafficZone subnet:office_network
Last Action Status: FALSE
Communication Vectors: 
Commvector Blue Agent 0 Message: [0, 0, 0, 0, 0, 0, 0, 0]
Commvector Blue Agent 1 Message: [0, 0, 0, 0, 0, 0, 0, 0]
Commvector Blue Agent 2 Message: [0, 0, 0, 0, 0, 0, 0, 0]
Commvector Blue Agent 3 Message: [0, 0, 0, 0, 0, 0, 0, 0]

 Suspicious Activity Detected: None",BlockTrafficZone,subnet:office_network,"Last action to allow traffic was unsuccessful, suggesting a need to secure the zone."
"# OBSERVATION

Mission Phase: 2
Last Action : Analyse host:office_network_subnet_user_host_2
Last Action Status: IN_PROGRESS
Communication Vectors: 
Commvector Blue Agent 0 Message: [0, 0, 0, 0, 0, 0, 0, 0]
Commvector Blue Agent 1 Message: [0, 0, 0, 0, 0, 0, 0, 1]
Commvector Blue Agent 2 Message: [0, 0, 0, 0, 0, 0, 0, 1]
Commvector Blue Agent 3 Message: [0, 0, 0, 0, 0, 0, 0, 0]

 Suspicious Activity Detected: None",AllowTrafficZone,subnet:office_network,The zone is currently blocked and should allow traffic during this mission phase.
"# OBSERVATION

Mission Phase: 2
Last Action : Analyse host:office_network_subnet_user_host_2
Last Action Status: IN_PROGRESS
Communication Vectors: 
Commvector Blue Agent 0 Message: [0, 0, 0, 0, 0, 0, 0, 0]
Commvector Blue Agent 1 Message: [0, 0, 0, 0, 0, 0, 0, 0]
Commvector Blue Agent 2 Message: [0, 0, 0, 0, 0, 0, 0, 0]
Commvector Blue Agent 3 Message: [0, 0, 0, 0, 0, 0, 0, 1]

 Suspicious Activity Detected: None",Analyse,host:office_network_subnet_user_host_2,"Continuing the analysis for potential suspicious activity, as the last action is still in progress."
"# OBSERVATION

Mission Phase: 2
Last Action : Analyse host:office_network_subnet_user_host_2
Last Action Status: IN_PROGRESS
Communication Vectors: 
Commvector Blue Agent 0 Message: [0, 0, 0, 0, 0, 0, 0, 0]
Commvector Blue Agent 1 Message: [0, 0, 0, 0, 0, 0, 0, 0]
Commvector Blue Agent 2 Message: [0, 0, 0, 0, 0, 0, 0, 1]
Commvector Blue Agent 3 Message: [0, 0, 0, 0, 0, 0, 0, 0]

 Suspicious Activity Detected: None",Analyse,host:office_network_subnet_user_host_2,"The analysis is in progress, and further information is needed to confirm the network's security status."
"# OBSERVATION

Mission Phase: 2
Last Action : Analyse host:office_network_subnet_user_host_2
Last Action Status: IN_PROGRESS
Communication Vectors: 
Commvector Blue Agent 0 Message: [0, 0, 0, 0, 0, 0, 0, 1]
Commvector Blue Agent 1 Message: [0, 0, 0, 0, 0, 0, 0, 0]
Commvector Blue Agent 2 Message: [0, 0, 0, 0, 0, 0, 0, 0]
Commvector Blue Agent 3 Message: [0, 0, 0, 0, 0, 0, 0, 0]

 Suspicious Activity Detected: None",Analyse,host:office_network_subnet_user_host_2,"The analysis is still in progress, and further monitoring is required to assess the situation."
"# OBSERVATION

Mission Phase: 2
Last Action : DeployDecoy host:office_network_subnet_server_host_1
Last Action Status: IN_PROGRESS
Communication Vectors: 
Commvector Blue Agent 0 Message: [0, 0, 0, 0, 0, 0, 0, 0]
Commvector Blue Agent 1 Message: [0, 0, 0, 0, 0, 0, 0, 1]
Commvector Blue Agent 2 Message: [0, 0, 0, 0, 0, 0, 0, 1]
Commvector Blue Agent 3 Message: [0, 0, 0, 0, 0, 0, 0, 1]

Suspicious Activity Detected:
- Hostname: office_network_subnet_user_host_2 | IP: 10.0.79.134",Analyse,host:office_network_subnet_user_host_2,Suspicious activity detected on the host; analysis needed to determine if it is compromised.
"# OBSERVATION

Mission Phase: 2
Last Action : DeployDecoy host:office_network_subnet_server_host_1
Last Action Status: IN_PROGRESS
Communication Vectors: 
Commvector Blue Agent 0 Message: [0, 0, 0, 0, 0, 0, 0, 0]
Commvector Blue Agent 1 Message: [0, 0, 0, 0, 0, 0, 0, 0]
Commvector Blue Agent 2 Message: [0, 0, 0, 0, 0, 0, 0, 0]
Commvector Blue Agent 3 Message: [0, 0, 0, 0, 0, 0, 0, 0]

 Suspicious Activity Detected: None",DeployDecoy,host:office_network_subnet_server_host_1,Continuing the deployment of decoy services to enhance detection capabilities.
"# OBSERVATION

Mission Phase: 2
Last Action : DeployDecoy host:office_network_subnet_server_host_1
Last Action Status: IN_PROGRESS
Communication Vectors: 
Commvector Blue Agent 0 Message: [0, 0, 0, 0, 0, 0, 0, 0]
Commvector Blue Agent 1 Message: [0, 0, 0, 0, 0, 0, 0, 1]
Commvector Blue Agent 2 Message: [0, 0, 0, 0, 0, 0, 0, 1]
Commvector Blue Agent 3 Message: [0, 0, 0, 0, 0, 0, 0, 1]

 Suspicious Activity Detected: None",DeployDecoy,host:office_network_subnet_server_host_1,Continuing deployment of decoy to detect potential red activity.
"# OBSERVATION

Mission Phase: 2
Last Action : BlockTrafficZone subnet:office_network
Last Action Status: FALSE
Communication Vectors: 
Commvector Blue Agent 0 Message: [0, 0, 0, 0, 0, 0, 0, 0]
Commvector Blue Agent 1 Message: [0, 0, 0, 0, 0, 0, 0, 1]
Commvector Blue Agent 2 Message: [0, 0, 0, 0, 0, 0, 0, 0]
Commvector Blue Agent 3 Message: [0, 0, 0, 0, 0, 0, 0, 0]

Suspicious Activity Detected:
- Hostname: office_network_subnet_server_host_1 | IP: 10.0.79.44 | INFO: Connection to 10.0.79.253 | INFO: Connection to 10.0.79.253",DeployDecoy,host:office_network_subnet_server_host_1,To detect any potential red activity following multiple connections to this host.
"# OBSERVATION

Mission Phase: 2
Last Action : AllowTrafficZone subnet:office_network
Last Action Status: FALSE
Communication Vectors: 
Commvector Blue Agent 0 Message: [0, 0, 0, 0, 0, 0, 0, 0]
Commvector Blue Agent 1 Message: [0, 0, 0, 0, 0, 0, 0, 0]
Commvector Blue Agent 2 Message: [0, 0, 0, 0, 0, 0, 0, 1]
Commvector Blue Agent 3 Message: [0, 0, 0, 0, 0, 0, 0, 0]

 Suspicious Activity Detected: None",BlockTrafficZone,subnet:office_network,"The office network is currently in an undesired state as the last action to allow traffic was unsuccessful, indicating it may be vulnerable."
"# OBSERVATION

Mission Phase: 2
Last Action : BlockTrafficZone subnet:office_network
Last Action Status: FALSE
Communication Vectors: 
Commvector Blue Agent 0 Message: [0, 0, 0, 0, 0, 0, 0, 0]
Commvector Blue Agent 1 Message: [0, 0, 0, 0, 0, 0, 0, 0]
Commvector Blue Agent 2 Message: [0, 0, 0, 0, 0, 0, 0, 0]
Commvector Blue Agent 3 Message: [0, 0, 0, 0, 0, 0, 0, 0]

 Suspicious Activity Detected: None",AllowTrafficZone,subnet:office_network,"Previous attempt to block the traffic zone failed, and there is no suspicious activity detected."
"# OBSERVATION

Mission Phase: 2
Last Action : AllowTrafficZone subnet:office_network
Last Action Status: FALSE
Communication Vectors: 
Commvector Blue Agent 0 Message: [0, 0, 0, 0, 0, 0, 0, 0]
Commvector Blue Agent 1 Message: [0, 0, 0, 0, 0, 0, 0, 1]
Commvector Blue Agent 2 Message: [0, 0, 0, 0, 0, 0, 0, 1]
Commvector Blue Agent 3 Message: [0, 0, 0, 0, 0, 0, 0, 1]

 Suspicious Activity Detected: None",BlockTrafficZone,subnet:office_network,Traffic to/from the office network should be blocked as the last action to allow traffic was unsuccessful.
"# OBSERVATION

Mission Phase: 2
Last Action : AllowTrafficZone subnet:office_network
Last Action Status: FALSE
Communication Vectors: 
Commvector Blue Agent 0 Message: [0, 0, 0, 0, 0, 0, 0, 0]
Commvector Blue Agent 1 Message: [0, 0, 0, 0, 0, 0, 0, 0]
Commvector Blue Agent 2 Message: [0, 0, 0, 0, 0, 0, 0, 0]
Commvector Blue Agent 3 Message: [0, 0, 0, 0, 0, 0, 0, 0]

 Suspicious Activity Detected: None",AllowTrafficZone,subnet:office_network,"The action to allow traffic to the office network was unsuccessful, and we need to ensure connectivity."
"# OBSERVATION

Mission Phase: 2
Last Action : AllowTrafficZone subnet:office_network
Last Action Status: FALSE
Communication Vectors: 
Commvector Blue Agent 0 Message: [0, 0, 0, 0, 0, 0, 0, 0]
Commvector Blue Agent 1 Message: [0, 0, 0, 0, 0, 0, 0, 1]
Commvector Blue Agent 2 Message: [0, 0, 0, 0, 0, 0, 0, 1]
Commvector Blue Agent 3 Message: [0, 0, 0, 0, 0, 0, 0, 1]

 Suspicious Activity Detected: None",AllowTrafficZone,subnet:office_network,Attempting to enable traffic to the subnet as it is currently blocked.
"# OBSERVATION

Mission Phase: 2
Last Action : AllowTrafficZone subnet:office_network
Last Action Status: FALSE
Communication Vectors: 
Commvector Blue Agent 0 Message: [0, 0, 0, 0, 0, 0, 0, 0]
Commvector Blue Agent 1 Message: [0, 0, 0, 0, 0, 0, 0, 1]
Commvector Blue Agent 2 Message: [0, 0, 0, 0, 0, 0, 0, 0]
Commvector Blue Agent 3 Message: [0, 0, 0, 0, 0, 0, 0, 0]

 Suspicious Activity Detected: None",AllowTrafficZone,subnet:office_network,"The last action to allow traffic was unsuccessful, indicating the zone may still be blocked and needs to be allowed."
"# OBSERVATION

Mission Phase: 2
Last Action : AllowTrafficZone subnet:office_network
Last Action Status: FALSE
Communication Vectors: 
Commvector Blue Agent 0 Message: [0, 0, 0, 0, 0, 0, 0, 1]
Commvector Blue Agent 1 Message: [0, 0, 0, 0, 0, 0, 0, 0]
Commvector Blue Agent 2 Message: [0, 0, 0, 0, 0, 0, 0, 1]
Commvector Blue Agent 3 Message: [0, 0, 0, 0, 0, 0, 0, 0]

 Suspicious Activity Detected: None",AllowTrafficZone,subnet:office_network,"The action to allow traffic was unsuccessful, indicating a potential need to reattempt ensuring connectivity."
"# OBSERVATION

Mission Phase: 2
Last Action : AllowTrafficZone subnet:office_network
Last Action Status: FALSE
Communication Vectors: 
Commvector Blue Agent 0 Message: [0, 0, 0, 0, 0, 0, 0, 0]
Commvector Blue Agent 1 Message: [0, 0, 0, 0, 0, 0, 0, 0]
Commvector Blue Agent 2 Message: [0, 0, 0, 0, 0, 0, 0, 0]
Commvector Blue Agent 3 Message: [0, 0, 0, 0, 0, 0, 0, 0]

 Suspicious Activity Detected: None",AllowTrafficZone,subnet:office_network,The subnet is currently blocked and needs to allow traffic.
"# OBSERVATION

Mission Phase: 2
Last Action : BlockTrafficZone subnet:office_network
Last Action Status: FALSE
Communication Vectors: 
Commvector Blue Agent 0 Message: [0, 0, 0, 0, 0, 0, 0, 0]
Commvector Blue Agent 1 Message: [0, 0, 0, 0, 0, 0, 0, 1]
Commvector Blue Agent 2 Message: [0, 0, 0, 0, 0, 0, 0, 1]
Commvector Blue Agent 3 Message: [0, 0, 0, 0, 0, 0, 0, 1]

 Suspicious Activity Detected: None",AllowTrafficZone,subnet:office_network,"The last action to block traffic was unsuccessful, allowing for necessary connectivity."
"# OBSERVATION

Mission Phase: 2
Last Action : AllowTrafficZone subnet:office_network
Last Action Status: FALSE
Communication Vectors: 
Commvector Blue Agent 0 Message: [0, 0, 0, 0, 0, 0, 0, 0]
Commvector Blue Agent 1 Message: [0, 0, 0, 0, 0, 0, 0, 0]
Commvector Blue Agent 2 Message: [0, 0, 0, 0, 0, 0, 0, 0]
Commvector Blue Agent 3 Message: [0, 0, 0, 0, 0, 0, 0, 0]

 Suspicious Activity Detected: None",BlockTrafficZone,subnet:office_network,"Since the last action to allow traffic was unsuccessful and there is no suspicious activity detected, it's prudent to secure the zone by blocking traffic."
"# OBSERVATION

Mission Phase: 2
Last Action : BlockTrafficZone subnet:office_network
Last Action Status: FALSE
Communication Vectors: 
Commvector Blue Agent 0 Message: [0, 0, 0, 0, 0, 0, 0, 0]
Commvector Blue Agent 1 Message: [0, 0, 0, 0, 0, 0, 0, 1]
Commvector Blue Agent 2 Message: [0, 0, 0, 0, 0, 0, 0, 1]
Commvector Blue Agent 3 Message: [0, 0, 0, 0, 0, 0, 0, 0]

 Suspicious Activity Detected: None",AllowTrafficZone,subnet:office_network,"The last action to block the office network was unsuccessful, and allowing traffic is necessary for normal operations."
"# OBSERVATION

Mission Phase: 2
Last Action : AllowTrafficZone subnet:office_network
Last Action Status: FALSE
Communication Vectors: 
Commvector Blue Agent 0 Message: [0, 0, 0, 0, 0, 0, 0, 1]
Commvector Blue Agent 1 Message: [0, 0, 0, 0, 0, 0, 0, 0]
Commvector Blue Agent 2 Message: [0, 0, 0, 0, 0, 0, 0, 1]
Commvector Blue Agent 3 Message: [0, 0, 0, 0, 0, 0, 0, 0]

 Suspicious Activity Detected: None",BlockTrafficZone,subnet:office_network,"The previous attempt to allow traffic was unsuccessful, implying a potential need to restrict access to the office network."
"# OBSERVATION

Mission Phase: 2
Last Action : AllowTrafficZone subnet:office_network
Last Action Status: FALSE
Communication Vectors: 
Commvector Blue Agent 0 Message: [0, 0, 0, 0, 0, 0, 0, 0]
Commvector Blue Agent 1 Message: [0, 0, 0, 0, 0, 0, 0, 0]
Commvector Blue Agent 2 Message: [0, 0, 0, 0, 0, 0, 0, 0]
Commvector Blue Agent 3 Message: [0, 0, 0, 0, 0, 0, 0, 0]

 Suspicious Activity Detected: None",AllowTrafficZone,subnet:office_network,"The action to allow traffic was unsuccessful, indicating a need to retry to ensure connectivity."
"# OBSERVATION

Mission Phase: 2
Last Action : BlockTrafficZone subnet:office_network
Last Action Status: FALSE
Communication Vectors: 
Commvector Blue Agent 0 Message: [0, 0, 0, 0, 0, 0, 0, 0]
Commvector Blue Agent 1 Message: [0, 0, 0, 0, 0, 0, 0, 0]
Commvector Blue Agent 2 Message: [0, 0, 0, 0, 0, 0, 0, 1]
Commvector Blue Agent 3 Message: [0, 0, 0, 0, 0, 0, 0, 0]

 Suspicious Activity Detected: None",AllowTrafficZone,subnet:office_network,"The last action to block traffic was unsuccessful, indicating that traffic should be allowed in the office network now."
"# OBSERVATION

Mission Phase: 2
Last Action : AllowTrafficZone subnet:office_network
Last Action Status: FALSE
Communication Vectors: 
Commvector Blue Agent 0 Message: [0, 0, 0, 0, 0, 0, 0, 0]
Commvector Blue Agent 1 Message: [0, 0, 0, 0, 0, 0, 0, 1]
Commvector Blue Agent 2 Message: [0, 0, 0, 0, 0, 0, 0, 0]
Commvector Blue Agent 3 Message: [0, 0, 0, 0, 0, 0, 0, 0]

 Suspicious Activity Detected: None",BlockTrafficZone,subnet:office_network,"The previous action to allow traffic to the office network was unsuccessful, indicating a need to block any unauthorized traffic."
"# OBSERVATION

Mission Phase: 2
Last Action : AllowTrafficZone subnet:office_network
Last Action Status: FALSE
Communication Vectors: 
Commvector Blue Agent 0 Message: [0, 0, 0, 0, 0, 0, 0, 0]
Commvector Blue Agent 1 Message: [0, 0, 0, 0, 0, 0, 0, 0]
Commvector Blue Agent 2 Message: [0, 0, 0, 0, 0, 0, 0, 1]
Commvector Blue Agent 3 Message: [0, 0, 0, 0, 0, 0, 0, 0]

 Suspicious Activity Detected: None",AllowTrafficZone,subnet:office_network,"The action is already in the desired state and no suspicious activity was detected, maintaining network connectivity is important."
"# OBSERVATION

Mission Phase: 2
Last Action : AllowTrafficZone subnet:office_network
Last Action Status: FALSE
Communication Vectors: 
Commvector Blue Agent 0 Message: [0, 0, 0, 0, 0, 0, 0, 0]
Commvector Blue Agent 1 Message: [0, 0, 0, 0, 0, 0, 0, 0]
Commvector Blue Agent 2 Message: [0, 0, 0, 0, 0, 0, 0, 0]
Commvector Blue Agent 3 Message: [0, 0, 0, 0, 0, 0, 0, 0]

 Suspicious Activity Detected: None",AllowTrafficZone,subnet:office_network,"The action to allow traffic was unsuccessful, indicating the zone needs to be re-attempted to ensure connectivity."
"# OBSERVATION

Mission Phase: 2
Last Action : BlockTrafficZone subnet:office_network
Last Action Status: FALSE
Communication Vectors: 
Commvector Blue Agent 0 Message: [0, 0, 0, 0, 0, 0, 0, 0]
Commvector Blue Agent 1 Message: [0, 0, 0, 0, 0, 0, 0, 1]
Commvector Blue Agent 2 Message: [0, 0, 0, 0, 0, 0, 0, 1]
Commvector Blue Agent 3 Message: [0, 0, 0, 0, 0, 0, 0, 1]

 Suspicious Activity Detected: None",AllowTrafficZone,subnet:office_network,"The last action to block traffic was unsuccessful, indicating the zone may need to be allowed for proper functionality."
"# OBSERVATION

Mission Phase: 2
Last Action : AllowTrafficZone subnet:office_network
Last Action Status: FALSE
Communication Vectors: 
Commvector Blue Agent 0 Message: [0, 0, 0, 0, 0, 0, 0, 0]
Commvector Blue Agent 1 Message: [0, 1, 0, 0, 0, 1, 0, 0]
Commvector Blue Agent 2 Message: [0, 0, 0, 0, 0, 0, 0, 0]
Commvector Blue Agent 3 Message: [0, 0, 0, 0, 0, 0, 0, 0]

 Suspicious Activity Detected: None",BlockTrafficZone,subnet:office_network,"The zone is currently not secure, and blocking traffic is necessary to protect the network during an active mission phase."
"# OBSERVATION

Mission Phase: 2
Last Action : AllowTrafficZone subnet:office_network
Last Action Status: FALSE
Communication Vectors: 
Commvector Blue Agent 0 Message: [0, 0, 0, 0, 0, 0, 0, 0]
Commvector Blue Agent 1 Message: [0, 0, 0, 0, 0, 0, 0, 1]
Commvector Blue Agent 2 Message: [0, 0, 0, 0, 0, 0, 0, 0]
Commvector Blue Agent 3 Message: [0, 0, 0, 0, 0, 0, 0, 0]

 Suspicious Activity Detected: None",AllowTrafficZone,subnet:office_network,"The last action to allow traffic was unsuccessful, indicating the zone is still blocked."
"# OBSERVATION

Mission Phase: 2
Last Action : BlockTrafficZone subnet:office_network
Last Action Status: FALSE
Communication Vectors: 
Commvector Blue Agent 0 Message: [0, 0, 0, 0, 0, 0, 0, 0]
Commvector Blue Agent 1 Message: [0, 0, 0, 0, 0, 0, 0, 0]
Commvector Blue Agent 2 Message: [0, 0, 0, 0, 0, 0, 0, 1]
Commvector Blue Agent 3 Message: [0, 0, 0, 0, 0, 0, 0, 0]

 Suspicious Activity Detected: None",AllowTrafficZone,subnet:office_network,The zone is currently blocked and allowing traffic will restore connectivity as no suspicious activity has been detected.
"# OBSERVATION

Mission Phase: 2
Last Action : AllowTrafficZone subnet:office_network
Last Action Status: FALSE
Communication Vectors: 
Commvector Blue Agent 0 Message: [0, 0, 0, 0, 0, 0, 0, 0]
Commvector Blue Agent 1 Message: [0, 0, 0, 0, 0, 0, 0, 0]
Commvector Blue Agent 2 Message: [0, 0, 0, 0, 0, 0, 0, 0]
Commvector Blue Agent 3 Message: [0, 0, 0, 0, 0, 0, 0, 1]

 Suspicious Activity Detected: None",BlockTrafficZone,subnet:office_network,Traffic to/from the office network is currently allowed but should be blocked to ensure security during this mission phase.
"# OBSERVATION

Mission Phase: 2
Last Action : AllowTrafficZone subnet:office_network
Last Action Status: FALSE
Communication Vectors: 
Commvector Blue Agent 0 Message: [0, 0, 0, 0, 0, 0, 0, 0]
Commvector Blue Agent 1 Message: [0, 0, 0, 0, 0, 0, 0, 1]
Commvector Blue Agent 2 Message: [0, 0, 0, 0, 0, 0, 0, 1]
Commvector Blue Agent 3 Message: [0, 0, 0, 0, 0, 0, 0, 0]

 Suspicious Activity Detected: None",AllowTrafficZone,subnet:office_network,"The last action to allow traffic was not successful, indicating a need to ensure connectivity."
"# OBSERVATION

Mission Phase: 2
Last Action : AllowTrafficZone subnet:office_network
Last Action Status: FALSE
Communication Vectors: 
Commvector Blue Agent 0 Message: [0, 0, 0, 0, 0, 0, 0, 0]
Commvector Blue Agent 1 Message: [0, 0, 0, 0, 0, 0, 0, 0]
Commvector Blue Agent 2 Message: [0, 0, 0, 0, 0, 0, 0, 0]
Commvector Blue Agent 3 Message: [0, 0, 0, 0, 0, 0, 0, 0]

 Suspicious Activity Detected: None",AllowTrafficZone,subnet:office_network,"The last action was unsuccessful, indicating that the zone should be re-allowed for traffic."
"# OBSERVATION

Mission Phase: 2
Last Action : BlockTrafficZone subnet:office_network
Last Action Status: FALSE
Communication Vectors: 
Commvector Blue Agent 0 Message: [0, 0, 0, 0, 0, 0, 0, 0]
Commvector Blue Agent 1 Message: [0, 0, 0, 0, 0, 0, 0, 0]
Commvector Blue Agent 2 Message: [0, 0, 0, 0, 0, 0, 0, 1]
Commvector Blue Agent 3 Message: [0, 0, 0, 0, 0, 0, 0, 1]

 Suspicious Activity Detected: None",AllowTrafficZone,subnet:office_network,"The last action to block traffic was unsuccessful, allowing necessary connectivity in the office network."
"# OBSERVATION

Mission Phase: 2
Last Action : AllowTrafficZone subnet:office_network
Last Action Status: FALSE
Communication Vectors: 
Commvector Blue Agent 0 Message: [0, 0, 0, 0, 0, 0, 0, 0]
Commvector Blue Agent 1 Message: [0, 0, 0, 0, 0, 0, 0, 0]
Commvector Blue Agent 2 Message: [0, 0, 0, 0, 0, 0, 0, 0]
Commvector Blue Agent 3 Message: [0, 0, 0, 0, 0, 0, 0, 0]

 Suspicious Activity Detected: None",BlockTrafficZone,subnet:office_network,"Current mission phase indicates the need for heightened security, and there is no suspicious activity detected."
"# OBSERVATION

Mission Phase: 2
Last Action : BlockTrafficZone subnet:office_network
Last Action Status: FALSE
Communication Vectors: 
Commvector Blue Agent 0 Message: [0, 0, 0, 0, 0, 0, 0, 0]
Commvector Blue Agent 1 Message: [0, 0, 0, 0, 0, 0, 0, 1]
Commvector Blue Agent 2 Message: [0, 0, 0, 0, 0, 0, 0, 1]
Commvector Blue Agent 3 Message: [0, 0, 0, 0, 0, 0, 0, 0]

 Suspicious Activity Detected: None",AllowTrafficZone,subnet:office_network,"The previous action to block the zone was unsuccessful, and the current state allows restoring the traffic flow."
"# OBSERVATION

Mission Phase: 2
Last Action : BlockTrafficZone subnet:office_network
Last Action Status: FALSE
Communication Vectors: 
Commvector Blue Agent 0 Message: [0, 0, 0, 0, 0, 0, 0, 0]
Commvector Blue Agent 1 Message: [0, 0, 0, 0, 0, 0, 0, 1]
Commvector Blue Agent 2 Message: [0, 0, 0, 0, 0, 0, 0, 0]
Commvector Blue Agent 3 Message: [0, 0, 0, 0, 0, 0, 0, 0]

 Suspicious Activity Detected: None",BlockTrafficZone,subnet:office_network,"Attempting to block traffic is currently in the desired state, indicating ongoing protection measures."
"# OBSERVATION

Mission Phase: 2
Last Action : AllowTrafficZone subnet:office_network
Last Action Status: FALSE
Communication Vectors: 
Commvector Blue Agent 0 Message: [0, 0, 0, 0, 0, 0, 0, 0]
Commvector Blue Agent 1 Message: [0, 0, 0, 0, 0, 0, 0, 0]
Commvector Blue Agent 2 Message: [0, 0, 0, 0, 0, 0, 0, 1]
Commvector Blue Agent 3 Message: [0, 0, 0, 0, 0, 0, 0, 0]

 Suspicious Activity Detected: None",BlockTrafficZone,subnet:office_network,"The last action to allow traffic was unsuccessful, indicating a need to secure the zone."
"# OBSERVATION

Mission Phase: 2
Last Action : AllowTrafficZone subnet:office_network
Last Action Status: FALSE
Communication Vectors: 
Commvector Blue Agent 0 Message: [0, 0, 0, 0, 0, 0, 0, 0]
Commvector Blue Agent 1 Message: [0, 0, 0, 0, 0, 0, 0, 0]
Commvector Blue Agent 2 Message: [0, 0, 0, 0, 0, 0, 0, 0]
Commvector Blue Agent 3 Message: [0, 0, 0, 0, 0, 0, 0, 0]

 Suspicious Activity Detected: None",AllowTrafficZone,subnet:office_network,"Currently, no suspicious activity detected and the last action was unsuccessful."
"# OBSERVATION

Mission Phase: 2
Last Action : BlockTrafficZone subnet:office_network
Last Action Status: FALSE
Communication Vectors: 
Commvector Blue Agent 0 Message: [0, 0, 0, 0, 0, 0, 0, 0]
Commvector Blue Agent 1 Message: [0, 0, 0, 0, 0, 0, 0, 0]
Commvector Blue Agent 2 Message: [0, 0, 0, 0, 0, 0, 0, 1]
Commvector Blue Agent 3 Message: [0, 0, 0, 0, 0, 0, 0, 0]

 Suspicious Activity Detected: None",AllowTrafficZone,subnet:office_network,"Since the last action to block traffic was unsuccessful, we need to allow traffic to facilitate normal operations."
"# OBSERVATION

Mission Phase: 2
Last Action : BlockTrafficZone subnet:office_network
Last Action Status: FALSE
Communication Vectors: 
Commvector Blue Agent 0 Message: [0, 0, 0, 0, 0, 0, 0, 1]
Commvector Blue Agent 1 Message: [0, 0, 0, 0, 0, 0, 0, 0]
Commvector Blue Agent 2 Message: [0, 0, 0, 0, 0, 0, 0, 0]
Commvector Blue Agent 3 Message: [0, 0, 0, 0, 0, 0, 0, 0]

 Suspicious Activity Detected: None",BlockTrafficZone,subnet:office_network,"To ensure security during Mission Phase 2, despite the last action being unsuccessful."
"# OBSERVATION

Mission Phase: 2
Last Action : AllowTrafficZone subnet:office_network
Last Action Status: FALSE
Communication Vectors: 
Commvector Blue Agent 0 Message: [0, 0, 0, 0, 0, 0, 0, 0]
Commvector Blue Agent 1 Message: [0, 0, 0, 0, 0, 0, 0, 0]
Commvector Blue Agent 2 Message: [0, 0, 0, 0, 0, 0, 0, 1]
Commvector Blue Agent 3 Message: [0, 0, 0, 0, 0, 0, 0, 1]

 Suspicious Activity Detected: None",BlockTrafficZone,subnet:office_network,"The last action to allow traffic was unsuccessful, indicating potential vulnerabilities that need to be addressed."
"# OBSERVATION

Mission Phase: 2
Last Action : AllowTrafficZone subnet:office_network
Last Action Status: FALSE
Communication Vectors: 
Commvector Blue Agent 0 Message: [0, 0, 0, 0, 0, 0, 0, 0]
Commvector Blue Agent 1 Message: [0, 0, 0, 0, 0, 0, 0, 0]
Commvector Blue Agent 2 Message: [0, 0, 0, 0, 0, 0, 0, 0]
Commvector Blue Agent 3 Message: [0, 0, 0, 0, 0, 0, 0, 0]

 Suspicious Activity Detected: None",AllowTrafficZone,subnet:office_network,"The last action to allow traffic was unsuccessful, so it needs to be retried to restore connectivity."
"# OBSERVATION

Mission Phase: 2
Last Action : AllowTrafficZone subnet:office_network
Last Action Status: FALSE
Communication Vectors: 
Commvector Blue Agent 0 Message: [0, 0, 0, 0, 0, 0, 0, 0]
Commvector Blue Agent 1 Message: [0, 0, 0, 0, 0, 0, 0, 1]
Commvector Blue Agent 2 Message: [0, 0, 0, 0, 0, 0, 0, 1]
Commvector Blue Agent 3 Message: [0, 0, 0, 0, 0, 0, 0, 0]

 Suspicious Activity Detected: None",AllowTrafficZone,subnet:office_network,"The last action to allow traffic was unsuccessful, indicating the zone is still blocked and needs to be allowed for proper operations."
"# OBSERVATION

Mission Phase: 2
Last Action : AllowTrafficZone subnet:office_network
Last Action Status: FALSE
Communication Vectors: 
Commvector Blue Agent 0 Message: [0, 0, 0, 0, 0, 0, 0, 0]
Commvector Blue Agent 1 Message: [0, 0, 0, 0, 0, 0, 0, 0]
Commvector Blue Agent 2 Message: [0, 0, 0, 0, 0, 0, 0, 0]
Commvector Blue Agent 3 Message: [0, 0, 0, 0, 0, 0, 0, 0]

 Suspicious Activity Detected: None",AllowTrafficZone,subnet:office_network,"No suspicious activity detected, and the last action to allow traffic was unsuccessful."
"# OBSERVATION

Mission Phase: 2
Last Action : AllowTrafficZone subnet:office_network
Last Action Status: TRUE
Communication Vectors: 
Commvector Blue Agent 0 Message: [0, 0, 0, 0, 0, 0, 0, 0]
Commvector Blue Agent 1 Message: [0, 0, 0, 0, 0, 0, 0, 0]
Commvector Blue Agent 2 Message: [0, 0, 1, 0, 0, 1, 0, 1]
Commvector Blue Agent 3 Message: [0, 0, 0, 0, 0, 0, 0, 1]

 Suspicious Activity Detected: None",AllowTrafficZone,subnet:office_network,"Traffic was successfully allowed, and no suspicious activity is detected."
"# OBSERVATION

Mission Phase: 2
Last Action : Remove host:office_network_subnet_server_host_1
Last Action Status: IN_PROGRESS
Communication Vectors: 
Commvector Blue Agent 0 Message: [0, 0, 0, 0, 0, 0, 0, 0]
Commvector Blue Agent 1 Message: [0, 0, 0, 0, 0, 0, 0, 0]
Commvector Blue Agent 2 Message: [0, 0, 0, 0, 0, 0, 0, 0]
Commvector Blue Agent 3 Message: [0, 0, 0, 0, 0, 0, 0, 0]

 Suspicious Activity Detected: None",AllowTrafficZone,subnet:office_network,"No suspicious activity detected, enabling connectivity in the office network."
"# OBSERVATION

Mission Phase: 2
Last Action : Analyse host:office_network_subnet_server_host_1
Last Action Status: IN_PROGRESS
Communication Vectors: 
Commvector Blue Agent 0 Message: [1, 0, 0, 0, 0, 1, 0, 0]
Commvector Blue Agent 1 Message: [0, 0, 0, 0, 0, 0, 0, 1]
Commvector Blue Agent 2 Message: [0, 0, 0, 0, 0, 0, 0, 1]
Commvector Blue Agent 3 Message: [0, 0, 0, 0, 0, 0, 0, 1]

 Suspicious Activity Detected: None",Remove,host:office_network_subnet_server_host_1,Host has been compromised with user-level access.
"# OBSERVATION

Mission Phase: 2
Last Action : Analyse host:office_network_subnet_server_host_1
Last Action Status: IN_PROGRESS
Communication Vectors: 
Commvector Blue Agent 0 Message: [0, 0, 0, 0, 0, 0, 0, 0]
Commvector Blue Agent 1 Message: [0, 0, 0, 0, 0, 0, 0, 0]
Commvector Blue Agent 2 Message: [0, 0, 0, 0, 0, 0, 0, 0]
Commvector Blue Agent 3 Message: [0, 0, 0, 0, 0, 0, 0, 0]

 Suspicious Activity Detected: None",Analyse,host:office_network_subnet_server_host_1,Continuing to gather information on the host while the previous analysis is in progress.
"# OBSERVATION

Mission Phase: 2
Last Action : AllowTrafficZone subnet:office_network
Last Action Status: FALSE
Communication Vectors: 
Commvector Blue Agent 0 Message: [0, 0, 0, 0, 0, 0, 0, 0]
Commvector Blue Agent 1 Message: [0, 0, 0, 0, 0, 0, 0, 0]
Commvector Blue Agent 2 Message: [0, 0, 0, 0, 0, 0, 0, 1]
Commvector Blue Agent 3 Message: [0, 0, 0, 0, 0, 0, 0, 1]

Suspicious Activity Detected:
- Hostname: office_network_subnet_server_host_1 | IP: 10.0.60.180 | INFO: Connection to 10.0.79.253 | INFO: Connection to 10.0.79.253",Analyse,host:office_network_subnet_server_host_1,"Suspicious connections have been detected on the host, indicating potential red activity."
"# OBSERVATION

Mission Phase: 2
Last Action : AllowTrafficZone subnet:office_network
Last Action Status: FALSE
Communication Vectors: 
Commvector Blue Agent 0 Message: [0, 0, 0, 0, 0, 0, 0, 0]
Commvector Blue Agent 1 Message: [0, 0, 0, 0, 0, 0, 0, 0]
Commvector Blue Agent 2 Message: [0, 0, 0, 0, 0, 0, 0, 0]
Commvector Blue Agent 3 Message: [0, 0, 0, 0, 0, 0, 0, 0]

 Suspicious Activity Detected: None",AllowTrafficZone,subnet:office_network,"The action is already in the desired state, no further action is required."
"# OBSERVATION

Mission Phase: 2
Last Action : AllowTrafficZone subnet:office_network
Last Action Status: FALSE
Communication Vectors: 
Commvector Blue Agent 0 Message: [0, 0, 0, 0, 0, 0, 0, 0]
Commvector Blue Agent 1 Message: [0, 0, 0, 0, 0, 0, 0, 0]
Commvector Blue Agent 2 Message: [0, 0, 0, 0, 0, 0, 0, 1]
Commvector Blue Agent 3 Message: [0, 0, 0, 0, 0, 0, 0, 1]

 Suspicious Activity Detected: None",AllowTrafficZone,subnet:office_network,"The last action was unsuccessful, and allowing traffic is necessary to ensure network connectivity."
"# OBSERVATION

Mission Phase: 2
Last Action : Analyse host:office_network_subnet_user_host_1
Last Action Status: IN_PROGRESS
Communication Vectors: 
Commvector Blue Agent 0 Message: [0, 0, 0, 0, 0, 0, 0, 0]
Commvector Blue Agent 1 Message: [0, 0, 0, 0, 0, 0, 0, 0]
Commvector Blue Agent 2 Message: [0, 0, 0, 0, 0, 0, 0, 1]
Commvector Blue Agent 3 Message: [0, 0, 0, 0, 0, 0, 0, 0]

 Suspicious Activity Detected: None",AllowTrafficZone,subnet:office_network,"The office network is currently blocked, and it is necessary to ensure connectivity during the mission phase."
"# OBSERVATION

Mission Phase: 2
Last Action : Analyse host:office_network_subnet_user_host_1
Last Action Status: IN_PROGRESS
Communication Vectors: 
Commvector Blue Agent 0 Message: [0, 0, 0, 0, 0, 0, 0, 0]
Commvector Blue Agent 1 Message: [0, 0, 0, 0, 0, 0, 0, 0]
Commvector Blue Agent 2 Message: [0, 0, 0, 0, 0, 0, 0, 0]
Commvector Blue Agent 3 Message: [0, 0, 0, 0, 0, 0, 0, 0]

 Suspicious Activity Detected: None",Analyse,host:office_network_subnet_user_host_1,Continuing the analysis of the host to gather more information on potential suspicious activity.
"# OBSERVATION

Mission Phase: 2
Last Action : Analyse host:office_network_subnet_user_host_1
Last Action Status: IN_PROGRESS
Communication Vectors: 
Commvector Blue Agent 0 Message: [0, 0, 0, 0, 0, 0, 0, 0]
Commvector Blue Agent 1 Message: [0, 0, 0, 0, 0, 0, 0, 0]
Commvector Blue Agent 2 Message: [0, 0, 0, 0, 0, 0, 0, 1]
Commvector Blue Agent 3 Message: [0, 0, 0, 0, 0, 0, 0, 0]

 Suspicious Activity Detected: None",Analyse,host:office_network_subnet_user_host_1,Continuing the analysis to ensure thorough investigation of potential threats.
"# OBSERVATION

Mission Phase: 2
Last Action : Analyse host:office_network_subnet_user_host_1
Last Action Status: IN_PROGRESS
Communication Vectors: 
Commvector Blue Agent 0 Message: [0, 0, 0, 0, 0, 0, 0, 0]
Commvector Blue Agent 1 Message: [0, 0, 0, 0, 0, 0, 0, 0]
Commvector Blue Agent 2 Message: [0, 0, 0, 0, 0, 0, 0, 0]
Commvector Blue Agent 3 Message: [0, 0, 0, 0, 0, 0, 0, 1]

 Suspicious Activity Detected: None",Analyse,host:office_network_subnet_user_host_1,"The analysis is still in progress and no suspicious activity has been detected, indicating a healthy network state."
"# OBSERVATION

Mission Phase: 2
Last Action : Analyse host:office_network_subnet_user_host_1
Last Action Status: IN_PROGRESS
Communication Vectors: 
Commvector Blue Agent 0 Message: [0, 0, 0, 0, 0, 0, 0, 0]
Commvector Blue Agent 1 Message: [0, 0, 0, 0, 0, 0, 0, 1]
Commvector Blue Agent 2 Message: [0, 0, 0, 0, 0, 0, 0, 1]
Commvector Blue Agent 3 Message: [0, 0, 0, 0, 0, 0, 0, 0]

 Suspicious Activity Detected: None",Analyse,host:office_network_subnet_user_host_1,Continuing the analysis of the host since the last action is still in progress.
"# OBSERVATION

Mission Phase: 2
Last Action : Analyse host:office_network_subnet_user_host_1
Last Action Status: IN_PROGRESS
Communication Vectors: 
Commvector Blue Agent 0 Message: [0, 0, 0, 0, 0, 0, 0, 0]
Commvector Blue Agent 1 Message: [0, 0, 0, 0, 0, 0, 0, 0]
Commvector Blue Agent 2 Message: [0, 0, 0, 0, 0, 0, 0, 0]
Commvector Blue Agent 3 Message: [0, 0, 0, 0, 0, 0, 0, 0]

 Suspicious Activity Detected: None",Analyse,host:office_network_subnet_user_host_1,"Continuing to analyze the host as the last action is still in progress, and no suspicious activity was detected."
"# OBSERVATION

Mission Phase: 2
Last Action : Analyse host:office_network_subnet_user_host_1
Last Action Status: IN_PROGRESS
Communication Vectors: 
Commvector Blue Agent 0 Message: [0, 0, 0, 0, 0, 0, 0, 0]
Commvector Blue Agent 1 Message: [0, 0, 0, 0, 0, 0, 0, 0]
Commvector Blue Agent 2 Message: [0, 0, 0, 0, 0, 0, 0, 1]
Commvector Blue Agent 3 Message: [0, 0, 0, 0, 0, 0, 0, 1]

 Suspicious Activity Detected: None",Analyse,host:office_network_subnet_user_host_1,Continuing the analysis on the host as the last action is still in progress.
"# OBSERVATION

Mission Phase: 2
Last Action : Analyse host:office_network_subnet_user_host_1
Last Action Status: IN_PROGRESS
Communication Vectors: 
Commvector Blue Agent 0 Message: [0, 0, 0, 0, 0, 0, 0, 0]
Commvector Blue Agent 1 Message: [0, 0, 0, 0, 0, 0, 0, 1]
Commvector Blue Agent 2 Message: [0, 0, 0, 0, 0, 0, 0, 0]
Commvector Blue Agent 3 Message: [0, 0, 0, 0, 0, 0, 0, 0]

 Suspicious Activity Detected: None",Analyse,host:office_network_subnet_user_host_1,"The previous analysis action is still in progress, indicating the need for continued monitoring and assessment of the host."
"# OBSERVATION

Mission Phase: 2
Last Action : Analyse host:office_network_subnet_user_host_1
Last Action Status: IN_PROGRESS
Communication Vectors: 
Commvector Blue Agent 0 Message: [0, 0, 0, 0, 0, 0, 0, 0]
Commvector Blue Agent 1 Message: [0, 0, 0, 0, 0, 0, 0, 1]
Commvector Blue Agent 2 Message: [0, 0, 0, 0, 0, 0, 0, 1]
Commvector Blue Agent 3 Message: [0, 0, 0, 0, 0, 0, 0, 0]

 Suspicious Activity Detected: None",Analyse,host:office_network_subnet_user_host_1,"The previous analysis action is still in progress, indicating ongoing monitoring of the host."
"# OBSERVATION

Mission Phase: 2
Last Action : Analyse host:office_network_subnet_user_host_1
Last Action Status: IN_PROGRESS
Communication Vectors: 
Commvector Blue Agent 0 Message: [0, 0, 0, 0, 0, 0, 0, 0]
Commvector Blue Agent 1 Message: [0, 0, 0, 0, 0, 0, 0, 0]
Commvector Blue Agent 2 Message: [0, 0, 0, 0, 0, 0, 0, 0]
Commvector Blue Agent 3 Message: [0, 0, 0, 0, 0, 0, 0, 0]

 Suspicious Activity Detected: None",Analyse,host:office_network_subnet_user_host_1,"The analysis is still in progress, ensuring we gather all necessary information before taking further actions."
"# OBSERVATION

Mission Phase: 2
Last Action : Analyse host:office_network_subnet_user_host_1
Last Action Status: IN_PROGRESS
Communication Vectors: 
Commvector Blue Agent 0 Message: [0, 0, 0, 0, 0, 0, 0, 0]
Commvector Blue Agent 1 Message: [0, 0, 0, 0, 0, 0, 0, 0]
Commvector Blue Agent 2 Message: [0, 0, 0, 0, 0, 0, 0, 1]
Commvector Blue Agent 3 Message: [0, 0, 0, 0, 0, 0, 0, 0]

 Suspicious Activity Detected: None",Analyse,host:office_network_subnet_user_host_1,The analysis is still in progress to confirm if any suspicious activity is present.
"# OBSERVATION

Mission Phase: 2
Last Action : Analyse host:office_network_subnet_user_host_1
Last Action Status: IN_PROGRESS
Communication Vectors: 
Commvector Blue Agent 0 Message: [0, 0, 0, 0, 0, 0, 0, 0]
Commvector Blue Agent 1 Message: [0, 0, 0, 0, 0, 0, 0, 1]
Commvector Blue Agent 2 Message: [0, 0, 0, 0, 0, 0, 0, 0]
Commvector Blue Agent 3 Message: [0, 0, 0, 0, 0, 0, 0, 0]

 Suspicious Activity Detected: None",Analyse,host:office_network_subnet_user_host_1,The previous action is still in progress and continues to gather information.
"# OBSERVATION

Mission Phase: 2
Last Action : Analyse host:office_network_subnet_user_host_1
Last Action Status: IN_PROGRESS
Communication Vectors: 
Commvector Blue Agent 0 Message: [0, 0, 0, 0, 0, 0, 0, 0]
Commvector Blue Agent 1 Message: [0, 0, 0, 0, 0, 0, 0, 0]
Commvector Blue Agent 2 Message: [0, 0, 0, 0, 0, 0, 0, 1]
Commvector Blue Agent 3 Message: [0, 0, 0, 0, 0, 0, 0, 0]

 Suspicious Activity Detected: None",Analyse,host:office_network_subnet_user_host_1,Continuing analysis as the last action is still in progress to further investigate potential suspicious activity.
"# OBSERVATION

Mission Phase: 2
Last Action : Analyse host:office_network_subnet_user_host_1
Last Action Status: IN_PROGRESS
Communication Vectors: 
Commvector Blue Agent 0 Message: [0, 0, 0, 0, 0, 0, 0, 0]
Commvector Blue Agent 1 Message: [0, 0, 0, 0, 0, 0, 0, 0]
Commvector Blue Agent 2 Message: [0, 0, 0, 0, 0, 0, 0, 0]
Commvector Blue Agent 3 Message: [0, 0, 0, 0, 0, 0, 0, 1]

 Suspicious Activity Detected: None",Analyse,host:office_network_subnet_user_host_1,Continuing analysis to determine if any compromises have occurred after the last action is still in progress.
"# OBSERVATION

Mission Phase: 2
Last Action : Analyse host:office_network_subnet_user_host_1
Last Action Status: IN_PROGRESS
Communication Vectors: 
Commvector Blue Agent 0 Message: [0, 0, 0, 0, 0, 0, 0, 0]
Commvector Blue Agent 1 Message: [0, 0, 0, 0, 0, 0, 0, 0]
Commvector Blue Agent 2 Message: [0, 0, 0, 0, 0, 0, 0, 1]
Commvector Blue Agent 3 Message: [0, 0, 0, 0, 0, 0, 0, 0]

 Suspicious Activity Detected: None",Analyse,host:office_network_subnet_user_host_1,Continuing the analysis to ensure no suspicious activity is present on the host.
"# OBSERVATION

Mission Phase: 2
Last Action : Analyse host:office_network_subnet_user_host_1
Last Action Status: IN_PROGRESS
Communication Vectors: 
Commvector Blue Agent 0 Message: [0, 0, 0, 0, 0, 0, 0, 0]
Commvector Blue Agent 1 Message: [0, 0, 0, 0, 0, 0, 0, 1]
Commvector Blue Agent 2 Message: [0, 0, 0, 0, 0, 0, 0, 0]
Commvector Blue Agent 3 Message: [0, 0, 0, 0, 0, 0, 0, 1]

 Suspicious Activity Detected: None",Analyse,host:office_network_subnet_user_host_1,Continuing analysis on the host as the last action is still in progress and no suspicious activity has been detected.
"# OBSERVATION

Mission Phase: 2
Last Action : Analyse host:office_network_subnet_user_host_1
Last Action Status: IN_PROGRESS
Communication Vectors: 
Commvector Blue Agent 0 Message: [0, 0, 0, 0, 0, 0, 0, 0]
Commvector Blue Agent 1 Message: [0, 0, 0, 0, 0, 0, 0, 0]
Commvector Blue Agent 2 Message: [0, 0, 0, 0, 0, 0, 0, 1]
Commvector Blue Agent 3 Message: [0, 0, 0, 0, 0, 0, 0, 0]

 Suspicious Activity Detected: None",Analyse,host:office_network_subnet_user_host_1,The analysis is still in progress; further investigation is needed on this host.
"# OBSERVATION

Mission Phase: 2
Last Action : Analyse host:office_network_subnet_user_host_1
Last Action Status: IN_PROGRESS
Communication Vectors: 
Commvector Blue Agent 0 Message: [0, 0, 0, 0, 0, 0, 0, 0]
Commvector Blue Agent 1 Message: [0, 0, 0, 0, 0, 0, 0, 0]
Commvector Blue Agent 2 Message: [0, 0, 0, 0, 0, 0, 0, 0]
Commvector Blue Agent 3 Message: [0, 0, 0, 0, 0, 0, 0, 0]

 Suspicious Activity Detected: None",Analyse,host:office_network_subnet_user_host_1,Continuing to analyze the host as the previous analysis is still in progress.
"# OBSERVATION

Mission Phase: 2
Last Action : Analyse host:office_network_subnet_user_host_1
Last Action Status: IN_PROGRESS
Communication Vectors: 
Commvector Blue Agent 0 Message: [0, 0, 0, 0, 0, 0, 0, 0]
Commvector Blue Agent 1 Message: [0, 0, 0, 0, 0, 0, 0, 0]
Commvector Blue Agent 2 Message: [0, 0, 0, 0, 0, 0, 0, 1]
Commvector Blue Agent 3 Message: [0, 0, 0, 0, 0, 0, 0, 0]

 Suspicious Activity Detected: None",Analyse,host:office_network_subnet_user_host_1,Ongoing analysis to check for potential suspicious activity.
"# OBSERVATION

Mission Phase: 2
Last Action : Analyse host:office_network_subnet_user_host_1
Last Action Status: IN_PROGRESS
Communication Vectors: 
Commvector Blue Agent 0 Message: [0, 0, 0, 0, 0, 0, 0, 0]
Commvector Blue Agent 1 Message: [0, 0, 0, 0, 0, 0, 0, 0]
Commvector Blue Agent 2 Message: [0, 0, 0, 0, 0, 0, 0, 0]
Commvector Blue Agent 3 Message: [0, 0, 0, 0, 0, 0, 0, 0]

 Suspicious Activity Detected: None",Analyse,host:office_network_subnet_user_host_1,The ongoing analysis may provide critical insights into potential threats.
"# OBSERVATION

Mission Phase: 2
Last Action : Analyse host:office_network_subnet_user_host_1
Last Action Status: IN_PROGRESS
Communication Vectors: 
Commvector Blue Agent 0 Message: [0, 0, 0, 0, 0, 0, 0, 1]
Commvector Blue Agent 1 Message: [0, 0, 0, 0, 0, 0, 0, 1]
Commvector Blue Agent 2 Message: [0, 0, 0, 0, 0, 0, 0, 1]
Commvector Blue Agent 3 Message: [0, 0, 0, 0, 0, 0, 0, 1]

 Suspicious Activity Detected: None",Analyse,host:office_network_subnet_user_host_1,"The previous analysis action is still in progress, indicating ongoing monitoring for potential threats."
"# OBSERVATION

Mission Phase: 2
Last Action : AllowTrafficZone subnet:public_access_zone
Last Action Status: FALSE
Communication Vectors: 
Commvector Blue Agent 0 Message: [0, 0, 0, 0, 0, 0, 0, 0]
Commvector Blue Agent 1 Message: [0, 0, 0, 0, 0, 0, 0, 0]
Commvector Blue Agent 2 Message: [0, 0, 0, 0, 0, 0, 0, 0]
Commvector Blue Agent 3 Message: [0, 0, 0, 0, 0, 0, 0, 0]

Suspicious Activity Detected:
- Hostname: office_network_subnet_user_host_1 | WARNING: Suspicious process detected",Analyse,host:office_network_subnet_user_host_1,"Suspicious process detected on the host, indicating potential red activity."
"# OBSERVATION

Mission Phase: 2
Last Action : AllowTrafficZone subnet:public_access_zone
Last Action Status: FALSE
Communication Vectors: 
Commvector Blue Agent 0 Message: [0, 0, 0, 0, 0, 0, 0, 0]
Commvector Blue Agent 1 Message: [0, 0, 0, 0, 0, 0, 0, 0]
Commvector Blue Agent 2 Message: [0, 0, 0, 0, 0, 0, 0, 1]
Commvector Blue Agent 3 Message: [0, 0, 0, 0, 0, 0, 0, 0]

 Suspicious Activity Detected: None",AllowTrafficZone,subnet:public_access_zone,"The zone is currently in a desired state, but continuing to monitor is essential for future adjustments."
"# OBSERVATION

Mission Phase: 2
Last Action : Analyse host:office_network_subnet_user_host_3
Last Action Status: IN_PROGRESS
Communication Vectors: 
Commvector Blue Agent 0 Message: [0, 0, 0, 0, 0, 0, 0, 0]
Commvector Blue Agent 1 Message: [0, 0, 0, 0, 0, 0, 0, 0]
Commvector Blue Agent 2 Message: [0, 0, 0, 0, 0, 0, 0, 0]
Commvector Blue Agent 3 Message: [0, 0, 0, 0, 0, 0, 0, 1]

 Suspicious Activity Detected: None",AllowTrafficZone,subnet:public_access_zone,No suspicious activity detected and maintaining connectivity is crucial in mission phase.
"# OBSERVATION

Mission Phase: 2
Last Action : Analyse host:office_network_subnet_user_host_3
Last Action Status: IN_PROGRESS
Communication Vectors: 
Commvector Blue Agent 0 Message: [0, 0, 0, 0, 0, 0, 0, 0]
Commvector Blue Agent 1 Message: [0, 0, 0, 0, 0, 0, 0, 0]
Commvector Blue Agent 2 Message: [0, 0, 0, 0, 0, 0, 0, 0]
Commvector Blue Agent 3 Message: [0, 0, 0, 0, 0, 0, 0, 0]

 Suspicious Activity Detected: None",Analyse,host:office_network_subnet_user_host_3,The previous analysis action is still in progress to determine potential suspicious activities.
"# OBSERVATION

Mission Phase: 2
Last Action : Analyse host:office_network_subnet_user_host_3
Last Action Status: IN_PROGRESS
Communication Vectors: 
Commvector Blue Agent 0 Message: [0, 0, 0, 0, 0, 0, 0, 0]
Commvector Blue Agent 1 Message: [0, 0, 0, 0, 0, 0, 0, 1]
Commvector Blue Agent 2 Message: [0, 0, 0, 0, 0, 0, 0, 1]
Commvector Blue Agent 3 Message: [0, 0, 0, 0, 0, 0, 0, 0]

 Suspicious Activity Detected: None",Analyse,host:office_network_subnet_user_host_3,"Last action is in progress, further analysis may provide additional insights."
"# OBSERVATION

Mission Phase: 2
Last Action : Analyse host:office_network_subnet_user_host_3
Last Action Status: IN_PROGRESS
Communication Vectors: 
Commvector Blue Agent 0 Message: [0, 0, 0, 0, 0, 0, 0, 0]
Commvector Blue Agent 1 Message: [0, 0, 0, 0, 0, 0, 0, 0]
Commvector Blue Agent 2 Message: [0, 0, 0, 0, 0, 0, 0, 1]
Commvector Blue Agent 3 Message: [0, 0, 0, 0, 0, 0, 0, 0]

 Suspicious Activity Detected: None",Analyse,host:office_network_subnet_user_host_3,Last analysis action is still in progress; further monitoring is needed.
"# OBSERVATION

Mission Phase: 2
Last Action : Analyse host:admin_network_subnet_server_host_0
Last Action Status: IN_PROGRESS
Communication Vectors: 
Commvector Blue Agent 0 Message: [0, 0, 0, 0, 0, 0, 0, 0]
Commvector Blue Agent 1 Message: [0, 0, 0, 0, 0, 0, 0, 0]
Commvector Blue Agent 2 Message: [0, 0, 0, 0, 0, 0, 0, 0]
Commvector Blue Agent 3 Message: [0, 0, 0, 0, 0, 0, 0, 0]

Suspicious Activity Detected:
- Hostname: office_network_subnet_user_host_3 | IP: 10.0.79.84",Analyse,host:office_network_subnet_user_host_3,"Suspicious activity detected on this host, requiring further investigation."
"# OBSERVATION

Mission Phase: 2
Last Action : Analyse host:admin_network_subnet_server_host_0
Last Action Status: IN_PROGRESS
Communication Vectors: 
Commvector Blue Agent 0 Message: [0, 0, 0, 0, 0, 0, 0, 0]
Commvector Blue Agent 1 Message: [0, 0, 0, 0, 0, 0, 0, 1]
Commvector Blue Agent 2 Message: [0, 0, 0, 0, 0, 0, 0, 1]
Commvector Blue Agent 3 Message: [0, 0, 0, 0, 0, 0, 0, 0]

 Suspicious Activity Detected: None",Analyse,host:admin_network_subnet_server_host_0,"The last action is in progress, and further analysis is necessary to confirm the status of the host."
"# OBSERVATION

Mission Phase: 2
Last Action : BlockTrafficZone subnet:public_access_zone
Last Action Status: FALSE
Communication Vectors: 
Commvector Blue Agent 0 Message: [0, 0, 0, 0, 0, 0, 0, 0]
Commvector Blue Agent 1 Message: [0, 0, 0, 0, 0, 0, 0, 0]
Commvector Blue Agent 2 Message: [0, 0, 0, 0, 0, 0, 0, 0]
Commvector Blue Agent 3 Message: [0, 0, 0, 0, 0, 0, 0, 0]

Suspicious Activity Detected:
- Hostname: admin_network_subnet_server_host_0 | IP: 10.0.60.114 | INFO: Connection to 10.0.34.254 | INFO: Connection to 10.0.34.254",Analyse,host:admin_network_subnet_server_host_0,"Suspicious connection detected, needing further investigation to determine if red activity is present."
"# OBSERVATION

Mission Phase: 2
Last Action : AllowTrafficZone subnet:public_access_zone
Last Action Status: FALSE
Communication Vectors: 
Commvector Blue Agent 0 Message: [0, 0, 0, 0, 0, 0, 0, 0]
Commvector Blue Agent 1 Message: [0, 0, 0, 0, 0, 0, 0, 0]
Commvector Blue Agent 2 Message: [0, 0, 0, 0, 0, 0, 0, 1]
Commvector Blue Agent 3 Message: [0, 0, 0, 0, 0, 0, 0, 1]

 Suspicious Activity Detected: None",BlockTrafficZone,subnet:public_access_zone,"The last action to allow traffic was unsuccessful, indicating a need to control access to the zone."
"# OBSERVATION

Mission Phase: 2
Last Action : AllowTrafficZone subnet:public_access_zone
Last Action Status: FALSE
Communication Vectors: 
Commvector Blue Agent 0 Message: [0, 0, 0, 0, 0, 0, 0, 0]
Commvector Blue Agent 1 Message: [0, 0, 0, 0, 0, 0, 0, 0]
Commvector Blue Agent 2 Message: [0, 0, 0, 0, 0, 0, 0, 1]
Commvector Blue Agent 3 Message: [0, 0, 0, 0, 0, 0, 0, 0]

 Suspicious Activity Detected: None",AllowTrafficZone,subnet:public_access_zone,"Zone is currently blocked, and allowing traffic is necessary for network functionality."
"# OBSERVATION

Mission Phase: 2
Last Action : AllowTrafficZone subnet:public_access_zone
Last Action Status: FALSE
Communication Vectors: 
Commvector Blue Agent 0 Message: [0, 0, 0, 0, 0, 0, 0, 0]
Commvector Blue Agent 1 Message: [0, 0, 0, 0, 0, 0, 0, 0]
Commvector Blue Agent 2 Message: [0, 0, 0, 0, 0, 0, 0, 0]
Commvector Blue Agent 3 Message: [0, 0, 0, 0, 0, 0, 0, 0]

 Suspicious Activity Detected: None",AllowTrafficZone,subnet:public_access_zone,"The zone is currently blocked, and we need to enable connectivity."
"# OBSERVATION

Mission Phase: 2
Last Action : AllowTrafficZone subnet:public_access_zone
Last Action Status: FALSE
Communication Vectors: 
Commvector Blue Agent 0 Message: [0, 0, 0, 0, 0, 0, 0, 0]
Commvector Blue Agent 1 Message: [0, 0, 0, 0, 0, 0, 0, 0]
Commvector Blue Agent 2 Message: [0, 0, 0, 0, 0, 0, 0, 1]
Commvector Blue Agent 3 Message: [0, 0, 0, 0, 0, 0, 0, 1]

 Suspicious Activity Detected: None",AllowTrafficZone,subnet:public_access_zone,"The action was unsuccessful, indicating the zone is still blocked and needs to be allowed for connectivity."
"# OBSERVATION

Mission Phase: 2
Last Action : AllowTrafficZone subnet:public_access_zone
Last Action Status: FALSE
Communication Vectors: 
Commvector Blue Agent 0 Message: [0, 0, 0, 0, 0, 0, 0, 0]
Commvector Blue Agent 1 Message: [0, 0, 0, 0, 0, 0, 0, 0]
Commvector Blue Agent 2 Message: [0, 0, 0, 0, 0, 0, 0, 0]
Commvector Blue Agent 3 Message: [0, 0, 0, 0, 0, 0, 0, 0]

 Suspicious Activity Detected: None",AllowTrafficZone,subnet:public_access_zone,The zone is currently blocked and we need to ensure connectivity during Mission Phase 2.
"# OBSERVATION

Mission Phase: 2
Last Action : BlockTrafficZone subnet:public_access_zone
Last Action Status: FALSE
Communication Vectors: 
Commvector Blue Agent 0 Message: [0, 0, 0, 0, 0, 0, 0, 0]
Commvector Blue Agent 1 Message: [0, 0, 0, 0, 0, 0, 0, 0]
Commvector Blue Agent 2 Message: [0, 0, 0, 0, 0, 0, 0, 1]
Commvector Blue Agent 3 Message: [0, 0, 0, 0, 0, 0, 0, 0]

 Suspicious Activity Detected: None",AllowTrafficZone,subnet:public_access_zone,"The attempt to block traffic was unsuccessful, indicating the zone may still be active for communication."
"# OBSERVATION

Mission Phase: 2
Last Action : BlockTrafficZone subnet:public_access_zone
Last Action Status: FALSE
Communication Vectors: 
Commvector Blue Agent 0 Message: [0, 0, 0, 0, 0, 0, 0, 0]
Commvector Blue Agent 1 Message: [0, 0, 0, 0, 0, 0, 0, 0]
Commvector Blue Agent 2 Message: [0, 0, 0, 0, 0, 0, 0, 0]
Commvector Blue Agent 3 Message: [0, 0, 0, 0, 0, 0, 0, 0]

 Suspicious Activity Detected: None",BlockTrafficZone,subnet:public_access_zone,Ensuring the public access zone remains secure during mission phase 2.
"# OBSERVATION

Mission Phase: 2
Last Action : BlockTrafficZone subnet:public_access_zone
Last Action Status: FALSE
Communication Vectors: 
Commvector Blue Agent 0 Message: [0, 0, 0, 0, 0, 0, 0, 0]
Commvector Blue Agent 1 Message: [0, 0, 0, 0, 0, 0, 0, 0]
Commvector Blue Agent 2 Message: [0, 0, 0, 0, 0, 0, 0, 1]
Commvector Blue Agent 3 Message: [0, 0, 0, 0, 0, 0, 0, 1]

 Suspicious Activity Detected: None",BlockTrafficZone,subnet:public_access_zone,"Action was unsuccessful, indicating the zone is still accessible, which may expose it to potential threats."
"# OBSERVATION

Mission Phase: 2
Last Action : AllowTrafficZone subnet:public_access_zone
Last Action Status: FALSE
Communication Vectors: 
Commvector Blue Agent 0 Message: [0, 0, 0, 0, 0, 0, 0, 0]
Commvector Blue Agent 1 Message: [0, 0, 0, 0, 0, 0, 0, 0]
Commvector Blue Agent 2 Message: [0, 0, 0, 0, 0, 0, 0, 0]
Commvector Blue Agent 3 Message: [0, 0, 0, 0, 0, 0, 0, 0]

 Suspicious Activity Detected: None",BlockTrafficZone,subnet:public_access_zone,Current phase indicates a need to restrict traffic to maintain security.
"# OBSERVATION

Mission Phase: 2
Last Action : AllowTrafficZone subnet:public_access_zone
Last Action Status: FALSE
Communication Vectors: 
Commvector Blue Agent 0 Message: [0, 0, 0, 0, 0, 0, 0, 0]
Commvector Blue Agent 1 Message: [0, 0, 0, 0, 0, 0, 0, 0]
Commvector Blue Agent 2 Message: [0, 0, 0, 0, 0, 0, 0, 1]
Commvector Blue Agent 3 Message: [0, 0, 0, 0, 0, 0, 0, 0]

 Suspicious Activity Detected: None",AllowTrafficZone,subnet:public_access_zone,"The zone was already in the desired state, indicating no current threats or issues."
"# OBSERVATION

Mission Phase: 2
Last Action : AllowTrafficZone subnet:public_access_zone
Last Action Status: FALSE
Communication Vectors: 
Commvector Blue Agent 0 Message: [0, 0, 0, 0, 0, 0, 0, 0]
Commvector Blue Agent 1 Message: [0, 0, 0, 0, 0, 0, 0, 1]
Commvector Blue Agent 2 Message: [0, 0, 0, 0, 0, 0, 0, 0]
Commvector Blue Agent 3 Message: [0, 0, 0, 0, 0, 0, 0, 1]

 Suspicious Activity Detected: None",AllowTrafficZone,subnet:public_access_zone,"The last action to allow traffic was unsuccessful, indicating a need to reattempt allowing connectivity."
"# OBSERVATION

Mission Phase: 2
Last Action : Analyse host:public_access_zone_subnet_user_host_2
Last Action Status: IN_PROGRESS
Communication Vectors: 
Commvector Blue Agent 0 Message: [0, 0, 0, 0, 0, 0, 0, 0]
Commvector Blue Agent 1 Message: [0, 0, 0, 0, 0, 0, 0, 0]
Commvector Blue Agent 2 Message: [0, 0, 0, 0, 0, 0, 0, 1]
Commvector Blue Agent 3 Message: [0, 0, 0, 0, 0, 0, 0, 0]

 Suspicious Activity Detected: None",AllowTrafficZone,subnet:public_access_zone,No suspicious activity detected; maintaining standard connectivity is important.
"# OBSERVATION

Mission Phase: 2
Last Action : AllowTrafficZone subnet:admin_network
Last Action Status: FALSE
Communication Vectors: 
Commvector Blue Agent 0 Message: [0, 0, 0, 0, 0, 0, 0, 0]
Commvector Blue Agent 1 Message: [0, 0, 0, 0, 0, 0, 0, 0]
Commvector Blue Agent 2 Message: [0, 0, 0, 0, 0, 0, 0, 0]
Commvector Blue Agent 3 Message: [0, 0, 0, 0, 0, 0, 0, 0]

Suspicious Activity Detected:
- Hostname: public_access_zone_subnet_user_host_2 | IP: 10.0.175.9 | INFO: Connection to 10.0.175.9 | INFO: Connection to 10.0.175.9 | INFO: Connection to 10.0.175.9 | INFO: Connection to 10.0.175.9 | INFO: Connection to 10.0.175.9 | INFO: Connection to 10.0.175.9 | INFO: Connection to 10.0.175.9 | INFO: Connection to 10.0.175.9 | INFO: Connection to 10.0.175.9 | INFO: Connection to 10.0.175.9 | INFO: Connection to 10.0.175.9 | INFO: Connection to 10.0.175.9 | INFO: Connection to 10.0.175.9 | INFO: Connection to 10.0.175.9 | INFO: Connection to 10.0.175.9 | INFO: Connection to 10.0.175.9 | INFO: Connection to 10.0.175.9 | INFO: Connection to 10.0.175.9 | INFO: Connection to 10.0.175.9 | INFO: Connection to 10.0.175.9 | INFO: Connection to 10.0.175.9 | INFO: Connection to 10.0.175.9 | WARNING: Suspicious process detected",Analyse,host:public_access_zone_subnet_user_host_2,Host shows suspicious connections and processes which need further investigation.
"# OBSERVATION

Mission Phase: 2
Last Action : AllowTrafficZone subnet:admin_network
Last Action Status: TRUE
Communication Vectors: 
Commvector Blue Agent 0 Message: [0, 0, 0, 0, 0, 0, 0, 0]
Commvector Blue Agent 1 Message: [0, 0, 0, 0, 0, 0, 0, 0]
Commvector Blue Agent 2 Message: [0, 0, 0, 0, 0, 0, 0, 1]
Commvector Blue Agent 3 Message: [0, 0, 0, 0, 0, 0, 0, 0]

 Suspicious Activity Detected: None",AllowTrafficZone,subnet:admin_network,The action was successful and the traffic to/from the admin network is now allowed.
"# OBSERVATION

Mission Phase: 2
Last Action : Remove host:admin_network_subnet_server_host_3
Last Action Status: IN_PROGRESS
Communication Vectors: 
Commvector Blue Agent 0 Message: [0, 0, 0, 0, 0, 0, 0, 0]
Commvector Blue Agent 1 Message: [0, 0, 0, 0, 0, 0, 0, 0]
Commvector Blue Agent 2 Message: [0, 0, 0, 0, 0, 0, 0, 0]
Commvector Blue Agent 3 Message: [0, 0, 0, 0, 0, 0, 0, 1]

 Suspicious Activity Detected: None",AllowTrafficZone,subnet:admin_network,The current mission phase allows for increased connectivity and there are no detected threats.
"# OBSERVATION

Mission Phase: 2
Last Action : Analyse host:admin_network_subnet_server_host_3
Last Action Status: IN_PROGRESS
Communication Vectors: 
Commvector Blue Agent 0 Message: [1, 0, 0, 0, 0, 1, 0, 0]
Commvector Blue Agent 1 Message: [0, 0, 0, 0, 0, 0, 0, 0]
Commvector Blue Agent 2 Message: [0, 0, 0, 0, 0, 0, 0, 0]
Commvector Blue Agent 3 Message: [0, 0, 0, 0, 0, 0, 0, 0]

 Suspicious Activity Detected: None",Remove,host:admin_network_subnet_server_host_3,Host in admin network has been compromised as indicated by the malicious activity detected.
"# OBSERVATION

Mission Phase: 2
Last Action : Analyse host:admin_network_subnet_server_host_3
Last Action Status: IN_PROGRESS
Communication Vectors: 
Commvector Blue Agent 0 Message: [0, 0, 0, 0, 0, 0, 0, 0]
Commvector Blue Agent 1 Message: [0, 0, 0, 0, 0, 0, 0, 1]
Commvector Blue Agent 2 Message: [0, 0, 0, 0, 0, 0, 0, 1]
Commvector Blue Agent 3 Message: [0, 0, 0, 0, 0, 0, 0, 0]

 Suspicious Activity Detected: None",Analyse,host:admin_network_subnet_server_host_3,Continuing the analysis of the host to determine the presence of potential red agents.
"# OBSERVATION

Mission Phase: 2
Last Action : Analyse host:admin_network_subnet_server_host_3
Last Action Status: IN_PROGRESS
Communication Vectors: 
Commvector Blue Agent 0 Message: [0, 0, 0, 0, 0, 0, 0, 0]
Commvector Blue Agent 1 Message: [0, 0, 0, 0, 0, 0, 0, 0]
Commvector Blue Agent 2 Message: [0, 0, 0, 0, 0, 0, 0, 0]
Commvector Blue Agent 3 Message: [0, 0, 0, 0, 0, 0, 0, 1]

 Suspicious Activity Detected: None",Analyse,host:admin_network_subnet_server_host_3,The ongoing analysis is crucial to determine if any red agents are present on the system.
"# OBSERVATION

Mission Phase: 2
Last Action : Analyse host:admin_network_subnet_server_host_3
Last Action Status: IN_PROGRESS
Communication Vectors: 
Commvector Blue Agent 0 Message: [0, 0, 0, 0, 0, 0, 0, 0]
Commvector Blue Agent 1 Message: [0, 0, 0, 0, 0, 0, 0, 0]
Commvector Blue Agent 2 Message: [0, 0, 0, 0, 0, 0, 0, 1]
Commvector Blue Agent 3 Message: [0, 0, 0, 0, 0, 0, 0, 0]

 Suspicious Activity Detected: None",Analyse,host:admin_network_subnet_server_host_3,Continuing the analysis of the host as the previous action is still in progress and no suspicious activity is detected.
"# OBSERVATION

Mission Phase: 2
Last Action : Analyse host:admin_network_subnet_server_host_3
Last Action Status: IN_PROGRESS
Communication Vectors: 
Commvector Blue Agent 0 Message: [0, 0, 0, 0, 0, 0, 0, 0]
Commvector Blue Agent 1 Message: [0, 0, 0, 0, 0, 0, 0, 0]
Commvector Blue Agent 2 Message: [0, 0, 0, 0, 0, 0, 0, 0]
Commvector Blue Agent 3 Message: [0, 0, 0, 0, 0, 0, 0, 0]

 Suspicious Activity Detected: None",Analyse,host:admin_network_subnet_server_host_3,"The previous analysis action is still in progress, indicating ongoing monitoring needs."
"# OBSERVATION

Mission Phase: 2
Last Action : Analyse host:admin_network_subnet_server_host_3
Last Action Status: IN_PROGRESS
Communication Vectors: 
Commvector Blue Agent 0 Message: [0, 0, 0, 0, 0, 0, 0, 1]
Commvector Blue Agent 1 Message: [0, 0, 0, 0, 0, 0, 0, 0]
Commvector Blue Agent 2 Message: [0, 0, 0, 0, 0, 0, 0, 1]
Commvector Blue Agent 3 Message: [0, 0, 0, 0, 0, 0, 0, 0]

 Suspicious Activity Detected: None",Analyse,host:admin_network_subnet_server_host_3,"The analysis is currently in progress, and it is important to complete this action to determine if there are any threats."
"# OBSERVATION

Mission Phase: 2
Last Action : Analyse host:admin_network_subnet_server_host_3
Last Action Status: IN_PROGRESS
Communication Vectors: 
Commvector Blue Agent 0 Message: [0, 0, 0, 0, 0, 0, 0, 0]
Commvector Blue Agent 1 Message: [0, 0, 0, 0, 0, 0, 0, 0]
Commvector Blue Agent 2 Message: [0, 0, 0, 0, 0, 0, 0, 0]
Commvector Blue Agent 3 Message: [0, 0, 0, 0, 0, 0, 0, 0]

 Suspicious Activity Detected: None",Analyse,host:admin_network_subnet_server_host_3,"The previous analysis is still in progress, and no further action is required at this moment."
"# OBSERVATION

Mission Phase: 2
Last Action : Analyse host:admin_network_subnet_server_host_3
Last Action Status: IN_PROGRESS
Communication Vectors: 
Commvector Blue Agent 0 Message: [0, 0, 0, 0, 0, 0, 0, 0]
Commvector Blue Agent 1 Message: [0, 0, 0, 0, 0, 0, 0, 0]
Commvector Blue Agent 2 Message: [0, 0, 0, 0, 0, 0, 0, 0]
Commvector Blue Agent 3 Message: [0, 0, 0, 0, 0, 0, 0, 0]

 Suspicious Activity Detected: None",Analyse,host:admin_network_subnet_server_host_3,Continuing analysis of the host as the last action is still in progress.
"# OBSERVATION

Mission Phase: 2
Last Action : BlockTrafficZone subnet:public_access_zone
Last Action Status: FALSE
Communication Vectors: 
Commvector Blue Agent 0 Message: [0, 0, 0, 0, 0, 0, 0, 0]
Commvector Blue Agent 1 Message: [0, 0, 0, 0, 0, 0, 0, 0]
Commvector Blue Agent 2 Message: [0, 0, 0, 0, 0, 0, 0, 1]
Commvector Blue Agent 3 Message: [0, 0, 0, 0, 0, 0, 0, 1]

Suspicious Activity Detected:
- Hostname: admin_network_subnet_server_host_3 | IP: 10.0.60.180 | INFO: Connection to 10.0.34.251 | INFO: Connection to 10.0.34.251",Analyse,host:admin_network_subnet_server_host_3,"Suspicious connections detected on the host, requiring further investigation."
"# OBSERVATION

Mission Phase: 2
Last Action : AllowTrafficZone subnet:public_access_zone
Last Action Status: FALSE
Communication Vectors: 
Commvector Blue Agent 0 Message: [0, 0, 0, 0, 0, 0, 0, 0]
Commvector Blue Agent 1 Message: [0, 0, 0, 0, 0, 0, 0, 1]
Commvector Blue Agent 2 Message: [0, 0, 0, 0, 0, 0, 0, 0]
Commvector Blue Agent 3 Message: [0, 0, 0, 0, 0, 0, 0, 0]

 Suspicious Activity Detected: None",BlockTrafficZone,subnet:public_access_zone,"Zone had a failed action to allow traffic, indicating it may need to be blocked to prevent potential threats."
"# OBSERVATION

Mission Phase: 2
Last Action : BlockTrafficZone subnet:public_access_zone
Last Action Status: FALSE
Communication Vectors: 
Commvector Blue Agent 0 Message: [0, 0, 0, 0, 0, 0, 0, 0]
Commvector Blue Agent 1 Message: [0, 0, 0, 0, 0, 0, 0, 0]
Commvector Blue Agent 2 Message: [0, 0, 0, 0, 0, 0, 0, 1]
Commvector Blue Agent 3 Message: [0, 0, 0, 0, 0, 0, 0, 0]

 Suspicious Activity Detected: None",AllowTrafficZone,subnet:public_access_zone,"The last action to block traffic was unsuccessful, indicating the zone is not already blocked."
"# OBSERVATION

Mission Phase: 2
Last Action : AllowTrafficZone subnet:public_access_zone
Last Action Status: FALSE
Communication Vectors: 
Commvector Blue Agent 0 Message: [0, 0, 0, 0, 0, 0, 0, 0]
Commvector Blue Agent 1 Message: [0, 0, 0, 0, 0, 0, 0, 1]
Commvector Blue Agent 2 Message: [0, 0, 0, 0, 0, 0, 0, 0]
Commvector Blue Agent 3 Message: [0, 0, 0, 0, 0, 0, 0, 0]

 Suspicious Activity Detected: None",BlockTrafficZone,subnet:public_access_zone,To enforce security in the mission phase and prevent any potential unauthorized access.
"# OBSERVATION

Mission Phase: 2
Last Action : AllowTrafficZone subnet:public_access_zone
Last Action Status: FALSE
Communication Vectors: 
Commvector Blue Agent 0 Message: [0, 0, 0, 0, 0, 0, 0, 0]
Commvector Blue Agent 1 Message: [0, 0, 0, 0, 0, 0, 0, 0]
Commvector Blue Agent 2 Message: [0, 0, 0, 0, 0, 0, 0, 1]
Commvector Blue Agent 3 Message: [0, 0, 0, 0, 0, 0, 0, 0]

 Suspicious Activity Detected: None",AllowTrafficZone,subnet:public_access_zone,Necessary to ensure connectivity and functionality in the current mission phase.
"# OBSERVATION

Mission Phase: 2
Last Action : Analyse host:office_network_subnet_server_host_0
Last Action Status: IN_PROGRESS
Communication Vectors: 
Commvector Blue Agent 0 Message: [0, 0, 0, 0, 0, 0, 0, 0]
Commvector Blue Agent 1 Message: [0, 0, 0, 0, 0, 0, 0, 0]
Commvector Blue Agent 2 Message: [0, 0, 0, 0, 0, 0, 0, 0]
Commvector Blue Agent 3 Message: [0, 0, 0, 0, 0, 0, 0, 1]

 Suspicious Activity Detected: None",AllowTrafficZone,subnet:public_access_zone,This action may help ensure connectivity to the public access zone as the last action is in progress and no suspicious activity has been detected.
"# OBSERVATION

Mission Phase: 2
Last Action : AllowTrafficZone subnet:admin_network
Last Action Status: FALSE
Communication Vectors: 
Commvector Blue Agent 0 Message: [0, 0, 0, 0, 0, 0, 0, 0]
Commvector Blue Agent 1 Message: [0, 0, 0, 0, 0, 0, 0, 0]
Commvector Blue Agent 2 Message: [0, 0, 0, 0, 0, 0, 0, 1]
Commvector Blue Agent 3 Message: [0, 0, 0, 0, 0, 0, 0, 0]

Suspicious Activity Detected:
- Hostname: office_network_subnet_server_host_0 | IP: 10.0.60.207 | INFO: Connection to 10.0.79.254 | INFO: Connection to 10.0.79.254",Analyse,host:office_network_subnet_server_host_0,"Suspicious connections have been detected on this host, indicating potential red activity."
"# OBSERVATION

Mission Phase: 2
Last Action : BlockTrafficZone subnet:admin_network
Last Action Status: FALSE
Communication Vectors: 
Commvector Blue Agent 0 Message: [0, 0, 0, 0, 0, 0, 0, 0]
Commvector Blue Agent 1 Message: [0, 0, 0, 0, 0, 0, 0, 1]
Commvector Blue Agent 2 Message: [0, 0, 0, 0, 0, 0, 0, 0]
Commvector Blue Agent 3 Message: [0, 0, 0, 0, 0, 0, 0, 0]

 Suspicious Activity Detected: None",AllowTrafficZone,subnet:admin_network,"The last action to block traffic was unsuccessful, indicating that the zone may already be in a blocked state and needs to be allowed for mission operations."
"# OBSERVATION

Mission Phase: 2
Last Action : AllowTrafficZone subnet:admin_network
Last Action Status: FALSE
Communication Vectors: 
Commvector Blue Agent 0 Message: [0, 0, 0, 0, 0, 0, 0, 0]
Commvector Blue Agent 1 Message: [0, 0, 0, 0, 0, 0, 0, 0]
Commvector Blue Agent 2 Message: [0, 0, 0, 0, 0, 0, 0, 1]
Commvector Blue Agent 3 Message: [0, 0, 0, 0, 0, 0, 0, 1]

 Suspicious Activity Detected: None",BlockTrafficZone,subnet:admin_network,"The last action to allow traffic was unsuccessful, indicating potential issues that need to be addressed."
"# OBSERVATION

Mission Phase: 2
Last Action : AllowTrafficZone subnet:admin_network
Last Action Status: FALSE
Communication Vectors: 
Commvector Blue Agent 0 Message: [0, 0, 0, 0, 0, 0, 0, 0]
Commvector Blue Agent 1 Message: [0, 0, 0, 0, 0, 0, 0, 0]
Commvector Blue Agent 2 Message: [0, 0, 0, 0, 0, 0, 0, 0]
Commvector Blue Agent 3 Message: [0, 0, 0, 0, 0, 0, 0, 0]

 Suspicious Activity Detected: None",AllowTrafficZone,subnet:admin_network,The action is to allow traffic to a zone that is currently blocked and there is no suspicious activity detected.
"# OBSERVATION

Mission Phase: 2
Last Action : AllowTrafficZone subnet:admin_network
Last Action Status: FALSE
Communication Vectors: 
Commvector Blue Agent 0 Message: [0, 0, 0, 0, 0, 0, 0, 0]
Commvector Blue Agent 1 Message: [0, 0, 0, 0, 0, 0, 0, 0]
Commvector Blue Agent 2 Message: [0, 0, 0, 0, 0, 0, 0, 1]
Commvector Blue Agent 3 Message: [0, 0, 0, 0, 0, 0, 0, 0]

 Suspicious Activity Detected: None",AllowTrafficZone,subnet:admin_network,"Previous attempt to allow traffic was unsuccessful, indicating the zone may still be blocked."
"# OBSERVATION

Mission Phase: 2
Last Action : BlockTrafficZone subnet:admin_network
Last Action Status: FALSE
Communication Vectors: 
Commvector Blue Agent 0 Message: [0, 0, 0, 0, 0, 0, 0, 0]
Commvector Blue Agent 1 Message: [0, 0, 0, 0, 0, 0, 0, 0]
Commvector Blue Agent 2 Message: [0, 0, 0, 0, 0, 0, 0, 0]
Commvector Blue Agent 3 Message: [0, 0, 0, 0, 0, 0, 0, 0]

 Suspicious Activity Detected: None",AllowTrafficZone,subnet:admin_network,The admin network is blocked but requires connectivity for operations.
"# OBSERVATION

Mission Phase: 2
Last Action : AllowTrafficZone subnet:admin_network
Last Action Status: FALSE
Communication Vectors: 
Commvector Blue Agent 0 Message: [0, 0, 0, 0, 0, 0, 0, 0]
Commvector Blue Agent 1 Message: [0, 0, 0, 0, 0, 0, 0, 0]
Commvector Blue Agent 2 Message: [0, 0, 0, 0, 0, 0, 0, 1]
Commvector Blue Agent 3 Message: [0, 0, 0, 0, 0, 0, 0, 0]

 Suspicious Activity Detected: None",BlockTrafficZone,subnet:admin_network,"The last action to allow traffic in the admin network was unsuccessful, indicating that the zone is currently in the desired state, thus blocking traffic will enhance security."
"# OBSERVATION

Mission Phase: 2
Last Action : Remove host:admin_network_subnet_user_host_2
Last Action Status: TRUE
Communication Vectors: 
Commvector Blue Agent 0 Message: [0, 0, 0, 0, 0, 0, 0, 0]
Commvector Blue Agent 1 Message: [0, 0, 0, 0, 0, 0, 0, 0]
Commvector Blue Agent 2 Message: [0, 0, 0, 0, 0, 0, 0, 0]
Commvector Blue Agent 3 Message: [0, 0, 0, 0, 0, 0, 0, 0]

 Suspicious Activity Detected: None",AllowTrafficZone,subnet:admin_network,"There is no suspicious activity detected, and it is important to ensure connectivity in the admin network."
"# OBSERVATION

Mission Phase: 2
Last Action : Remove host:admin_network_subnet_user_host_2
Last Action Status: IN_PROGRESS
Communication Vectors: 
Commvector Blue Agent 0 Message: [0, 0, 0, 0, 0, 0, 0, 1]
Commvector Blue Agent 1 Message: [0, 0, 0, 0, 0, 0, 0, 1]
Commvector Blue Agent 2 Message: [0, 0, 1, 0, 0, 1, 0, 0]
Commvector Blue Agent 3 Message: [0, 0, 0, 0, 0, 0, 0, 0]

 Suspicious Activity Detected: None",Remove,host:admin_network_subnet_user_host_2,"The previous removal action is still in progress, ensuring that the threat is being addressed."
"# OBSERVATION

Mission Phase: 2
Last Action : Analyse host:public_access_zone
Last Action Status: FALSE
Communication Vectors: 
Commvector Blue Agent 0 Message: [0, 0, 0, 0, 0, 0, 0, 0]
Commvector Blue Agent 1 Message: [0, 0, 0, 0, 0, 0, 0, 0]
Commvector Blue Agent 2 Message: [0, 0, 0, 0, 0, 0, 0, 1]
Commvector Blue Agent 3 Message: [0, 0, 0, 0, 0, 0, 0, 0]

Suspicious Activity Detected:
- Hostname: admin_network_subnet_user_host_2 | IP: 10.0.34.110",Remove,host:admin_network_subnet_user_host_2,"Red agent has been detected, indicating a user-level compromise."
"# OBSERVATION

Mission Phase: 2
Last Action : Analyse host:public_access_zone
Last Action Status: FALSE
Communication Vectors: 
Commvector Blue Agent 0 Message: [0, 0, 0, 0, 0, 0, 0, 0]
Commvector Blue Agent 1 Message: [0, 0, 0, 0, 0, 0, 0, 0]
Commvector Blue Agent 2 Message: [0, 0, 0, 0, 0, 0, 0, 1]
Commvector Blue Agent 3 Message: [0, 0, 0, 0, 0, 0, 0, 0]

 Suspicious Activity Detected: None",Analyse,host:public_access_zone,Previous analysis attempt was unsuccessful; further investigation is necessary to ensure security.
"# OBSERVATION

Mission Phase: 2
Last Action : Analyse host:public_access_zone
Last Action Status: FALSE
Communication Vectors: 
Commvector Blue Agent 0 Message: [0, 0, 0, 0, 0, 0, 0, 1]
Commvector Blue Agent 1 Message: [0, 0, 0, 0, 0, 0, 0, 1]
Commvector Blue Agent 2 Message: [0, 0, 0, 0, 0, 0, 0, 0]
Commvector Blue Agent 3 Message: [0, 0, 0, 0, 0, 0, 0, 1]

 Suspicious Activity Detected: None",Analyse,host:public_access_zone,"Last analysis action was unsuccessful, indicating a need to gather further information."
"# OBSERVATION

Mission Phase: 2
Last Action : Analyse host:public_access_zone
Last Action Status: FALSE
Communication Vectors: 
Commvector Blue Agent 0 Message: [0, 0, 0, 0, 0, 0, 0, 0]
Commvector Blue Agent 1 Message: [0, 0, 0, 0, 0, 0, 0, 0]
Commvector Blue Agent 2 Message: [0, 0, 0, 0, 0, 0, 0, 1]
Commvector Blue Agent 3 Message: [0, 0, 0, 0, 0, 0, 0, 0]

 Suspicious Activity Detected: None",Analyse,host:public_access_zone,"Last analysis action was unsuccessful, and no suspicious activity is detected."
"# OBSERVATION

Mission Phase: 2
Last Action : Analyse host:public_access_zone
Last Action Status: FALSE
Communication Vectors: 
Commvector Blue Agent 0 Message: [0, 0, 0, 0, 0, 0, 0, 0]
Commvector Blue Agent 1 Message: [0, 0, 0, 0, 0, 0, 0, 0]
Commvector Blue Agent 2 Message: [0, 0, 0, 0, 0, 0, 0, 0]
Commvector Blue Agent 3 Message: [0, 0, 0, 0, 0, 0, 0, 1]

 Suspicious Activity Detected: None",Analyse,host:public_access_zone,"Reattempting analysis after the last action was unsuccessful, no suspicious activity detected."
"# OBSERVATION

Mission Phase: 2
Last Action : Analyse host:public_access_zone
Last Action Status: FALSE
Communication Vectors: 
Commvector Blue Agent 0 Message: [0, 0, 0, 0, 0, 0, 0, 0]
Commvector Blue Agent 1 Message: [0, 0, 0, 0, 0, 0, 0, 0]
Commvector Blue Agent 2 Message: [0, 0, 0, 0, 0, 0, 0, 1]
Commvector Blue Agent 3 Message: [0, 0, 0, 0, 0, 0, 0, 0]

 Suspicious Activity Detected: None",Analyse,host:public_access_zone,"The last analysis action was unsuccessful, indicating a need to re-evaluate the host for suspicious activity."
"# OBSERVATION

Mission Phase: 2
Last Action : Analyse host:public_access_zone
Last Action Status: FALSE
Communication Vectors: 
Commvector Blue Agent 0 Message: [0, 0, 0, 0, 0, 0, 0, 0]
Commvector Blue Agent 1 Message: [0, 0, 0, 0, 0, 0, 0, 0]
Commvector Blue Agent 2 Message: [0, 0, 0, 0, 0, 0, 0, 0]
Commvector Blue Agent 3 Message: [0, 0, 0, 0, 0, 0, 0, 1]

 Suspicious Activity Detected: None",Analyse,host:public_access_zone,The last analysis attempt on the host was unsuccessful and further investigation is necessary to ensure no compromise is present.
"# OBSERVATION

Mission Phase: 2
Last Action : Analyse host:public_access_zone
Last Action Status: FALSE
Communication Vectors: 
Commvector Blue Agent 0 Message: [0, 0, 0, 0, 0, 0, 0, 0]
Commvector Blue Agent 1 Message: [0, 0, 0, 0, 0, 0, 0, 1]
Commvector Blue Agent 2 Message: [0, 0, 0, 0, 0, 0, 0, 1]
Commvector Blue Agent 3 Message: [0, 0, 0, 0, 0, 0, 0, 0]

 Suspicious Activity Detected: None",Analyse,host:public_access_zone,"Last analysis action was unsuccessful, indicating potential issues that need further investigation."
"# OBSERVATION

Mission Phase: 2
Last Action : Analyse host:public_access_zone
Last Action Status: FALSE
Communication Vectors: 
Commvector Blue Agent 0 Message: [0, 0, 0, 0, 0, 0, 0, 0]
Commvector Blue Agent 1 Message: [0, 0, 0, 0, 0, 0, 0, 1]
Commvector Blue Agent 2 Message: [0, 0, 0, 0, 0, 0, 0, 0]
Commvector Blue Agent 3 Message: [0, 0, 0, 0, 0, 0, 0, 1]

 Suspicious Activity Detected: None",Analyse,host:public_access_zone,"Last analysis action was unsuccessful, indicating potential issues that need further investigation."
"# OBSERVATION

Mission Phase: 2
Last Action : Analyse host:public_access_zone
Last Action Status: FALSE
Communication Vectors: 
Commvector Blue Agent 0 Message: [0, 0, 0, 0, 0, 0, 0, 0]
Commvector Blue Agent 1 Message: [0, 0, 0, 0, 0, 0, 0, 0]
Commvector Blue Agent 2 Message: [0, 0, 0, 0, 0, 0, 0, 1]
Commvector Blue Agent 3 Message: [0, 0, 0, 0, 0, 0, 0, 0]

 Suspicious Activity Detected: None",Analyse,host:public_access_zone,Re-attempting analysis on the host as the previous action was unsuccessful.
"# OBSERVATION

Mission Phase: 2
Last Action : Analyse host:public_access_zone
Last Action Status: FALSE
Communication Vectors: 
Commvector Blue Agent 0 Message: [0, 0, 0, 0, 0, 0, 0, 0]
Commvector Blue Agent 1 Message: [0, 0, 0, 0, 0, 0, 0, 1]
Commvector Blue Agent 2 Message: [0, 0, 0, 0, 0, 0, 0, 0]
Commvector Blue Agent 3 Message: [0, 0, 0, 0, 0, 0, 0, 1]

 Suspicious Activity Detected: None",Analyse,host:public_access_zone,"Last analysis attempt failed, indicating the need for further investigation in the public access zone."
"# OBSERVATION

Mission Phase: 2
Last Action : Analyse host:public_access_zone
Last Action Status: FALSE
Communication Vectors: 
Commvector Blue Agent 0 Message: [0, 0, 0, 0, 0, 0, 0, 0]
Commvector Blue Agent 1 Message: [0, 0, 0, 0, 0, 0, 0, 0]
Commvector Blue Agent 2 Message: [0, 0, 0, 0, 0, 0, 0, 1]
Commvector Blue Agent 3 Message: [0, 0, 0, 0, 0, 0, 0, 0]

 Suspicious Activity Detected: None",Analyse,host:public_access_zone,"Last analysis action was unsuccessful, indicating a need for further investigation."
"# OBSERVATION

Mission Phase: 2
Last Action : Analyse host:public_access_zone
Last Action Status: FALSE
Communication Vectors: 
Commvector Blue Agent 0 Message: [0, 0, 0, 0, 0, 0, 0, 0]
Commvector Blue Agent 1 Message: [0, 0, 0, 0, 0, 0, 0, 0]
Commvector Blue Agent 2 Message: [0, 0, 0, 0, 0, 0, 0, 0]
Commvector Blue Agent 3 Message: [0, 0, 0, 0, 0, 0, 0, 0]

 Suspicious Activity Detected: None",Analyse,host:public_access_zone,"Last analysis attempt was unsuccessful, indicating a need to re-evaluate the host for any suspicious activity."
"# OBSERVATION

Mission Phase: 2
Last Action : Analyse host:public_access_zone
Last Action Status: FALSE
Communication Vectors: 
Commvector Blue Agent 0 Message: [0, 0, 0, 0, 0, 0, 0, 0]
Commvector Blue Agent 1 Message: [0, 0, 0, 0, 0, 0, 0, 0]
Commvector Blue Agent 2 Message: [0, 0, 1, 0, 0, 1, 0, 1]
Commvector Blue Agent 3 Message: [0, 0, 0, 0, 0, 0, 0, 1]

 Suspicious Activity Detected: None",Analyse,host:public_access_zone,"The previous analysis attempt was unsuccessful, and it is important to assess the host for any suspicious activity."
"# OBSERVATION

Mission Phase: 2
Last Action : Analyse host:public_access_zone
Last Action Status: FALSE
Communication Vectors: 
Commvector Blue Agent 0 Message: [0, 0, 0, 0, 0, 0, 0, 0]
Commvector Blue Agent 1 Message: [0, 0, 0, 0, 0, 0, 0, 1]
Commvector Blue Agent 2 Message: [0, 0, 0, 0, 0, 0, 0, 0]
Commvector Blue Agent 3 Message: [0, 0, 0, 0, 0, 0, 0, 0]

 Suspicious Activity Detected: None",Analyse,host:public_access_zone,"The previous analysis attempt was unsuccessful, and there is a need to ensure the security of the host."
"# OBSERVATION

Mission Phase: 2
Last Action : Analyse host:public_access_zone
Last Action Status: FALSE
Communication Vectors: 
Commvector Blue Agent 0 Message: [0, 0, 0, 0, 0, 0, 0, 0]
Commvector Blue Agent 1 Message: [0, 0, 0, 0, 0, 0, 0, 0]
Commvector Blue Agent 2 Message: [0, 0, 0, 0, 0, 0, 0, 1]
Commvector Blue Agent 3 Message: [0, 0, 0, 0, 0, 0, 0, 1]

 Suspicious Activity Detected: None",Analyse,host:public_access_zone,"The last analysis action was unsuccessful, indicating a need to reassess the host for potential threats."
"# OBSERVATION

Mission Phase: 2
Last Action : Analyse host:public_access_zone
Last Action Status: FALSE
Communication Vectors: 
Commvector Blue Agent 0 Message: [0, 0, 0, 0, 0, 0, 0, 0]
Commvector Blue Agent 1 Message: [0, 0, 0, 0, 0, 0, 0, 0]
Commvector Blue Agent 2 Message: [0, 0, 0, 0, 0, 0, 0, 0]
Commvector Blue Agent 3 Message: [0, 0, 0, 0, 0, 0, 0, 0]

 Suspicious Activity Detected: None",Analyse,host:public_access_zone,"Last analysis action was unsuccessful, indicating potential ongoing issues or new threats that need further investigation."
"# OBSERVATION

Mission Phase: 2
Last Action : Analyse host:public_access_zone
Last Action Status: FALSE
Communication Vectors: 
Commvector Blue Agent 0 Message: [0, 0, 0, 0, 0, 0, 0, 0]
Commvector Blue Agent 1 Message: [0, 0, 0, 0, 0, 0, 0, 0]
Commvector Blue Agent 2 Message: [0, 0, 1, 0, 0, 1, 0, 1]
Commvector Blue Agent 3 Message: [0, 0, 0, 0, 0, 0, 0, 1]

 Suspicious Activity Detected: None",Analyse,host:public_access_zone,The last analysis action was unsuccessful and further information is needed to assess potential risks.
"# OBSERVATION

Mission Phase: 2
Last Action : Analyse host:public_access_zone
Last Action Status: FALSE
Communication Vectors: 
Commvector Blue Agent 0 Message: [0, 0, 0, 0, 0, 0, 0, 0]
Commvector Blue Agent 1 Message: [0, 0, 0, 0, 0, 0, 0, 0]
Commvector Blue Agent 2 Message: [0, 0, 0, 0, 0, 0, 0, 0]
Commvector Blue Agent 3 Message: [0, 0, 0, 0, 0, 0, 0, 0]

 Suspicious Activity Detected: None",Analyse,host:public_access_zone,"The last analysis attempt was unsuccessful, indicating a need to re-evaluate the host for potential threats."
"# OBSERVATION

Mission Phase: 2
Last Action : Analyse host:public_access_zone
Last Action Status: FALSE
Communication Vectors: 
Commvector Blue Agent 0 Message: [0, 0, 0, 0, 0, 0, 0, 0]
Commvector Blue Agent 1 Message: [0, 0, 0, 0, 0, 0, 0, 0]
Commvector Blue Agent 2 Message: [0, 0, 0, 0, 0, 0, 0, 1]
Commvector Blue Agent 3 Message: [0, 0, 0, 0, 0, 0, 0, 1]

 Suspicious Activity Detected: None",Analyse,host:public_access_zone,The last analysis attempt on the host was unsuccessful and requires re-evaluation.
"# OBSERVATION

Mission Phase: 2
Last Action : AllowTrafficZone subnet:admin_network
Last Action Status: FALSE
Communication Vectors: 
Commvector Blue Agent 0 Message: [0, 0, 0, 0, 0, 0, 0, 0]
Commvector Blue Agent 1 Message: [0, 0, 0, 0, 0, 0, 0, 0]
Commvector Blue Agent 2 Message: [0, 0, 0, 0, 0, 0, 0, 0]
Commvector Blue Agent 3 Message: [0, 0, 0, 0, 0, 0, 0, 0]

 Suspicious Activity Detected: None",Analyse,host:public_access_zone,"No suspicious activity detected, but it's prudent to ensure the network remains secure."
"# OBSERVATION

Mission Phase: 2
Last Action : AllowTrafficZone subnet:admin_network
Last Action Status: FALSE
Communication Vectors: 
Commvector Blue Agent 0 Message: [0, 0, 0, 0, 0, 0, 0, 0]
Commvector Blue Agent 1 Message: [0, 0, 0, 0, 0, 0, 0, 0]
Commvector Blue Agent 2 Message: [0, 0, 0, 0, 0, 0, 0, 1]
Commvector Blue Agent 3 Message: [0, 0, 0, 0, 0, 0, 0, 0]

 Suspicious Activity Detected: None",AllowTrafficZone,subnet:admin_network,The last action was unsuccessful and the admin network needs to be accessible.
"# OBSERVATION

Mission Phase: 2
Last Action : AllowTrafficZone subnet:admin_network
Last Action Status: FALSE
Communication Vectors: 
Commvector Blue Agent 0 Message: [0, 0, 0, 0, 0, 0, 0, 0]
Commvector Blue Agent 1 Message: [0, 0, 0, 0, 0, 0, 0, 0]
Commvector Blue Agent 2 Message: [0, 0, 0, 0, 0, 0, 0, 0]
Commvector Blue Agent 3 Message: [0, 0, 0, 0, 0, 0, 0, 0]

 Suspicious Activity Detected: None",AllowTrafficZone,subnet:admin_network,"Attempt was unsuccessful, and we need to ensure the zone is accessible for operations."
"# OBSERVATION

Mission Phase: 2
Last Action : Analyse host:admin_network_subnet_server_host_2
Last Action Status: IN_PROGRESS
Communication Vectors: 
Commvector Blue Agent 0 Message: [0, 0, 0, 0, 0, 0, 0, 0]
Commvector Blue Agent 1 Message: [0, 0, 0, 0, 0, 0, 0, 0]
Commvector Blue Agent 2 Message: [0, 0, 0, 0, 0, 0, 0, 1]
Commvector Blue Agent 3 Message: [0, 0, 0, 0, 0, 0, 0, 0]

 Suspicious Activity Detected: None",AllowTrafficZone,subnet:admin_network,"No suspicious activity detected, allowing traffic to facilitate communication."
"# OBSERVATION

Mission Phase: 2
Last Action : Analyse host:admin_network_subnet_server_host_2
Last Action Status: IN_PROGRESS
Communication Vectors: 
Commvector Blue Agent 0 Message: [0, 0, 0, 0, 0, 0, 0, 0]
Commvector Blue Agent 1 Message: [0, 0, 0, 0, 0, 0, 0, 0]
Commvector Blue Agent 2 Message: [0, 0, 0, 0, 0, 0, 0, 0]
Commvector Blue Agent 3 Message: [0, 0, 0, 0, 0, 0, 0, 1]

 Suspicious Activity Detected: None",Analyse,host:admin_network_subnet_server_host_2,Continuing analysis on the host to confirm the status after the last action is still in progress.
"# OBSERVATION

Mission Phase: 2
Last Action : Analyse host:admin_network_subnet_server_host_2
Last Action Status: IN_PROGRESS
Communication Vectors: 
Commvector Blue Agent 0 Message: [0, 0, 0, 0, 0, 0, 0, 0]
Commvector Blue Agent 1 Message: [0, 0, 0, 0, 0, 0, 0, 0]
Commvector Blue Agent 2 Message: [0, 0, 0, 0, 0, 0, 0, 1]
Commvector Blue Agent 3 Message: [0, 0, 0, 0, 0, 0, 0, 0]

 Suspicious Activity Detected: None",Analyse,host:admin_network_subnet_server_host_2,"The last action is still in progress, indicating that further analysis is ongoing to determine any suspicious activity."
"# OBSERVATION

Mission Phase: 2
Last Action : Analyse host:admin_network_subnet_server_host_2
Last Action Status: IN_PROGRESS
Communication Vectors: 
Commvector Blue Agent 0 Message: [0, 0, 0, 0, 0, 0, 0, 0]
Commvector Blue Agent 1 Message: [0, 0, 0, 0, 0, 0, 0, 0]
Commvector Blue Agent 2 Message: [0, 0, 0, 0, 0, 0, 0, 0]
Commvector Blue Agent 3 Message: [0, 0, 0, 0, 0, 0, 0, 0]

 Suspicious Activity Detected: None",Analyse,host:admin_network_subnet_server_host_2,Continuing the analysis to assess any potential threats while the last action is still in progress.
"# OBSERVATION

Mission Phase: 2
Last Action : Analyse host:admin_network_subnet_server_host_2
Last Action Status: IN_PROGRESS
Communication Vectors: 
Commvector Blue Agent 0 Message: [0, 0, 0, 0, 0, 0, 0, 0]
Commvector Blue Agent 1 Message: [0, 0, 0, 0, 0, 0, 0, 0]
Commvector Blue Agent 2 Message: [0, 0, 0, 0, 0, 0, 0, 1]
Commvector Blue Agent 3 Message: [0, 0, 0, 0, 0, 0, 0, 1]

 Suspicious Activity Detected: None",Analyse,host:admin_network_subnet_server_host_2,"The analysis is still in progress and no suspicious activity was detected, it is prudent to complete the analysis to ensure network integrity."
"# OBSERVATION

Mission Phase: 2
Last Action : Analyse host:admin_network_subnet_server_host_2
Last Action Status: IN_PROGRESS
Communication Vectors: 
Commvector Blue Agent 0 Message: [0, 0, 0, 0, 0, 0, 0, 0]
Commvector Blue Agent 1 Message: [0, 0, 0, 0, 0, 0, 0, 0]
Commvector Blue Agent 2 Message: [0, 0, 0, 0, 0, 0, 0, 0]
Commvector Blue Agent 3 Message: [0, 0, 0, 0, 0, 0, 0, 0]

 Suspicious Activity Detected: None",Analyse,host:admin_network_subnet_server_host_2,Continuing the analysis of the host as the last action is in progress and no new suspicious activity has been detected.
"# OBSERVATION

Mission Phase: 2
Last Action : Analyse host:admin_network_subnet_server_host_2
Last Action Status: IN_PROGRESS
Communication Vectors: 
Commvector Blue Agent 0 Message: [0, 0, 0, 0, 0, 0, 0, 0]
Commvector Blue Agent 1 Message: [0, 0, 0, 0, 0, 0, 0, 0]
Commvector Blue Agent 2 Message: [0, 0, 0, 0, 0, 0, 0, 1]
Commvector Blue Agent 3 Message: [0, 0, 0, 0, 0, 0, 0, 0]

 Suspicious Activity Detected: None",Analyse,host:admin_network_subnet_server_host_2,"The last action is still in progress, indicating ongoing analysis for potential issues."
"# OBSERVATION

Mission Phase: 2
Last Action : AllowTrafficZone subnet:admin_network
Last Action Status: FALSE
Communication Vectors: 
Commvector Blue Agent 0 Message: [0, 0, 0, 0, 0, 0, 0, 0]
Commvector Blue Agent 1 Message: [0, 0, 0, 0, 0, 0, 0, 1]
Commvector Blue Agent 2 Message: [0, 0, 0, 0, 0, 0, 0, 0]
Commvector Blue Agent 3 Message: [0, 0, 0, 0, 0, 0, 0, 0]

Suspicious Activity Detected:
- Hostname: admin_network_subnet_server_host_2 | IP: 10.0.188.91 | INFO: Connection to 10.0.34.252 | INFO: Connection to 10.0.34.252",Analyse,host:admin_network_subnet_server_host_2,Suspicious activity detected with connections indicating potential red agent presence.
"# OBSERVATION

Mission Phase: 2
Last Action : AllowTrafficZone subnet:admin_network
Last Action Status: FALSE
Communication Vectors: 
Commvector Blue Agent 0 Message: [0, 0, 0, 0, 0, 0, 0, 0]
Commvector Blue Agent 1 Message: [0, 0, 0, 0, 0, 0, 0, 0]
Commvector Blue Agent 2 Message: [0, 0, 0, 0, 0, 0, 0, 1]
Commvector Blue Agent 3 Message: [0, 0, 0, 0, 0, 0, 0, 1]

 Suspicious Activity Detected: None",AllowTrafficZone,subnet:admin_network,Last action was unsuccessful and the admin network is crucial for overall operations.
"# OBSERVATION

Mission Phase: 2
Last Action : AllowTrafficZone subnet:admin_network
Last Action Status: FALSE
Communication Vectors: 
Commvector Blue Agent 0 Message: [0, 0, 0, 0, 0, 0, 0, 0]
Commvector Blue Agent 1 Message: [0, 0, 0, 0, 0, 0, 0, 0]
Commvector Blue Agent 2 Message: [0, 0, 0, 0, 0, 0, 0, 0]
Commvector Blue Agent 3 Message: [0, 0, 0, 0, 0, 0, 0, 0]

 Suspicious Activity Detected: None",AllowTrafficZone,subnet:admin_network,"Attempting to enable traffic, as the last action was unsuccessful."
"# OBSERVATION

Mission Phase: 2
Last Action : AllowTrafficZone subnet:admin_network
Last Action Status: FALSE
Communication Vectors: 
Commvector Blue Agent 0 Message: [0, 0, 0, 0, 0, 0, 0, 0]
Commvector Blue Agent 1 Message: [0, 0, 0, 0, 0, 0, 0, 0]
Commvector Blue Agent 2 Message: [0, 0, 0, 0, 0, 0, 0, 1]
Commvector Blue Agent 3 Message: [0, 0, 0, 0, 0, 0, 0, 1]

 Suspicious Activity Detected: None",AllowTrafficZone,subnet:admin_network,"The action to allow traffic has failed, indicating the zone is still blocked and requires confirmation to ensure connectivity."
"# OBSERVATION

Mission Phase: 2
Last Action : Analyse host:admin_network_subnet_server_host_2
Last Action Status: IN_PROGRESS
Communication Vectors: 
Commvector Blue Agent 0 Message: [0, 0, 0, 0, 0, 0, 0, 0]
Commvector Blue Agent 1 Message: [0, 0, 0, 0, 0, 0, 0, 1]
Commvector Blue Agent 2 Message: [0, 0, 0, 0, 0, 0, 0, 0]
Commvector Blue Agent 3 Message: [0, 0, 0, 1, 0, 1, 0, 0]

 Suspicious Activity Detected: None",AllowTrafficZone,subnet:admin_network,The zone is currently blocked and needs to allow traffic for operational continuity.
"# OBSERVATION

Mission Phase: 2
Last Action : Analyse host:admin_network_subnet_server_host_2
Last Action Status: IN_PROGRESS
Communication Vectors: 
Commvector Blue Agent 0 Message: [0, 0, 0, 0, 0, 0, 0, 0]
Commvector Blue Agent 1 Message: [0, 0, 0, 0, 0, 0, 0, 0]
Commvector Blue Agent 2 Message: [0, 0, 0, 0, 0, 0, 0, 1]
Commvector Blue Agent 3 Message: [0, 0, 0, 0, 0, 0, 0, 1]

 Suspicious Activity Detected: None",Analyse,host:admin_network_subnet_server_host_2,"The previous analysis is still in progress, and further action is necessary to monitor for potential threats."
"# OBSERVATION

Mission Phase: 2
Last Action : Analyse host:admin_network_subnet_server_host_2
Last Action Status: IN_PROGRESS
Communication Vectors: 
Commvector Blue Agent 0 Message: [0, 0, 0, 0, 0, 0, 0, 0]
Commvector Blue Agent 1 Message: [0, 0, 0, 0, 0, 0, 0, 0]
Commvector Blue Agent 2 Message: [0, 0, 0, 0, 0, 0, 0, 0]
Commvector Blue Agent 3 Message: [0, 0, 0, 0, 0, 0, 0, 0]

 Suspicious Activity Detected: None",Analyse,host:admin_network_subnet_server_host_2,Continuing analysis as the last action is still in progress and no suspicious activity is detected.
"# OBSERVATION

Mission Phase: 2
Last Action : Analyse host:admin_network_subnet_server_host_2
Last Action Status: IN_PROGRESS
Communication Vectors: 
Commvector Blue Agent 0 Message: [0, 0, 0, 0, 0, 0, 0, 0]
Commvector Blue Agent 1 Message: [0, 0, 0, 0, 0, 0, 0, 0]
Commvector Blue Agent 2 Message: [0, 0, 0, 0, 0, 0, 0, 1]
Commvector Blue Agent 3 Message: [0, 0, 0, 0, 0, 0, 0, 1]

 Suspicious Activity Detected: None",Analyse,host:admin_network_subnet_server_host_2,Continuing the analysis of the host to identify any potential malicious activity since the last action is still in progress.
"# OBSERVATION

Mission Phase: 2
Last Action : Analyse host:admin_network_subnet_server_host_2
Last Action Status: IN_PROGRESS
Communication Vectors: 
Commvector Blue Agent 0 Message: [0, 0, 0, 0, 0, 0, 0, 1]
Commvector Blue Agent 1 Message: [0, 0, 0, 0, 0, 0, 0, 0]
Commvector Blue Agent 2 Message: [0, 0, 0, 0, 0, 0, 0, 0]
Commvector Blue Agent 3 Message: [0, 0, 0, 0, 0, 0, 0, 1]

 Suspicious Activity Detected: None",Analyse,host:admin_network_subnet_server_host_2,Last analysis action is still in progress; further monitoring required.
"# OBSERVATION

Mission Phase: 1
Last Action : Analyse host:admin_network_subnet_server_host_2
Last Action Status: IN_PROGRESS
Communication Vectors: 
Commvector Blue Agent 0 Message: [0, 0, 0, 0, 0, 0, 0, 0]
Commvector Blue Agent 1 Message: [0, 0, 0, 0, 0, 0, 0, 0]
Commvector Blue Agent 2 Message: [0, 0, 0, 0, 0, 0, 0, 1]
Commvector Blue Agent 3 Message: [0, 0, 0, 0, 0, 0, 0, 0]

 Suspicious Activity Detected: None",Analyse,host:admin_network_subnet_server_host_2,"The previous analysis is still in progress, and there is no new suspicious activity detected."
"# OBSERVATION

Mission Phase: 1
Last Action : Analyse host:admin_network_subnet_server_host_2
Last Action Status: IN_PROGRESS
Communication Vectors: 
Commvector Blue Agent 0 Message: [0, 0, 0, 0, 0, 0, 0, 1]
Commvector Blue Agent 1 Message: [0, 0, 0, 0, 0, 0, 0, 0]
Commvector Blue Agent 2 Message: [0, 0, 0, 0, 0, 0, 0, 0]
Commvector Blue Agent 3 Message: [0, 0, 0, 0, 0, 0, 0, 0]

 Suspicious Activity Detected: None",Analyse,host:admin_network_subnet_server_host_2,Continuing the analysis to determine if any red activity is present after the last action.
"# OBSERVATION

Mission Phase: 1
Last Action : Analyse host:admin_network_subnet_server_host_2
Last Action Status: IN_PROGRESS
Communication Vectors: 
Commvector Blue Agent 0 Message: [0, 0, 0, 0, 0, 0, 0, 0]
Commvector Blue Agent 1 Message: [0, 0, 0, 0, 0, 0, 0, 1]
Commvector Blue Agent 2 Message: [0, 0, 0, 0, 0, 0, 0, 1]
Commvector Blue Agent 3 Message: [0, 0, 0, 0, 0, 0, 0, 0]

 Suspicious Activity Detected: None",Analyse,host:admin_network_subnet_server_host_2,"The last action is still in progress, indicating ongoing analysis to detect any potential red agent activity."
"# OBSERVATION

Mission Phase: 1
Last Action : Analyse host:admin_network_subnet_server_host_2
Last Action Status: IN_PROGRESS
Communication Vectors: 
Commvector Blue Agent 0 Message: [0, 0, 0, 0, 0, 0, 0, 0]
Commvector Blue Agent 1 Message: [0, 0, 0, 0, 0, 0, 0, 0]
Commvector Blue Agent 2 Message: [0, 0, 0, 0, 0, 0, 0, 0]
Commvector Blue Agent 3 Message: [0, 0, 0, 0, 0, 0, 0, 0]

 Suspicious Activity Detected: None",Analyse,host:admin_network_subnet_server_host_2,Continuing analysis on the host to uncover any potential suspicious activity.
"# OBSERVATION

Mission Phase: 1
Last Action : Analyse host:admin_network_subnet_server_host_2
Last Action Status: IN_PROGRESS
Communication Vectors: 
Commvector Blue Agent 0 Message: [0, 0, 0, 0, 0, 0, 0, 1]
Commvector Blue Agent 1 Message: [0, 0, 0, 0, 0, 0, 0, 0]
Commvector Blue Agent 2 Message: [0, 0, 0, 0, 0, 0, 0, 1]
Commvector Blue Agent 3 Message: [0, 0, 0, 0, 0, 0, 0, 0]

 Suspicious Activity Detected: None",Analyse,host:admin_network_subnet_server_host_2,"The analysis is still in progress, and no immediate actions are required as no suspicious activity has been detected."
"# OBSERVATION

Mission Phase: 1
Last Action : Analyse host:admin_network_subnet_server_host_2
Last Action Status: IN_PROGRESS
Communication Vectors: 
Commvector Blue Agent 0 Message: [0, 0, 0, 0, 0, 0, 0, 0]
Commvector Blue Agent 1 Message: [0, 0, 0, 0, 0, 0, 0, 0]
Commvector Blue Agent 2 Message: [0, 0, 0, 0, 0, 0, 0, 0]
Commvector Blue Agent 3 Message: [0, 0, 0, 0, 0, 0, 0, 0]

 Suspicious Activity Detected: None",Analyse,host:admin_network_subnet_server_host_2,"The last action is still in progress, indicating ongoing analysis for suspicious activity."
"# OBSERVATION

Mission Phase: 1
Last Action : Analyse host:admin_network_subnet_server_host_2
Last Action Status: IN_PROGRESS
Communication Vectors: 
Commvector Blue Agent 0 Message: [0, 0, 0, 0, 0, 0, 0, 1]
Commvector Blue Agent 1 Message: [0, 0, 0, 0, 0, 0, 0, 0]
Commvector Blue Agent 2 Message: [0, 0, 0, 0, 0, 0, 0, 0]
Commvector Blue Agent 3 Message: [0, 0, 0, 0, 0, 0, 0, 0]

 Suspicious Activity Detected: None",Analyse,host:admin_network_subnet_server_host_2,"The previous analysis action is still in progress, indicating ongoing assessment necessary for security."
"# OBSERVATION

Mission Phase: 1
Last Action : Analyse host:admin_network_subnet_server_host_2
Last Action Status: IN_PROGRESS
Communication Vectors: 
Commvector Blue Agent 0 Message: [0, 0, 0, 0, 0, 0, 0, 0]
Commvector Blue Agent 1 Message: [0, 0, 0, 0, 0, 0, 0, 1]
Commvector Blue Agent 2 Message: [0, 0, 0, 0, 0, 0, 0, 1]
Commvector Blue Agent 3 Message: [0, 0, 0, 0, 0, 0, 0, 0]

 Suspicious Activity Detected: None",Analyse,host:admin_network_subnet_server_host_2,"The last action is still in progress and no suspicious activity is detected, continuing analysis is necessary to ensure the host is secure."
"# OBSERVATION

Mission Phase: 1
Last Action : Analyse host:admin_network_subnet_server_host_2
Last Action Status: IN_PROGRESS
Communication Vectors: 
Commvector Blue Agent 0 Message: [0, 0, 0, 0, 0, 0, 0, 1]
Commvector Blue Agent 1 Message: [0, 0, 0, 0, 0, 0, 0, 1]
Commvector Blue Agent 2 Message: [0, 0, 0, 0, 0, 0, 0, 0]
Commvector Blue Agent 3 Message: [0, 0, 0, 0, 0, 0, 0, 0]

 Suspicious Activity Detected: None",Analyse,host:admin_network_subnet_server_host_2,Continuing the analysis of the host as the last action is still in progress.
"# OBSERVATION

Mission Phase: 1
Last Action : Analyse host:admin_network_subnet_server_host_2
Last Action Status: IN_PROGRESS
Communication Vectors: 
Commvector Blue Agent 0 Message: [0, 0, 0, 0, 0, 0, 0, 1]
Commvector Blue Agent 1 Message: [0, 0, 0, 0, 0, 0, 0, 0]
Commvector Blue Agent 2 Message: [0, 0, 0, 0, 0, 0, 0, 1]
Commvector Blue Agent 3 Message: [0, 0, 0, 0, 0, 0, 0, 0]

 Suspicious Activity Detected: None",Analyse,host:admin_network_subnet_server_host_2,"The last action is in progress, and it's important to complete the analysis to ensure there are no threats present."
"# OBSERVATION

Mission Phase: 1
Last Action : Analyse host:admin_network_subnet_server_host_2
Last Action Status: IN_PROGRESS
Communication Vectors: 
Commvector Blue Agent 0 Message: [0, 0, 0, 0, 0, 0, 0, 0]
Commvector Blue Agent 1 Message: [0, 0, 0, 0, 0, 0, 0, 1]
Commvector Blue Agent 2 Message: [0, 0, 0, 0, 0, 0, 0, 0]
Commvector Blue Agent 3 Message: [0, 0, 0, 0, 0, 0, 0, 0]

 Suspicious Activity Detected: None",Analyse,host:admin_network_subnet_server_host_2,The analysis of the host is currently in progress and requires completion to gather further information.
"# OBSERVATION

Mission Phase: 1
Last Action : Analyse host:admin_network_subnet_server_host_2
Last Action Status: IN_PROGRESS
Communication Vectors: 
Commvector Blue Agent 0 Message: [0, 0, 0, 0, 0, 0, 0, 1]
Commvector Blue Agent 1 Message: [0, 0, 0, 0, 0, 0, 0, 0]
Commvector Blue Agent 2 Message: [0, 0, 0, 0, 0, 0, 0, 1]
Commvector Blue Agent 3 Message: [0, 0, 0, 0, 0, 0, 0, 1]

 Suspicious Activity Detected: None",Analyse,host:admin_network_subnet_server_host_2,"Continuing the analysis to gather more information regarding potential threats, as the last action is still in progress."
"# OBSERVATION

Mission Phase: 1
Last Action : Analyse host:admin_network_subnet_server_host_2
Last Action Status: IN_PROGRESS
Communication Vectors: 
Commvector Blue Agent 0 Message: [0, 0, 0, 0, 0, 0, 0, 0]
Commvector Blue Agent 1 Message: [0, 0, 0, 0, 0, 0, 0, 1]
Commvector Blue Agent 2 Message: [0, 0, 0, 0, 0, 0, 0, 0]
Commvector Blue Agent 3 Message: [0, 0, 0, 0, 0, 0, 0, 0]

 Suspicious Activity Detected: None",Analyse,host:admin_network_subnet_server_host_2,The analysis action is already in progress to determine if there are any issues on the host.
"# OBSERVATION

Mission Phase: 1
Last Action : Analyse host:admin_network_subnet_server_host_2
Last Action Status: IN_PROGRESS
Communication Vectors: 
Commvector Blue Agent 0 Message: [0, 0, 0, 0, 0, 0, 0, 1]
Commvector Blue Agent 1 Message: [0, 0, 0, 0, 0, 0, 0, 0]
Commvector Blue Agent 2 Message: [0, 0, 0, 0, 0, 0, 0, 1]
Commvector Blue Agent 3 Message: [0, 0, 0, 0, 0, 0, 0, 0]

 Suspicious Activity Detected: None",Analyse,host:admin_network_subnet_server_host_2,Continuing the analysis to confirm the absence of malicious activity.
"# OBSERVATION

Mission Phase: 1
Last Action : Analyse host:admin_network_subnet_server_host_2
Last Action Status: IN_PROGRESS
Communication Vectors: 
Commvector Blue Agent 0 Message: [0, 0, 0, 0, 0, 0, 0, 0]
Commvector Blue Agent 1 Message: [0, 0, 0, 0, 0, 0, 0, 0]
Commvector Blue Agent 2 Message: [0, 0, 0, 0, 0, 0, 0, 0]
Commvector Blue Agent 3 Message: [0, 0, 0, 0, 0, 0, 0, 0]

 Suspicious Activity Detected: None",Analyse,host:admin_network_subnet_server_host_2,The last analysis action is still in progress and no suspicious activity has been detected.
"# OBSERVATION

Mission Phase: 1
Last Action : Analyse host:admin_network_subnet_server_host_2
Last Action Status: IN_PROGRESS
Communication Vectors: 
Commvector Blue Agent 0 Message: [0, 0, 0, 0, 0, 0, 0, 0]
Commvector Blue Agent 1 Message: [0, 1, 0, 0, 0, 1, 0, 0]
Commvector Blue Agent 2 Message: [0, 0, 0, 0, 0, 0, 0, 1]
Commvector Blue Agent 3 Message: [0, 0, 0, 0, 0, 0, 0, 0]

 Suspicious Activity Detected: None",Analyse,host:admin_network_subnet_server_host_2,"The last action is still in progress, indicating ongoing analysis for suspicious activity."
"# OBSERVATION

Mission Phase: 1
Last Action : Analyse host:office_network_subnet_server_host_2
Last Action Status: IN_PROGRESS
Communication Vectors: 
Commvector Blue Agent 0 Message: [0, 0, 0, 0, 0, 0, 0, 0]
Commvector Blue Agent 1 Message: [0, 0, 0, 0, 0, 0, 0, 0]
Commvector Blue Agent 2 Message: [0, 0, 0, 0, 0, 0, 0, 0]
Commvector Blue Agent 3 Message: [0, 0, 0, 0, 0, 0, 0, 0]

Suspicious Activity Detected:
- Hostname: admin_network_subnet_server_host_2 | IP: 10.0.34.244 | INFO: Connection to 10.0.34.252 | INFO: Connection to 10.0.34.252",Analyse,host:admin_network_subnet_server_host_2,"Suspicious connections have been detected, warranting further investigation to ensure no malicious activity is occurring."
"# OBSERVATION

Mission Phase: 1
Last Action : Analyse host:office_network_subnet_server_host_2
Last Action Status: IN_PROGRESS
Communication Vectors: 
Commvector Blue Agent 0 Message: [0, 0, 0, 0, 0, 0, 0, 0]
Commvector Blue Agent 1 Message: [0, 1, 0, 0, 0, 1, 0, 0]
Commvector Blue Agent 2 Message: [0, 0, 0, 0, 0, 0, 0, 1]
Commvector Blue Agent 3 Message: [0, 0, 0, 0, 0, 0, 0, 0]

 Suspicious Activity Detected: None",Analyse,host:office_network_subnet_server_host_2,Continuing the analysis to complete the ongoing investigation for suspicious activity.
"# OBSERVATION

Mission Phase: 1
Last Action : Analyse host:office_network_subnet_server_host_2
Last Action Status: IN_PROGRESS
Communication Vectors: 
Commvector Blue Agent 0 Message: [0, 0, 0, 0, 0, 0, 0, 0]
Commvector Blue Agent 1 Message: [0, 0, 0, 0, 0, 0, 0, 1]
Commvector Blue Agent 2 Message: [0, 0, 0, 0, 0, 0, 0, 0]
Commvector Blue Agent 3 Message: [0, 0, 0, 0, 0, 0, 0, 1]

 Suspicious Activity Detected: None",Analyse,host:office_network_subnet_server_host_2,Continuing to analyze host as the last action is still in progress.
"# OBSERVATION

Mission Phase: 1
Last Action : Analyse host:public_access_zone_subnet_server_host_0
Last Action Status: IN_PROGRESS
Communication Vectors: 
Commvector Blue Agent 0 Message: [0, 0, 0, 0, 0, 0, 0, 1]
Commvector Blue Agent 1 Message: [0, 0, 0, 0, 0, 0, 0, 1]
Commvector Blue Agent 2 Message: [0, 0, 0, 0, 0, 0, 0, 1]
Commvector Blue Agent 3 Message: [0, 0, 0, 0, 0, 0, 0, 0]

Suspicious Activity Detected:
- Hostname: office_network_subnet_server_host_2 | IP: 10.0.60.126 | INFO: Connection to 10.0.79.252 | INFO: Connection to 10.0.79.252",Analyse,host:office_network_subnet_server_host_2,Suspicious connections detected from the host that need further investigation.
"# OBSERVATION

Mission Phase: 1
Last Action : Analyse host:admin_network_subnet_server_host_2
Last Action Status: IN_PROGRESS
Communication Vectors: 
Commvector Blue Agent 0 Message: [0, 0, 0, 0, 0, 0, 0, 0]
Commvector Blue Agent 1 Message: [0, 0, 0, 0, 0, 0, 0, 0]
Commvector Blue Agent 2 Message: [0, 0, 0, 0, 0, 0, 0, 0]
Commvector Blue Agent 3 Message: [0, 0, 0, 0, 0, 0, 0, 0]

Suspicious Activity Detected:
- Hostname: public_access_zone_subnet_server_host_0 | IP: 10.0.60.146 | INFO: Connection to 10.0.175.254 | INFO: Connection to 10.0.175.254",Analyse,host:public_access_zone_subnet_server_host_0,Suspicious connections detected from the host that need further investigation.
"# OBSERVATION

Mission Phase: 1
Last Action : Analyse host:admin_network_subnet_server_host_2
Last Action Status: IN_PROGRESS
Communication Vectors: 
Commvector Blue Agent 0 Message: [0, 0, 0, 0, 0, 0, 0, 0]
Commvector Blue Agent 1 Message: [0, 0, 0, 0, 0, 0, 0, 0]
Commvector Blue Agent 2 Message: [0, 0, 0, 0, 0, 0, 0, 1]
Commvector Blue Agent 3 Message: [0, 0, 0, 0, 0, 0, 0, 0]

 Suspicious Activity Detected: None",Analyse,host:admin_network_subnet_server_host_2,"The last action is still in progress, and further analysis is necessary to confirm the status of the host."
"# OBSERVATION

Mission Phase: 1
Last Action : Analyse host:admin_network_subnet_server_host_2
Last Action Status: IN_PROGRESS
Communication Vectors: 
Commvector Blue Agent 0 Message: [0, 0, 0, 0, 0, 0, 0, 0]
Commvector Blue Agent 1 Message: [0, 0, 0, 0, 0, 0, 0, 0]
Commvector Blue Agent 2 Message: [0, 0, 0, 0, 0, 0, 0, 0]
Commvector Blue Agent 3 Message: [0, 0, 0, 0, 0, 0, 0, 0]

 Suspicious Activity Detected: None",Analyse,host:admin_network_subnet_server_host_2,Continuing analysis as the last action is still in progress and no suspicious activity is detected.
"# OBSERVATION

Mission Phase: 1
Last Action : Analyse host:admin_network_subnet_server_host_2
Last Action Status: IN_PROGRESS
Communication Vectors: 
Commvector Blue Agent 0 Message: [0, 0, 0, 0, 0, 0, 0, 1]
Commvector Blue Agent 1 Message: [0, 0, 0, 0, 0, 0, 0, 0]
Commvector Blue Agent 2 Message: [0, 0, 0, 0, 0, 0, 0, 1]
Commvector Blue Agent 3 Message: [0, 0, 0, 0, 0, 0, 0, 0]

 Suspicious Activity Detected: None",Analyse,host:admin_network_subnet_server_host_2,"Last action is still in progress, continuing further analysis to confirm the state of the host."
"# OBSERVATION

Mission Phase: 1
Last Action : Analyse host:admin_network_subnet_server_host_2
Last Action Status: IN_PROGRESS
Communication Vectors: 
Commvector Blue Agent 0 Message: [0, 0, 0, 0, 0, 0, 0, 1]
Commvector Blue Agent 1 Message: [0, 0, 0, 0, 0, 0, 0, 0]
Commvector Blue Agent 2 Message: [0, 0, 0, 0, 0, 0, 0, 0]
Commvector Blue Agent 3 Message: [0, 0, 0, 0, 0, 0, 0, 0]

 Suspicious Activity Detected: None",Analyse,host:admin_network_subnet_server_host_2,Last action is still in progress to gather more information on the host.
"# OBSERVATION

Mission Phase: 1
Last Action : Analyse host:admin_network_subnet_server_host_2
Last Action Status: IN_PROGRESS
Communication Vectors: 
Commvector Blue Agent 0 Message: [0, 0, 0, 0, 0, 0, 0, 0]
Commvector Blue Agent 1 Message: [0, 0, 0, 0, 0, 0, 0, 0]
Commvector Blue Agent 2 Message: [0, 0, 0, 0, 0, 0, 0, 1]
Commvector Blue Agent 3 Message: [0, 0, 0, 0, 0, 0, 0, 1]

 Suspicious Activity Detected: None",Analyse,host:admin_network_subnet_server_host_2,"The last action is still in progress, indicating ongoing analysis on the host for suspicious activity."
"# OBSERVATION

Mission Phase: 1
Last Action : Analyse host:admin_network_subnet_server_host_2
Last Action Status: IN_PROGRESS
Communication Vectors: 
Commvector Blue Agent 0 Message: [0, 0, 0, 0, 0, 0, 0, 0]
Commvector Blue Agent 1 Message: [0, 0, 0, 0, 0, 0, 0, 1]
Commvector Blue Agent 2 Message: [0, 0, 0, 0, 0, 0, 0, 0]
Commvector Blue Agent 3 Message: [0, 0, 0, 0, 0, 0, 0, 0]

 Suspicious Activity Detected: None",Analyse,host:admin_network_subnet_server_host_2,Continuing the analysis on the host is necessary as the last action is still in progress and no suspicious activity has been detected.
"# OBSERVATION

Mission Phase: 1
Last Action : Analyse host:admin_network_subnet_server_host_2
Last Action Status: IN_PROGRESS
Communication Vectors: 
Commvector Blue Agent 0 Message: [1, 0, 0, 0, 0, 1, 0, 1]
Commvector Blue Agent 1 Message: [0, 0, 0, 0, 0, 0, 0, 0]
Commvector Blue Agent 2 Message: [0, 0, 0, 0, 0, 0, 0, 1]
Commvector Blue Agent 3 Message: [0, 0, 0, 0, 0, 0, 0, 1]

 Suspicious Activity Detected: None",Analyse,host:admin_network_subnet_server_host_2,Continuing analysis on this host as the previous action is still in progress.
"# OBSERVATION

Mission Phase: 1
Last Action : Analyse host:admin_network_subnet_server_host_2
Last Action Status: IN_PROGRESS
Communication Vectors: 
Commvector Blue Agent 0 Message: [0, 0, 0, 0, 0, 0, 0, 0]
Commvector Blue Agent 1 Message: [0, 0, 0, 0, 0, 0, 0, 0]
Commvector Blue Agent 2 Message: [0, 0, 1, 0, 0, 1, 0, 1]
Commvector Blue Agent 3 Message: [0, 0, 0, 0, 0, 0, 0, 1]

 Suspicious Activity Detected: None",Analyse,host:admin_network_subnet_server_host_2,"The last action is still in progress, and no suspicious activity has been detected, indicating a need for further analysis."
"# OBSERVATION

Mission Phase: 1
Last Action : Analyse host:admin_network_subnet_server_host_2
Last Action Status: IN_PROGRESS
Communication Vectors: 
Commvector Blue Agent 0 Message: [0, 0, 0, 0, 0, 0, 0, 0]
Commvector Blue Agent 1 Message: [0, 0, 0, 0, 0, 0, 0, 0]
Commvector Blue Agent 2 Message: [0, 0, 0, 0, 0, 0, 0, 0]
Commvector Blue Agent 3 Message: [0, 0, 0, 0, 0, 0, 0, 0]

 Suspicious Activity Detected: None",Analyse,host:admin_network_subnet_server_host_2,Continuing the analysis as the last action is still in progress.
"# OBSERVATION

Mission Phase: 1
Last Action : Analyse host:admin_network_subnet_server_host_2
Last Action Status: IN_PROGRESS
Communication Vectors: 
Commvector Blue Agent 0 Message: [0, 0, 0, 0, 0, 0, 0, 1]
Commvector Blue Agent 1 Message: [0, 0, 0, 0, 0, 0, 0, 0]
Commvector Blue Agent 2 Message: [0, 0, 0, 0, 0, 0, 0, 1]
Commvector Blue Agent 3 Message: [0, 0, 0, 0, 0, 0, 0, 0]

 Suspicious Activity Detected: None",Analyse,host:admin_network_subnet_server_host_2,Continuing analysis to confirm state since the last action is in progress.
"# OBSERVATION

Mission Phase: 1
Last Action : Analyse host:admin_network_subnet_server_host_2
Last Action Status: IN_PROGRESS
Communication Vectors: 
Commvector Blue Agent 0 Message: [0, 0, 0, 0, 0, 0, 0, 1]
Commvector Blue Agent 1 Message: [0, 0, 0, 0, 0, 0, 0, 0]
Commvector Blue Agent 2 Message: [0, 0, 0, 0, 0, 0, 0, 0]
Commvector Blue Agent 3 Message: [0, 0, 0, 0, 0, 0, 0, 1]

 Suspicious Activity Detected: None",Analyse,host:admin_network_subnet_server_host_2,"The ongoing analysis may provide further insights into potential threats, although no suspicious activity is currently detected."
"# OBSERVATION

Mission Phase: 1
Last Action : Analyse host:admin_network_subnet_user_host_6
Last Action Status: IN_PROGRESS
Communication Vectors: 
Commvector Blue Agent 0 Message: [0, 0, 0, 0, 0, 0, 0, 0]
Commvector Blue Agent 1 Message: [0, 0, 0, 0, 0, 0, 0, 0]
Commvector Blue Agent 2 Message: [0, 0, 0, 0, 0, 0, 0, 0]
Commvector Blue Agent 3 Message: [0, 0, 0, 0, 0, 0, 0, 0]

Suspicious Activity Detected:
- Hostname: admin_network_subnet_server_host_2 | IP: 10.0.188.190 | INFO: Connection to 10.0.34.252 | INFO: Connection to 10.0.34.252",Analyse,host:admin_network_subnet_server_host_2,Further investigation needed due to suspicious connections detected on the host.
"# OBSERVATION

Mission Phase: 1
Last Action : Analyse host:admin_network_subnet_user_host_6
Last Action Status: IN_PROGRESS
Communication Vectors: 
Commvector Blue Agent 0 Message: [0, 0, 0, 0, 0, 0, 0, 1]
Commvector Blue Agent 1 Message: [0, 0, 0, 0, 0, 0, 0, 0]
Commvector Blue Agent 2 Message: [0, 0, 1, 0, 0, 1, 0, 1]
Commvector Blue Agent 3 Message: [0, 0, 0, 0, 0, 0, 0, 0]

 Suspicious Activity Detected: None",Analyse,host:admin_network_subnet_user_host_6,Ongoing analysis to confirm the status of the host after suspicious activity detection.
"# OBSERVATION

Mission Phase: 1
Last Action : Analyse host:office_network_subnet_user_host_7
Last Action Status: IN_PROGRESS
Communication Vectors: 
Commvector Blue Agent 0 Message: [0, 0, 0, 0, 0, 0, 0, 0]
Commvector Blue Agent 1 Message: [0, 0, 0, 0, 0, 0, 0, 0]
Commvector Blue Agent 2 Message: [0, 0, 0, 0, 0, 0, 0, 0]
Commvector Blue Agent 3 Message: [0, 0, 0, 0, 0, 0, 0, 0]

Suspicious Activity Detected:
- Hostname: admin_network_subnet_user_host_6 | IP: 10.0.34.175",Analyse,host:admin_network_subnet_user_host_6,"Suspicious activity detected on the host, indicating potential red agent presence."
"# OBSERVATION

Mission Phase: 1
Last Action : Analyse host:office_network_subnet_user_host_4
Last Action Status: IN_PROGRESS
Communication Vectors: 
Commvector Blue Agent 0 Message: [0, 0, 0, 0, 0, 0, 0, 1]
Commvector Blue Agent 1 Message: [0, 0, 0, 0, 0, 0, 0, 0]
Commvector Blue Agent 2 Message: [0, 0, 0, 0, 0, 0, 0, 1]
Commvector Blue Agent 3 Message: [0, 0, 0, 0, 0, 0, 0, 0]

Suspicious Activity Detected:
- Hostname: office_network_subnet_user_host_7 | IP: 10.0.79.242",Analyse,host:office_network_subnet_user_host_7,Suspicious activity detected on host which requires further investigation.
"# OBSERVATION

Mission Phase: 1
Last Action : Analyse host:office_network_subnet_user_host_4
Last Action Status: IN_PROGRESS
Communication Vectors: 
Commvector Blue Agent 0 Message: [0, 0, 0, 0, 0, 0, 0, 0]
Commvector Blue Agent 1 Message: [0, 0, 0, 0, 0, 0, 0, 0]
Commvector Blue Agent 2 Message: [0, 0, 0, 0, 0, 0, 0, 0]
Commvector Blue Agent 3 Message: [0, 0, 0, 0, 0, 0, 0, 0]

 Suspicious Activity Detected: None",Analyse,host:office_network_subnet_user_host_4,"Last analysis is still in progress, further investigation may be required once completed."
"# OBSERVATION

Mission Phase: 1
Last Action : Analyse host:office_network_subnet_user_host_4
Last Action Status: IN_PROGRESS
Communication Vectors: 
Commvector Blue Agent 0 Message: [0, 0, 0, 0, 0, 0, 0, 0]
Commvector Blue Agent 1 Message: [0, 0, 0, 0, 0, 0, 0, 0]
Commvector Blue Agent 2 Message: [0, 0, 0, 0, 0, 0, 0, 1]
Commvector Blue Agent 3 Message: [0, 0, 0, 0, 0, 0, 0, 1]

 Suspicious Activity Detected: None",Analyse,host:office_network_subnet_user_host_4,"The previous analysis action is still in progress, indicating the need for further investigation."
"# OBSERVATION

Mission Phase: 1
Last Action : Analyse host:office_network_subnet_user_host_4
Last Action Status: IN_PROGRESS
Communication Vectors: 
Commvector Blue Agent 0 Message: [0, 0, 0, 0, 0, 0, 0, 1]
Commvector Blue Agent 1 Message: [0, 0, 0, 0, 0, 0, 0, 0]
Commvector Blue Agent 2 Message: [0, 0, 0, 0, 0, 0, 0, 0]
Commvector Blue Agent 3 Message: [0, 0, 0, 0, 0, 0, 0, 0]

 Suspicious Activity Detected: None",Analyse,host:office_network_subnet_user_host_4,Ongoing analysis of the host to detect possible threats.
"# OBSERVATION

Mission Phase: 1
Last Action : Analyse host:office_network_subnet_user_host_4
Last Action Status: IN_PROGRESS
Communication Vectors: 
Commvector Blue Agent 0 Message: [0, 0, 0, 0, 0, 0, 0, 1]
Commvector Blue Agent 1 Message: [0, 0, 0, 0, 0, 0, 0, 0]
Commvector Blue Agent 2 Message: [0, 0, 0, 0, 0, 0, 0, 1]
Commvector Blue Agent 3 Message: [0, 0, 0, 0, 0, 0, 0, 1]

 Suspicious Activity Detected: None",Analyse,host:office_network_subnet_user_host_4,Continuing to gather information on potential suspicious activity.
"# OBSERVATION

Mission Phase: 1
Last Action : Analyse host:office_network_subnet_user_host_4
Last Action Status: IN_PROGRESS
Communication Vectors: 
Commvector Blue Agent 0 Message: [0, 0, 0, 0, 0, 0, 0, 0]
Commvector Blue Agent 1 Message: [0, 0, 0, 0, 0, 0, 0, 1]
Commvector Blue Agent 2 Message: [0, 0, 0, 0, 0, 0, 0, 0]
Commvector Blue Agent 3 Message: [0, 0, 0, 0, 0, 0, 0, 0]

 Suspicious Activity Detected: None",Analyse,host:office_network_subnet_user_host_4,Continuing to gather information on the host as the last action is still in progress.
"# OBSERVATION

Mission Phase: 1
Last Action : Analyse host:office_network_subnet_user_host_4
Last Action Status: IN_PROGRESS
Communication Vectors: 
Commvector Blue Agent 0 Message: [0, 0, 0, 0, 0, 0, 0, 1]
Commvector Blue Agent 1 Message: [0, 1, 0, 0, 0, 1, 0, 0]
Commvector Blue Agent 2 Message: [0, 0, 0, 0, 0, 0, 0, 1]
Commvector Blue Agent 3 Message: [0, 0, 0, 0, 0, 0, 0, 0]

 Suspicious Activity Detected: None",Analyse,host:office_network_subnet_user_host_4,"The last analysis action is still in progress, indicating ongoing investigation into the state of potential suspicious activity."
"# OBSERVATION

Mission Phase: 1
Last Action : Analyse host:office_network_subnet_user_host_4
Last Action Status: IN_PROGRESS
Communication Vectors: 
Commvector Blue Agent 0 Message: [0, 0, 0, 0, 0, 0, 0, 0]
Commvector Blue Agent 1 Message: [0, 0, 0, 0, 0, 0, 0, 0]
Commvector Blue Agent 2 Message: [0, 0, 0, 0, 0, 0, 0, 0]
Commvector Blue Agent 3 Message: [0, 0, 0, 0, 0, 0, 0, 0]

 Suspicious Activity Detected: None",Analyse,host:office_network_subnet_user_host_4,Continuing analysis on the host to confirm if there are any indicators of compromise.
"# OBSERVATION

Mission Phase: 1
Last Action : Analyse host:office_network_subnet_user_host_4
Last Action Status: IN_PROGRESS
Communication Vectors: 
Commvector Blue Agent 0 Message: [0, 0, 0, 0, 0, 0, 0, 1]
Commvector Blue Agent 1 Message: [0, 0, 0, 0, 0, 0, 0, 0]
Commvector Blue Agent 2 Message: [0, 0, 0, 0, 0, 0, 0, 1]
Commvector Blue Agent 3 Message: [0, 0, 0, 0, 0, 0, 0, 1]

 Suspicious Activity Detected: None",Analyse,host:office_network_subnet_user_host_4,"Last analysis action is still in progress, indicating further evaluation is needed for suspicious activity."
"# OBSERVATION

Mission Phase: 1
Last Action : Analyse host:office_network_subnet_user_host_4
Last Action Status: IN_PROGRESS
Communication Vectors: 
Commvector Blue Agent 0 Message: [0, 0, 0, 0, 0, 0, 0, 1]
Commvector Blue Agent 1 Message: [0, 0, 0, 0, 0, 0, 0, 0]
Commvector Blue Agent 2 Message: [0, 0, 0, 0, 0, 0, 0, 0]
Commvector Blue Agent 3 Message: [0, 0, 0, 1, 0, 1, 0, 0]

 Suspicious Activity Detected: None",Analyse,host:office_network_subnet_user_host_4,"The last action is still in progress, indicating ongoing investigation into potential compromises."
"# OBSERVATION

Mission Phase: 1
Last Action : Remove host:office_network_subnet_user_host_4
Last Action Status: TRUE
Communication Vectors: 
Commvector Blue Agent 0 Message: [0, 0, 0, 0, 0, 0, 0, 0]
Commvector Blue Agent 1 Message: [0, 0, 0, 0, 0, 0, 0, 1]
Commvector Blue Agent 2 Message: [0, 0, 0, 0, 0, 0, 0, 1]
Commvector Blue Agent 3 Message: [0, 0, 0, 0, 0, 0, 0, 0]

 Suspicious Activity Detected: None",Analyse,host:office_network_subnet_user_host_4,Further investigation is needed since no suspicious activity was detected after the last action.
"# OBSERVATION

Mission Phase: 1
Last Action : Remove host:office_network_subnet_user_host_4
Last Action Status: IN_PROGRESS
Communication Vectors: 
Commvector Blue Agent 0 Message: [0, 0, 0, 0, 0, 0, 0, 0]
Commvector Blue Agent 1 Message: [0, 0, 0, 0, 0, 0, 0, 0]
Commvector Blue Agent 2 Message: [0, 0, 0, 0, 0, 0, 0, 0]
Commvector Blue Agent 3 Message: [0, 0, 0, 0, 0, 0, 0, 1]

 Suspicious Activity Detected: None",Remove,host:office_network_subnet_user_host_4,"The last removal action is still in progress, indicating ongoing mitigation efforts."
"# OBSERVATION

Mission Phase: 1
Last Action : Analyse host:office_network_subnet_user_host_4
Last Action Status: IN_PROGRESS
Communication Vectors: 
Commvector Blue Agent 0 Message: [1, 0, 0, 0, 0, 1, 0, 0]
Commvector Blue Agent 1 Message: [0, 0, 0, 0, 0, 0, 0, 1]
Commvector Blue Agent 2 Message: [0, 0, 0, 0, 0, 0, 0, 1]
Commvector Blue Agent 3 Message: [0, 0, 0, 0, 0, 0, 0, 0]

 Suspicious Activity Detected: None",Remove,host:office_network_subnet_user_host_4,Host has been compromised with a malicious action detected.
"# OBSERVATION

Mission Phase: 1
Last Action : Analyse host:office_network_subnet_user_host_4
Last Action Status: IN_PROGRESS
Communication Vectors: 
Commvector Blue Agent 0 Message: [0, 0, 0, 0, 0, 0, 0, 1]
Commvector Blue Agent 1 Message: [0, 0, 0, 0, 0, 0, 0, 0]
Commvector Blue Agent 2 Message: [0, 0, 0, 0, 0, 0, 0, 0]
Commvector Blue Agent 3 Message: [0, 0, 0, 0, 0, 0, 0, 0]

 Suspicious Activity Detected: None",Analyse,host:office_network_subnet_user_host_4,Continuing analysis to assess potential threats on the host during the mission phase.
"# OBSERVATION

Mission Phase: 1
Last Action : Analyse host:office_network_subnet_user_host_4
Last Action Status: IN_PROGRESS
Communication Vectors: 
Commvector Blue Agent 0 Message: [0, 0, 0, 0, 0, 0, 0, 0]
Commvector Blue Agent 1 Message: [0, 0, 0, 0, 0, 0, 0, 0]
Commvector Blue Agent 2 Message: [0, 0, 0, 0, 0, 0, 0, 1]
Commvector Blue Agent 3 Message: [0, 0, 0, 0, 0, 0, 0, 0]

 Suspicious Activity Detected: None",Analyse,host:office_network_subnet_user_host_4,Continuing to gather information as the last action is still in progress.
"# OBSERVATION

Mission Phase: 1
Last Action : Analyse host:office_network_subnet_user_host_4
Last Action Status: IN_PROGRESS
Communication Vectors: 
Commvector Blue Agent 0 Message: [0, 0, 0, 0, 0, 0, 0, 0]
Commvector Blue Agent 1 Message: [0, 0, 0, 0, 0, 0, 0, 0]
Commvector Blue Agent 2 Message: [0, 0, 0, 0, 0, 0, 0, 0]
Commvector Blue Agent 3 Message: [0, 0, 0, 0, 0, 0, 0, 0]

 Suspicious Activity Detected: None",Analyse,host:office_network_subnet_user_host_4,Continuing analysis on the host is necessary as the last action is still in progress.
"# OBSERVATION

Mission Phase: 1
Last Action : Analyse host:office_network_subnet_user_host_4
Last Action Status: IN_PROGRESS
Communication Vectors: 
Commvector Blue Agent 0 Message: [0, 0, 0, 0, 0, 0, 0, 1]
Commvector Blue Agent 1 Message: [0, 0, 0, 0, 0, 0, 0, 0]
Commvector Blue Agent 2 Message: [0, 0, 0, 0, 0, 0, 0, 1]
Commvector Blue Agent 3 Message: [0, 0, 0, 0, 0, 0, 0, 0]

 Suspicious Activity Detected: None",Analyse,host:office_network_subnet_user_host_4,"The previous analysis action is still in progress, and we need to complete it to ensure thorough examination."
"# OBSERVATION

Mission Phase: 1
Last Action : Analyse host:office_network_subnet_user_host_4
Last Action Status: IN_PROGRESS
Communication Vectors: 
Commvector Blue Agent 0 Message: [0, 0, 0, 0, 0, 0, 0, 0]
Commvector Blue Agent 1 Message: [0, 1, 0, 0, 0, 1, 0, 0]
Commvector Blue Agent 2 Message: [0, 0, 0, 0, 0, 0, 0, 0]
Commvector Blue Agent 3 Message: [0, 0, 0, 0, 0, 0, 0, 0]

 Suspicious Activity Detected: None",Analyse,host:office_network_subnet_user_host_4,The analysis is currently in progress to determine if there is any malicious activity on the host.
"# OBSERVATION

Mission Phase: 1
Last Action : Analyse host:office_network_subnet_user_host_4
Last Action Status: IN_PROGRESS
Communication Vectors: 
Commvector Blue Agent 0 Message: [0, 0, 0, 0, 0, 0, 0, 0]
Commvector Blue Agent 1 Message: [0, 0, 0, 0, 0, 0, 0, 0]
Commvector Blue Agent 2 Message: [0, 0, 0, 0, 0, 0, 0, 1]
Commvector Blue Agent 3 Message: [0, 0, 0, 0, 0, 0, 0, 1]

 Suspicious Activity Detected: None",Analyse,host:office_network_subnet_user_host_4,"The previous analysis is still in progress, and no suspicious activity has been detected."
"# OBSERVATION

Mission Phase: 1
Last Action : Analyse host:office_network_subnet_user_host_4
Last Action Status: IN_PROGRESS
Communication Vectors: 
Commvector Blue Agent 0 Message: [0, 0, 0, 0, 0, 0, 0, 0]
Commvector Blue Agent 1 Message: [0, 0, 0, 0, 0, 0, 0, 0]
Commvector Blue Agent 2 Message: [0, 0, 0, 0, 0, 0, 0, 0]
Commvector Blue Agent 3 Message: [0, 0, 0, 0, 0, 0, 0, 0]

 Suspicious Activity Detected: None",Analyse,host:office_network_subnet_user_host_4,The last action is still in progress to collect further information.
"# OBSERVATION

Mission Phase: 1
Last Action : Analyse host:office_network_subnet_user_host_4
Last Action Status: IN_PROGRESS
Communication Vectors: 
Commvector Blue Agent 0 Message: [0, 0, 0, 0, 0, 0, 0, 1]
Commvector Blue Agent 1 Message: [0, 0, 0, 0, 0, 0, 0, 0]
Commvector Blue Agent 2 Message: [0, 0, 0, 0, 0, 0, 0, 1]
Commvector Blue Agent 3 Message: [0, 0, 0, 0, 0, 0, 0, 1]

 Suspicious Activity Detected: None",Analyse,host:office_network_subnet_user_host_4,Continuing the analysis of the host to verify the status as the last action is still in progress.
"# OBSERVATION

Mission Phase: 1
Last Action : BlockTrafficZone subnet:public_access_zone
Last Action Status: FALSE
Communication Vectors: 
Commvector Blue Agent 0 Message: [0, 0, 0, 0, 0, 0, 0, 0]
Commvector Blue Agent 1 Message: [0, 0, 0, 0, 0, 0, 0, 0]
Commvector Blue Agent 2 Message: [0, 0, 0, 0, 0, 0, 0, 0]
Commvector Blue Agent 3 Message: [0, 0, 0, 0, 0, 0, 0, 0]

Suspicious Activity Detected:
- Hostname: office_network_subnet_user_host_4 | IP: 10.0.79.125",Analyse,host:office_network_subnet_user_host_4,"Suspicious activity detected on the host, requiring further investigation."
"# OBSERVATION

Mission Phase: 1
Last Action : BlockTrafficZone subnet:public_access_zone
Last Action Status: FALSE
Communication Vectors: 
Commvector Blue Agent 0 Message: [0, 0, 0, 0, 0, 0, 0, 1]
Commvector Blue Agent 1 Message: [0, 0, 0, 0, 0, 0, 0, 0]
Commvector Blue Agent 2 Message: [0, 0, 0, 0, 0, 0, 0, 1]
Commvector Blue Agent 3 Message: [0, 0, 0, 0, 0, 0, 0, 0]

 Suspicious Activity Detected: None",BlockTrafficZone,subnet:public_access_zone,"To prevent any potential red activities, even though the last action was unsuccessful."
"# OBSERVATION

Mission Phase: 1
Last Action : Remove host:public_access_zone
Last Action Status: FALSE
Communication Vectors: 
Commvector Blue Agent 0 Message: [0, 0, 0, 0, 0, 0, 0, 0]
Commvector Blue Agent 1 Message: [0, 0, 0, 0, 0, 0, 0, 0]
Commvector Blue Agent 2 Message: [0, 0, 0, 0, 0, 0, 0, 0]
Commvector Blue Agent 3 Message: [0, 0, 0, 0, 0, 0, 0, 1]

 Suspicious Activity Detected: None",BlockTrafficZone,subnet:public_access_zone,"No suspicious activity detected, but proactive measures should be taken to secure the public access zone."
"# OBSERVATION

Mission Phase: 1
Last Action : AllowTrafficZone subnet:admin_network
Last Action Status: FALSE
Communication Vectors: 
Commvector Blue Agent 0 Message: [1, 0, 0, 0, 0, 1, 0, 0]
Commvector Blue Agent 1 Message: [0, 0, 0, 0, 0, 0, 0, 0]
Commvector Blue Agent 2 Message: [0, 0, 0, 0, 0, 0, 0, 1]
Commvector Blue Agent 3 Message: [0, 0, 0, 0, 0, 0, 0, 0]

 Suspicious Activity Detected: None",Remove,host:public_access_zone,Malicious action detected in the public access zone indicating a compromised host.
"# OBSERVATION

Mission Phase: 1
Last Action : AllowTrafficZone subnet:admin_network
Last Action Status: FALSE
Communication Vectors: 
Commvector Blue Agent 0 Message: [0, 0, 0, 0, 0, 0, 0, 1]
Commvector Blue Agent 1 Message: [0, 0, 0, 0, 0, 0, 0, 0]
Commvector Blue Agent 2 Message: [0, 0, 0, 0, 0, 0, 0, 0]
Commvector Blue Agent 3 Message: [0, 0, 0, 0, 0, 0, 0, 1]

 Suspicious Activity Detected: None",AllowTrafficZone,subnet:admin_network,Attempting to ensure network connectivity for administrative functions.
"# OBSERVATION

Mission Phase: 1
Last Action : AllowTrafficZone subnet:admin_network
Last Action Status: FALSE
Communication Vectors: 
Commvector Blue Agent 0 Message: [0, 0, 0, 0, 0, 0, 0, 1]
Commvector Blue Agent 1 Message: [0, 0, 0, 0, 0, 0, 0, 0]
Commvector Blue Agent 2 Message: [0, 0, 0, 0, 0, 0, 0, 1]
Commvector Blue Agent 3 Message: [0, 0, 0, 0, 0, 0, 0, 0]

 Suspicious Activity Detected: None",AllowTrafficZone,subnet:admin_network,"The last action to allow traffic was unsuccessful, indicating that the zone is still blocked and needs to be unblocked for proper operation."
"# OBSERVATION

Mission Phase: 1
Last Action : BlockTrafficZone subnet:admin_network
Last Action Status: FALSE
Communication Vectors: 
Commvector Blue Agent 0 Message: [0, 0, 0, 0, 0, 0, 0, 0]
Commvector Blue Agent 1 Message: [0, 0, 0, 0, 0, 0, 0, 0]
Commvector Blue Agent 2 Message: [0, 0, 0, 0, 0, 0, 0, 0]
Commvector Blue Agent 3 Message: [0, 0, 0, 0, 0, 0, 0, 1]

 Suspicious Activity Detected: None",AllowTrafficZone,subnet:admin_network,"The last action to block the traffic in the admin network failed, indicating the zone is not blocked as intended."
"# OBSERVATION

Mission Phase: 1
Last Action : BlockTrafficZone subnet:admin_network
Last Action Status: FALSE
Communication Vectors: 
Commvector Blue Agent 0 Message: [0, 0, 0, 0, 0, 0, 0, 0]
Commvector Blue Agent 1 Message: [0, 0, 0, 0, 0, 0, 0, 0]
Commvector Blue Agent 2 Message: [0, 0, 0, 0, 0, 0, 0, 1]
Commvector Blue Agent 3 Message: [0, 0, 0, 0, 0, 0, 0, 1]

 Suspicious Activity Detected: None",BlockTrafficZone,subnet:admin_network,Zone is currently not blocked despite last action attempt being unsuccessful.
"# OBSERVATION

Mission Phase: 1
Last Action : BlockTrafficZone subnet:admin_network
Last Action Status: FALSE
Communication Vectors: 
Commvector Blue Agent 0 Message: [0, 0, 0, 0, 0, 0, 0, 0]
Commvector Blue Agent 1 Message: [0, 0, 0, 0, 0, 0, 0, 0]
Commvector Blue Agent 2 Message: [0, 0, 0, 0, 0, 0, 0, 0]
Commvector Blue Agent 3 Message: [0, 0, 0, 0, 0, 0, 0, 0]

 Suspicious Activity Detected: None",BlockTrafficZone,subnet:admin_network,The zone should be blocked to prevent any potential access during the pre-planning phase.
"# OBSERVATION

Mission Phase: 1
Last Action : AllowTrafficZone subnet:admin_network
Last Action Status: FALSE
Communication Vectors: 
Commvector Blue Agent 0 Message: [0, 0, 0, 0, 0, 0, 0, 1]
Commvector Blue Agent 1 Message: [0, 0, 0, 0, 0, 0, 0, 0]
Commvector Blue Agent 2 Message: [0, 0, 0, 0, 0, 0, 0, 0]
Commvector Blue Agent 3 Message: [0, 0, 0, 0, 0, 0, 0, 1]

 Suspicious Activity Detected: None",BlockTrafficZone,subnet:admin_network,Need to restrict access to the admin network as the last action to allow traffic was unsuccessful.
"# OBSERVATION

Mission Phase: 1
Last Action : AllowTrafficZone subnet:admin_network
Last Action Status: FALSE
Communication Vectors: 
Commvector Blue Agent 0 Message: [0, 0, 0, 0, 0, 0, 0, 0]
Commvector Blue Agent 1 Message: [0, 0, 0, 0, 0, 0, 0, 0]
Commvector Blue Agent 2 Message: [0, 0, 0, 0, 0, 0, 0, 1]
Commvector Blue Agent 3 Message: [0, 0, 0, 0, 0, 0, 0, 0]

 Suspicious Activity Detected: None",AllowTrafficZone,subnet:admin_network,The zone is currently blocked and needs to allow traffic for operational integrity.
"# OBSERVATION

Mission Phase: 1
Last Action : AllowTrafficZone subnet:admin_network
Last Action Status: FALSE
Communication Vectors: 
Commvector Blue Agent 0 Message: [0, 0, 0, 0, 0, 0, 0, 1]
Commvector Blue Agent 1 Message: [0, 0, 0, 0, 0, 0, 0, 0]
Commvector Blue Agent 2 Message: [0, 0, 0, 0, 0, 0, 0, 0]
Commvector Blue Agent 3 Message: [0, 0, 0, 0, 0, 0, 0, 0]

 Suspicious Activity Detected: None",AllowTrafficZone,subnet:admin_network,"Traffic is currently blocked, but the last action to allow it was unsuccessful."
"# OBSERVATION

Mission Phase: 1
Last Action : BlockTrafficZone subnet:admin_network
Last Action Status: FALSE
Communication Vectors: 
Commvector Blue Agent 0 Message: [0, 0, 0, 0, 0, 0, 0, 1]
Commvector Blue Agent 1 Message: [0, 0, 0, 0, 0, 0, 0, 0]
Commvector Blue Agent 2 Message: [0, 0, 0, 0, 0, 0, 0, 1]
Commvector Blue Agent 3 Message: [0, 0, 0, 0, 0, 0, 0, 0]

 Suspicious Activity Detected: None",AllowTrafficZone,subnet:admin_network,The last action to block the admin network was unsuccessful.
"# OBSERVATION

Mission Phase: 1
Last Action : BlockTrafficZone subnet:admin_network
Last Action Status: FALSE
Communication Vectors: 
Commvector Blue Agent 0 Message: [0, 0, 0, 0, 0, 0, 0, 0]
Commvector Blue Agent 1 Message: [0, 0, 0, 0, 0, 0, 0, 0]
Commvector Blue Agent 2 Message: [0, 0, 0, 0, 0, 0, 0, 0]
Commvector Blue Agent 3 Message: [0, 0, 0, 0, 0, 0, 0, 1]

 Suspicious Activity Detected: None",BlockTrafficZone,subnet:admin_network,Ensuring the admin network remains isolated to maintain security.
"# OBSERVATION

Mission Phase: 1
Last Action : AllowTrafficZone subnet:admin_network
Last Action Status: FALSE
Communication Vectors: 
Commvector Blue Agent 0 Message: [0, 0, 0, 0, 0, 0, 0, 0]
Commvector Blue Agent 1 Message: [0, 0, 0, 0, 0, 0, 0, 0]
Commvector Blue Agent 2 Message: [0, 0, 0, 0, 0, 0, 0, 1]
Commvector Blue Agent 3 Message: [0, 0, 0, 0, 0, 0, 0, 0]

 Suspicious Activity Detected: None",BlockTrafficZone,subnet:admin_network,The admin network is potentially at risk and should be isolated to prevent any unwanted access.
"# OBSERVATION

Mission Phase: 1
Last Action : AllowTrafficZone subnet:admin_network
Last Action Status: FALSE
Communication Vectors: 
Commvector Blue Agent 0 Message: [0, 0, 0, 0, 0, 0, 0, 1]
Commvector Blue Agent 1 Message: [0, 0, 0, 0, 0, 0, 0, 0]
Commvector Blue Agent 2 Message: [0, 0, 0, 0, 0, 0, 0, 0]
Commvector Blue Agent 3 Message: [0, 0, 0, 0, 0, 0, 0, 0]

 Suspicious Activity Detected: None",AllowTrafficZone,subnet:admin_network,The previous action to allow traffic was unsuccessful and needs to be retried.
"# OBSERVATION

Mission Phase: 1
Last Action : AllowTrafficZone subnet:admin_network
Last Action Status: FALSE
Communication Vectors: 
Commvector Blue Agent 0 Message: [0, 0, 0, 0, 0, 0, 0, 0]
Commvector Blue Agent 1 Message: [0, 0, 0, 0, 0, 0, 0, 0]
Commvector Blue Agent 2 Message: [0, 0, 0, 0, 0, 0, 0, 1]
Commvector Blue Agent 3 Message: [0, 0, 0, 0, 0, 0, 0, 0]

 Suspicious Activity Detected: None",AllowTrafficZone,subnet:admin_network,"The last action to allow traffic was not successful, and the current mission phase allows for standard network connectivity."
"# OBSERVATION

Mission Phase: 1
Last Action : AllowTrafficZone subnet:admin_network
Last Action Status: FALSE
Communication Vectors: 
Commvector Blue Agent 0 Message: [0, 0, 0, 0, 0, 0, 0, 0]
Commvector Blue Agent 1 Message: [0, 0, 0, 0, 0, 0, 0, 0]
Commvector Blue Agent 2 Message: [0, 0, 0, 0, 0, 0, 0, 0]
Commvector Blue Agent 3 Message: [0, 0, 0, 0, 0, 0, 0, 0]

 Suspicious Activity Detected: None",AllowTrafficZone,subnet:admin_network,The zone is not currently in the desired state and needs to allow traffic as part of network operation.
"# OBSERVATION

Mission Phase: 1
Last Action : AllowTrafficZone subnet:admin_network
Last Action Status: FALSE
Communication Vectors: 
Commvector Blue Agent 0 Message: [0, 0, 0, 0, 0, 0, 0, 1]
Commvector Blue Agent 1 Message: [0, 0, 0, 0, 0, 0, 0, 0]
Commvector Blue Agent 2 Message: [0, 0, 0, 0, 0, 0, 0, 1]
Commvector Blue Agent 3 Message: [0, 0, 0, 0, 0, 0, 0, 1]

 Suspicious Activity Detected: None",AllowTrafficZone,subnet:admin_network,Continuing to ensure proper connectivity in the admin network during pre-planning phase.
"# OBSERVATION

Mission Phase: 1
Last Action : AllowTrafficZone subnet:admin_network
Last Action Status: FALSE
Communication Vectors: 
Commvector Blue Agent 0 Message: [0, 0, 0, 0, 0, 0, 0, 0]
Commvector Blue Agent 1 Message: [0, 0, 0, 0, 0, 0, 0, 0]
Commvector Blue Agent 2 Message: [0, 0, 0, 0, 0, 0, 0, 0]
Commvector Blue Agent 3 Message: [0, 0, 0, 0, 0, 0, 0, 0]

 Suspicious Activity Detected: None",AllowTrafficZone,subnet:admin_network,To ensure standard network connectivity during the pre-planning phase.
"# OBSERVATION

Mission Phase: 1
Last Action : AllowTrafficZone subnet:admin_network
Last Action Status: FALSE
Communication Vectors: 
Commvector Blue Agent 0 Message: [0, 0, 0, 0, 0, 0, 0, 0]
Commvector Blue Agent 1 Message: [0, 0, 0, 0, 0, 0, 0, 0]
Commvector Blue Agent 2 Message: [0, 0, 0, 0, 0, 0, 0, 1]
Commvector Blue Agent 3 Message: [0, 0, 0, 0, 0, 0, 0, 0]

 Suspicious Activity Detected: None",AllowTrafficZone,subnet:admin_network,"Traffic in the admin network is currently blocked, and the last action to allow it was unsuccessful."
"# OBSERVATION

Mission Phase: 1
Last Action : AllowTrafficZone subnet:admin_network
Last Action Status: FALSE
Communication Vectors: 
Commvector Blue Agent 0 Message: [0, 0, 0, 0, 0, 0, 0, 0]
Commvector Blue Agent 1 Message: [0, 0, 0, 0, 0, 0, 0, 0]
Commvector Blue Agent 2 Message: [0, 0, 0, 0, 0, 0, 0, 0]
Commvector Blue Agent 3 Message: [0, 0, 0, 0, 0, 0, 0, 1]

 Suspicious Activity Detected: None",AllowTrafficZone,subnet:admin_network,"The previous attempt to allow traffic was unsuccessful, indicating the zone may still be blocked."
"# OBSERVATION

Mission Phase: 1
Last Action : AllowTrafficZone subnet:admin_network
Last Action Status: FALSE
Communication Vectors: 
Commvector Blue Agent 0 Message: [0, 0, 0, 0, 0, 0, 0, 0]
Commvector Blue Agent 1 Message: [0, 0, 0, 0, 0, 0, 0, 0]
Commvector Blue Agent 2 Message: [0, 0, 0, 0, 0, 0, 0, 0]
Commvector Blue Agent 3 Message: [0, 0, 0, 0, 0, 0, 0, 0]

 Suspicious Activity Detected: None",AllowTrafficZone,subnet:admin_network,"Previous action was unsuccessful, indicating the zone needs to be allowed for traffic."
"# OBSERVATION

Mission Phase: 1
Last Action : AllowTrafficZone subnet:admin_network
Last Action Status: FALSE
Communication Vectors: 
Commvector Blue Agent 0 Message: [0, 0, 0, 0, 0, 0, 0, 0]
Commvector Blue Agent 1 Message: [0, 0, 0, 0, 0, 0, 0, 0]
Commvector Blue Agent 2 Message: [0, 0, 0, 0, 0, 0, 0, 1]
Commvector Blue Agent 3 Message: [0, 0, 0, 0, 0, 0, 0, 0]

 Suspicious Activity Detected: None",AllowTrafficZone,subnet:admin_network,"The previous attempt to allow traffic was unsuccessful, and we need to ensure connectivity in the admin network."
"# OBSERVATION

Mission Phase: 1
Last Action : AllowTrafficZone subnet:admin_network
Last Action Status: FALSE
Communication Vectors: 
Commvector Blue Agent 0 Message: [0, 0, 0, 0, 0, 0, 0, 0]
Commvector Blue Agent 1 Message: [0, 0, 0, 0, 0, 0, 0, 0]
Commvector Blue Agent 2 Message: [0, 0, 0, 0, 0, 0, 0, 1]
Commvector Blue Agent 3 Message: [0, 0, 0, 0, 0, 0, 0, 0]

 Suspicious Activity Detected: None",AllowTrafficZone,subnet:admin_network,"The last action to allow traffic was unsuccessful, indicating the zone is currently blocked and needs to be allowed for normal operations."
"# OBSERVATION

Mission Phase: 1
Last Action : AllowTrafficZone subnet:admin_network
Last Action Status: FALSE
Communication Vectors: 
Commvector Blue Agent 0 Message: [0, 0, 0, 0, 0, 0, 0, 0]
Commvector Blue Agent 1 Message: [0, 0, 0, 0, 0, 0, 0, 0]
Commvector Blue Agent 2 Message: [0, 0, 0, 0, 0, 0, 0, 0]
Commvector Blue Agent 3 Message: [0, 0, 0, 0, 0, 0, 0, 1]

 Suspicious Activity Detected: None",AllowTrafficZone,subnet:admin_network,Attempting to restore connectivity in the admin network after the last action failed.
"# OBSERVATION

Mission Phase: 1
Last Action : AllowTrafficZone subnet:admin_network
Last Action Status: FALSE
Communication Vectors: 
Commvector Blue Agent 0 Message: [0, 0, 0, 0, 0, 0, 0, 1]
Commvector Blue Agent 1 Message: [0, 0, 0, 0, 0, 0, 0, 1]
Commvector Blue Agent 2 Message: [0, 0, 0, 0, 0, 0, 0, 1]
Commvector Blue Agent 3 Message: [0, 0, 0, 0, 0, 0, 0, 1]

 Suspicious Activity Detected: None",AllowTrafficZone,subnet:admin_network,"The action to allow traffic in the admin network was unsuccessful, indicating a need to attempt it again."
"# OBSERVATION

Mission Phase: 1
Last Action : AllowTrafficZone subnet:admin_network
Last Action Status: FALSE
Communication Vectors: 
Commvector Blue Agent 0 Message: [0, 0, 0, 0, 0, 0, 0, 0]
Commvector Blue Agent 1 Message: [0, 0, 0, 0, 0, 0, 0, 0]
Commvector Blue Agent 2 Message: [0, 0, 0, 0, 0, 0, 0, 0]
Commvector Blue Agent 3 Message: [0, 0, 0, 1, 0, 1, 0, 0]

 Suspicious Activity Detected: None",AllowTrafficZone,subnet:admin_network,"The last action to allow traffic was unsuccessful, and it's essential to ensure that the admin network can communicate as needed."
"# OBSERVATION

Mission Phase: 1
Last Action : AllowTrafficZone subnet:admin_network
Last Action Status: FALSE
Communication Vectors: 
Commvector Blue Agent 0 Message: [0, 0, 0, 0, 0, 0, 0, 0]
Commvector Blue Agent 1 Message: [0, 0, 0, 0, 0, 0, 0, 0]
Commvector Blue Agent 2 Message: [0, 0, 0, 0, 0, 0, 0, 1]
Commvector Blue Agent 3 Message: [0, 0, 0, 0, 0, 0, 0, 0]

 Suspicious Activity Detected: None",AllowTrafficZone,subnet:admin_network,"The action to allow traffic was not successful, and the network requires connectivity."
"# OBSERVATION

Mission Phase: 1
Last Action : AllowTrafficZone subnet:admin_network
Last Action Status: FALSE
Communication Vectors: 
Commvector Blue Agent 0 Message: [0, 0, 0, 0, 0, 0, 0, 0]
Commvector Blue Agent 1 Message: [0, 0, 0, 0, 0, 0, 0, 0]
Commvector Blue Agent 2 Message: [0, 0, 0, 0, 0, 0, 0, 0]
Commvector Blue Agent 3 Message: [0, 0, 0, 0, 0, 0, 0, 0]

 Suspicious Activity Detected: None",AllowTrafficZone,subnet:admin_network,"The last action to allow traffic was unsuccessful, indicating a need to ensure connectivity in the admin network."
"# OBSERVATION

Mission Phase: 1
Last Action : Analyse host:admin_network_subnet_user_host_9
Last Action Status: IN_PROGRESS
Communication Vectors: 
Commvector Blue Agent 0 Message: [0, 0, 0, 0, 0, 0, 0, 0]
Commvector Blue Agent 1 Message: [0, 0, 0, 0, 0, 0, 0, 0]
Commvector Blue Agent 2 Message: [0, 0, 0, 0, 0, 0, 0, 1]
Commvector Blue Agent 3 Message: [0, 0, 0, 0, 0, 0, 0, 0]

 Suspicious Activity Detected: None",AllowTrafficZone,subnet:admin_network,Traffic needs to be allowed to facilitate operations since the mission phase is pre-planning and there are no detected threats.
"# OBSERVATION

Mission Phase: 1
Last Action : Analyse host:admin_network_subnet_user_host_9
Last Action Status: IN_PROGRESS
Communication Vectors: 
Commvector Blue Agent 0 Message: [0, 0, 0, 0, 0, 0, 0, 0]
Commvector Blue Agent 1 Message: [0, 0, 0, 0, 0, 0, 0, 0]
Commvector Blue Agent 2 Message: [0, 0, 0, 0, 0, 0, 0, 0]
Commvector Blue Agent 3 Message: [0, 0, 0, 0, 0, 0, 0, 0]

 Suspicious Activity Detected: None",Analyse,host:admin_network_subnet_user_host_9,"The previous analysis action is still in progress, so no further action is needed at this moment."
"# OBSERVATION

Mission Phase: 1
Last Action : Analyse host:admin_network_subnet_user_host_9
Last Action Status: IN_PROGRESS
Communication Vectors: 
Commvector Blue Agent 0 Message: [0, 0, 0, 0, 0, 0, 0, 1]
Commvector Blue Agent 1 Message: [0, 0, 0, 0, 0, 0, 0, 0]
Commvector Blue Agent 2 Message: [0, 0, 0, 0, 0, 0, 0, 1]
Commvector Blue Agent 3 Message: [0, 0, 0, 0, 0, 0, 0, 1]

 Suspicious Activity Detected: None",Analyse,host:admin_network_subnet_user_host_9,Continuing the analysis to determine if red activity is present since last action is still in progress.
"# OBSERVATION

Mission Phase: 1
Last Action : Analyse host:admin_network_subnet_user_host_9
Last Action Status: IN_PROGRESS
Communication Vectors: 
Commvector Blue Agent 0 Message: [0, 0, 0, 0, 0, 0, 0, 0]
Commvector Blue Agent 1 Message: [0, 0, 0, 0, 0, 0, 0, 1]
Commvector Blue Agent 2 Message: [0, 0, 0, 0, 0, 0, 0, 0]
Commvector Blue Agent 3 Message: [0, 0, 0, 0, 0, 0, 0, 0]

 Suspicious Activity Detected: None",Analyse,host:admin_network_subnet_user_host_9,The analysis is currently in progress and should be allowed to complete.
"# OBSERVATION

Mission Phase: 1
Last Action : Analyse host:office_network_subnet_server_host_2
Last Action Status: IN_PROGRESS
Communication Vectors: 
Commvector Blue Agent 0 Message: [0, 0, 0, 0, 0, 0, 0, 1]
Commvector Blue Agent 1 Message: [0, 0, 0, 0, 0, 0, 0, 0]
Commvector Blue Agent 2 Message: [0, 0, 0, 0, 0, 0, 0, 1]
Commvector Blue Agent 3 Message: [0, 0, 0, 1, 0, 1, 0, 1]

Suspicious Activity Detected:
- Hostname: admin_network_subnet_user_host_9 | IP: 10.0.34.101",Analyse,host:admin_network_subnet_user_host_9,"Suspicious activity detected on the host, warranting further investigation."
"# OBSERVATION

Mission Phase: 1
Last Action : Analyse host:office_network_subnet_server_host_2
Last Action Status: IN_PROGRESS
Communication Vectors: 
Commvector Blue Agent 0 Message: [0, 0, 0, 0, 0, 0, 0, 0]
Commvector Blue Agent 1 Message: [0, 0, 0, 0, 0, 0, 0, 1]
Commvector Blue Agent 2 Message: [0, 0, 0, 0, 0, 0, 0, 0]
Commvector Blue Agent 3 Message: [0, 0, 0, 0, 0, 0, 0, 0]

 Suspicious Activity Detected: None",Analyse,host:office_network_subnet_server_host_2,Continuing the investigation on the host where suspicious activity is being analyzed.
"# OBSERVATION

Mission Phase: 1
Last Action : Analyse host:office_network_subnet_server_host_2
Last Action Status: IN_PROGRESS
Communication Vectors: 
Commvector Blue Agent 0 Message: [1, 0, 0, 0, 0, 1, 0, 0]
Commvector Blue Agent 1 Message: [0, 0, 0, 0, 0, 0, 0, 0]
Commvector Blue Agent 2 Message: [0, 0, 0, 0, 0, 0, 0, 1]
Commvector Blue Agent 3 Message: [0, 0, 0, 0, 0, 0, 0, 0]

 Suspicious Activity Detected: None",Analyse,host:office_network_subnet_server_host_2,Continuing analysis to determine the presence of red agents as the previous action is still in progress.
"# OBSERVATION

Mission Phase: 1
Last Action : Analyse host:office_network_subnet_server_host_2
Last Action Status: IN_PROGRESS
Communication Vectors: 
Commvector Blue Agent 0 Message: [0, 0, 0, 0, 0, 0, 0, 1]
Commvector Blue Agent 1 Message: [0, 0, 0, 0, 0, 0, 0, 0]
Commvector Blue Agent 2 Message: [0, 0, 0, 0, 0, 0, 0, 0]
Commvector Blue Agent 3 Message: [0, 0, 0, 0, 0, 0, 0, 0]

 Suspicious Activity Detected: None",Analyse,host:office_network_subnet_server_host_2,Continuing the analysis process to determine if there are any threats present on the host.
"# OBSERVATION

Mission Phase: 1
Last Action : Analyse host:office_network_subnet_server_host_2
Last Action Status: IN_PROGRESS
Communication Vectors: 
Commvector Blue Agent 0 Message: [0, 0, 0, 0, 0, 0, 0, 0]
Commvector Blue Agent 1 Message: [0, 0, 0, 0, 0, 0, 0, 0]
Commvector Blue Agent 2 Message: [0, 0, 0, 0, 0, 0, 0, 1]
Commvector Blue Agent 3 Message: [0, 0, 0, 0, 0, 0, 0, 0]

 Suspicious Activity Detected: None",Analyse,host:office_network_subnet_server_host_2,Continuing to assess the host for potential red activity as the previous analysis is still in progress.
"# OBSERVATION

Mission Phase: 1
Last Action : Analyse host:office_network_subnet_server_host_2
Last Action Status: IN_PROGRESS
Communication Vectors: 
Commvector Blue Agent 0 Message: [0, 0, 0, 0, 0, 0, 0, 1]
Commvector Blue Agent 1 Message: [0, 0, 0, 0, 0, 0, 0, 0]
Commvector Blue Agent 2 Message: [0, 0, 0, 0, 0, 0, 0, 0]
Commvector Blue Agent 3 Message: [0, 0, 0, 0, 0, 0, 0, 1]

 Suspicious Activity Detected: None",Analyse,host:office_network_subnet_server_host_2,"Last action is still in progress, continuing to analyze the host."
"# OBSERVATION

Mission Phase: 1
Last Action : Analyse host:office_network_subnet_server_host_2
Last Action Status: IN_PROGRESS
Communication Vectors: 
Commvector Blue Agent 0 Message: [0, 0, 0, 0, 0, 0, 0, 0]
Commvector Blue Agent 1 Message: [0, 0, 0, 0, 0, 0, 0, 0]
Commvector Blue Agent 2 Message: [0, 0, 0, 0, 0, 0, 0, 1]
Commvector Blue Agent 3 Message: [0, 0, 0, 0, 0, 0, 0, 0]

 Suspicious Activity Detected: None",Analyse,host:office_network_subnet_server_host_2,"The last action is still in progress, indicating further investigation is necessary."
"# OBSERVATION

Mission Phase: 1
Last Action : Analyse host:office_network_subnet_server_host_2
Last Action Status: IN_PROGRESS
Communication Vectors: 
Commvector Blue Agent 0 Message: [0, 0, 0, 0, 0, 0, 0, 0]
Commvector Blue Agent 1 Message: [0, 0, 0, 0, 0, 0, 0, 0]
Commvector Blue Agent 2 Message: [0, 0, 0, 0, 0, 0, 0, 0]
Commvector Blue Agent 3 Message: [0, 0, 0, 0, 0, 0, 0, 1]

 Suspicious Activity Detected: None",Analyse,host:office_network_subnet_server_host_2,Continue ongoing analysis to ensure no malicious activity is present.
"# OBSERVATION

Mission Phase: 1
Last Action : Analyse host:office_network_subnet_server_host_2
Last Action Status: IN_PROGRESS
Communication Vectors: 
Commvector Blue Agent 0 Message: [0, 0, 0, 0, 0, 0, 0, 1]
Commvector Blue Agent 1 Message: [0, 0, 0, 0, 0, 0, 0, 0]
Commvector Blue Agent 2 Message: [0, 0, 0, 0, 0, 0, 0, 1]
Commvector Blue Agent 3 Message: [0, 0, 0, 0, 0, 0, 0, 0]

 Suspicious Activity Detected: None",Analyse,host:office_network_subnet_server_host_2,Continuing the analysis on the host as the last action is still in progress.
"# OBSERVATION

Mission Phase: 1
Last Action : AllowTrafficZone subnet:public_access_zone
Last Action Status: FALSE
Communication Vectors: 
Commvector Blue Agent 0 Message: [0, 0, 0, 0, 0, 0, 0, 0]
Commvector Blue Agent 1 Message: [0, 0, 0, 0, 0, 0, 0, 0]
Commvector Blue Agent 2 Message: [0, 0, 0, 0, 0, 0, 0, 0]
Commvector Blue Agent 3 Message: [0, 0, 0, 0, 0, 0, 0, 0]

Suspicious Activity Detected:
- Hostname: office_network_subnet_server_host_2 | IP: 10.0.60.114 | INFO: Connection to 10.0.79.252 | INFO: Connection to 10.0.79.252",Analyse,host:office_network_subnet_server_host_2,"Suspicious connections have been detected on the server, indicating potential red activity."
"# OBSERVATION

Mission Phase: 1
Last Action : AllowTrafficZone subnet:public_access_zone
Last Action Status: FALSE
Communication Vectors: 
Commvector Blue Agent 0 Message: [0, 0, 0, 0, 0, 0, 0, 1]
Commvector Blue Agent 1 Message: [0, 0, 0, 0, 0, 0, 0, 0]
Commvector Blue Agent 2 Message: [0, 0, 0, 0, 0, 0, 0, 1]
Commvector Blue Agent 3 Message: [0, 0, 0, 0, 0, 0, 0, 0]

 Suspicious Activity Detected: None",AllowTrafficZone,subnet:public_access_zone,The last action to allow traffic was unsuccessful and the zone requires connectivity.
"# OBSERVATION

Mission Phase: 1
Last Action : AllowTrafficZone subnet:public_access_zone
Last Action Status: FALSE
Communication Vectors: 
Commvector Blue Agent 0 Message: [0, 0, 0, 0, 0, 0, 0, 1]
Commvector Blue Agent 1 Message: [0, 0, 0, 0, 0, 0, 0, 0]
Commvector Blue Agent 2 Message: [0, 0, 0, 0, 0, 0, 0, 0]
Commvector Blue Agent 3 Message: [0, 0, 0, 0, 0, 0, 0, 0]

 Suspicious Activity Detected: None",AllowTrafficZone,subnet:public_access_zone,The action to allow traffic to this zone was unsuccessful and needs to be retried.
"# OBSERVATION

Mission Phase: 1
Last Action : AllowTrafficZone subnet:public_access_zone
Last Action Status: FALSE
Communication Vectors: 
Commvector Blue Agent 0 Message: [0, 0, 0, 0, 0, 0, 0, 0]
Commvector Blue Agent 1 Message: [0, 0, 0, 0, 0, 0, 0, 0]
Commvector Blue Agent 2 Message: [0, 0, 0, 0, 0, 0, 0, 1]
Commvector Blue Agent 3 Message: [0, 0, 0, 0, 0, 0, 0, 0]

 Suspicious Activity Detected: None",AllowTrafficZone,subnet:public_access_zone,"The last action to allow traffic was unsuccessful, indicating a need to re-attempt it."
"# OBSERVATION

Mission Phase: 1
Last Action : AllowTrafficZone subnet:public_access_zone
Last Action Status: FALSE
Communication Vectors: 
Commvector Blue Agent 0 Message: [0, 0, 0, 0, 0, 0, 0, 0]
Commvector Blue Agent 1 Message: [0, 0, 0, 0, 0, 0, 0, 0]
Commvector Blue Agent 2 Message: [0, 0, 0, 0, 0, 0, 0, 0]
Commvector Blue Agent 3 Message: [0, 0, 0, 0, 0, 0, 0, 1]

 Suspicious Activity Detected: None",AllowTrafficZone,subnet:public_access_zone,"The last action to allow traffic was unsuccessful, indicating the zone may still need to be unlocked for communication."
"# OBSERVATION

Mission Phase: 1
Last Action : AllowTrafficZone subnet:public_access_zone
Last Action Status: FALSE
Communication Vectors: 
Commvector Blue Agent 0 Message: [0, 0, 0, 0, 0, 0, 0, 1]
Commvector Blue Agent 1 Message: [0, 0, 0, 0, 0, 0, 0, 0]
Commvector Blue Agent 2 Message: [0, 0, 0, 0, 0, 0, 0, 1]
Commvector Blue Agent 3 Message: [0, 0, 0, 0, 0, 0, 0, 0]

 Suspicious Activity Detected: None",AllowTrafficZone,subnet:public_access_zone,"Action is meant to ensure connectivity in a low-priority mission phase, although it was previously reported as already in the desired state."
"# OBSERVATION

Mission Phase: 1
Last Action : AllowTrafficZone subnet:public_access_zone
Last Action Status: FALSE
Communication Vectors: 
Commvector Blue Agent 0 Message: [0, 0, 0, 0, 0, 0, 0, 0]
Commvector Blue Agent 1 Message: [0, 0, 0, 0, 0, 0, 0, 0]
Commvector Blue Agent 2 Message: [0, 0, 0, 0, 0, 0, 0, 0]
Commvector Blue Agent 3 Message: [0, 0, 0, 0, 0, 0, 0, 1]

 Suspicious Activity Detected: None",AllowTrafficZone,subnet:public_access_zone,"Attempting to establish connectivity, as the last action was unsuccessful."
"# OBSERVATION

Mission Phase: 1
Last Action : AllowTrafficZone subnet:public_access_zone
Last Action Status: FALSE
Communication Vectors: 
Commvector Blue Agent 0 Message: [0, 0, 0, 0, 0, 0, 0, 0]
Commvector Blue Agent 1 Message: [0, 0, 0, 0, 0, 0, 0, 0]
Commvector Blue Agent 2 Message: [0, 0, 0, 0, 0, 0, 0, 1]
Commvector Blue Agent 3 Message: [0, 0, 0, 0, 0, 0, 0, 0]

 Suspicious Activity Detected: None",AllowTrafficZone,subnet:public_access_zone,"Previous attempt to allow traffic was unsuccessful, indicating the zone was not already in the desired state."
"# OBSERVATION

Mission Phase: 1
Last Action : AllowTrafficZone subnet:public_access_zone
Last Action Status: FALSE
Communication Vectors: 
Commvector Blue Agent 0 Message: [0, 0, 0, 0, 0, 0, 0, 0]
Commvector Blue Agent 1 Message: [0, 0, 0, 0, 0, 0, 0, 1]
Commvector Blue Agent 2 Message: [0, 0, 0, 0, 0, 0, 0, 0]
Commvector Blue Agent 3 Message: [0, 0, 0, 0, 0, 0, 0, 0]

 Suspicious Activity Detected: None",AllowTrafficZone,subnet:public_access_zone,"The zone needs to allow traffic, and the last action was unsuccessful."
"# OBSERVATION

Mission Phase: 1
Last Action : Analyse host:public_access_zone_subnet_server_host_0
Last Action Status: IN_PROGRESS
Communication Vectors: 
Commvector Blue Agent 0 Message: [0, 0, 0, 0, 0, 0, 0, 0]
Commvector Blue Agent 1 Message: [0, 0, 0, 0, 0, 0, 0, 0]
Commvector Blue Agent 2 Message: [0, 0, 0, 0, 0, 0, 0, 1]
Commvector Blue Agent 3 Message: [0, 0, 0, 0, 0, 0, 0, 1]

 Suspicious Activity Detected: None",AllowTrafficZone,subnet:public_access_zone,Network connectivity is important in Phase 1 and no suspicious activity detected.
"# OBSERVATION

Mission Phase: 1
Last Action : Analyse host:public_access_zone_subnet_server_host_0
Last Action Status: IN_PROGRESS
Communication Vectors: 
Commvector Blue Agent 0 Message: [0, 0, 0, 0, 0, 0, 0, 1]
Commvector Blue Agent 1 Message: [0, 0, 0, 0, 0, 0, 0, 0]
Commvector Blue Agent 2 Message: [0, 0, 0, 0, 0, 0, 0, 0]
Commvector Blue Agent 3 Message: [0, 0, 0, 0, 0, 0, 0, 0]

 Suspicious Activity Detected: None",Analyse,host:public_access_zone_subnet_server_host_0,Continuing to analyze the host as the previous analysis action is still in progress and no malicious activity has been detected.
"# OBSERVATION

Mission Phase: 1
Last Action : Analyse host:public_access_zone_subnet_server_host_0
Last Action Status: IN_PROGRESS
Communication Vectors: 
Commvector Blue Agent 0 Message: [0, 0, 0, 0, 0, 0, 0, 0]
Commvector Blue Agent 1 Message: [0, 0, 0, 0, 0, 0, 0, 1]
Commvector Blue Agent 2 Message: [0, 0, 0, 0, 0, 0, 0, 1]
Commvector Blue Agent 3 Message: [0, 0, 0, 0, 0, 0, 0, 0]

 Suspicious Activity Detected: None",Analyse,host:public_access_zone_subnet_server_host_0,Continued analysis is needed to confirm the status of the suspicious activity.
"# OBSERVATION

Mission Phase: 1
Last Action : Analyse host:public_access_zone_subnet_server_host_0
Last Action Status: IN_PROGRESS
Communication Vectors: 
Commvector Blue Agent 0 Message: [0, 0, 0, 0, 0, 0, 0, 1]
Commvector Blue Agent 1 Message: [0, 0, 0, 0, 0, 0, 0, 0]
Commvector Blue Agent 2 Message: [0, 0, 0, 0, 0, 0, 0, 0]
Commvector Blue Agent 3 Message: [0, 0, 0, 0, 0, 0, 0, 0]

 Suspicious Activity Detected: None",Analyse,host:public_access_zone_subnet_server_host_0,Continuing analysis on the host as the last action is still in progress and no suspicious activity has been detected.
"# OBSERVATION

Mission Phase: 1
Last Action : Analyse host:public_access_zone_subnet_server_host_0
Last Action Status: IN_PROGRESS
Communication Vectors: 
Commvector Blue Agent 0 Message: [0, 0, 0, 0, 0, 0, 0, 0]
Commvector Blue Agent 1 Message: [0, 0, 0, 0, 0, 0, 0, 0]
Commvector Blue Agent 2 Message: [0, 0, 0, 0, 0, 0, 0, 1]
Commvector Blue Agent 3 Message: [0, 0, 0, 0, 0, 0, 0, 1]

 Suspicious Activity Detected: None",Analyse,host:public_access_zone_subnet_server_host_0,Continuing the analysis as the last action is still in progress.
"# OBSERVATION

Mission Phase: 1
Last Action : Analyse host:public_access_zone_subnet_server_host_0
Last Action Status: IN_PROGRESS
Communication Vectors: 
Commvector Blue Agent 0 Message: [0, 0, 0, 0, 0, 0, 0, 1]
Commvector Blue Agent 1 Message: [0, 0, 0, 0, 0, 0, 0, 0]
Commvector Blue Agent 2 Message: [0, 0, 0, 0, 0, 0, 0, 0]
Commvector Blue Agent 3 Message: [0, 0, 0, 0, 0, 0, 0, 0]

 Suspicious Activity Detected: None",Analyse,host:public_access_zone_subnet_server_host_0,Continuing with the analysis of the host to determine if any suspicious activity is present since the last action is still in progress.
"# OBSERVATION

Mission Phase: 1
Last Action : Analyse host:public_access_zone_subnet_server_host_0
Last Action Status: IN_PROGRESS
Communication Vectors: 
Commvector Blue Agent 0 Message: [0, 0, 0, 0, 0, 0, 0, 0]
Commvector Blue Agent 1 Message: [0, 0, 0, 0, 0, 0, 0, 0]
Commvector Blue Agent 2 Message: [0, 0, 0, 0, 0, 0, 0, 1]
Commvector Blue Agent 3 Message: [0, 0, 0, 0, 0, 0, 0, 0]

Suspicious Activity Detected:
- Hostname: public_access_zone_subnet_server_host_0 | IP: 10.0.188.148 | INFO: Connection to 10.0.175.254 | INFO: Connection to 10.0.175.254",Analyse,host:public_access_zone_subnet_server_host_0,Further information needed as the last analysis action is still in progress.
"# OBSERVATION

Mission Phase: 1
Last Action : Analyse host:public_access_zone_subnet_server_host_0
Last Action Status: IN_PROGRESS
Communication Vectors: 
Commvector Blue Agent 0 Message: [0, 0, 0, 0, 0, 0, 0, 0]
Commvector Blue Agent 1 Message: [0, 0, 0, 0, 0, 0, 0, 0]
Commvector Blue Agent 2 Message: [0, 0, 0, 0, 0, 0, 0, 0]
Commvector Blue Agent 3 Message: [0, 0, 0, 0, 0, 0, 0, 0]

 Suspicious Activity Detected: None",Analyse,host:public_access_zone_subnet_server_host_0,Continuing the analysis since the previous action is still in progress and no suspicious activity has been detected.
"# OBSERVATION

Mission Phase: 1
Last Action : Analyse host:public_access_zone_subnet_server_host_0
Last Action Status: IN_PROGRESS
Communication Vectors: 
Commvector Blue Agent 0 Message: [0, 0, 0, 0, 0, 0, 0, 1]
Commvector Blue Agent 1 Message: [0, 0, 0, 0, 0, 0, 0, 0]
Commvector Blue Agent 2 Message: [0, 0, 0, 0, 0, 0, 0, 1]
Commvector Blue Agent 3 Message: [0, 0, 0, 0, 0, 0, 0, 0]

 Suspicious Activity Detected: None",Analyse,host:public_access_zone_subnet_server_host_0,Continuing the analysis on the host that is already in progress to ensure no malicious activity is present.
"# OBSERVATION

Mission Phase: 1
Last Action : Analyse host:admin_network_subnet_server_host_1
Last Action Status: IN_PROGRESS
Communication Vectors: 
Commvector Blue Agent 0 Message: [0, 0, 0, 0, 0, 0, 0, 0]
Commvector Blue Agent 1 Message: [0, 0, 0, 0, 0, 0, 0, 1]
Commvector Blue Agent 2 Message: [0, 0, 0, 0, 0, 0, 0, 0]
Commvector Blue Agent 3 Message: [0, 0, 0, 0, 0, 0, 0, 0]

Suspicious Activity Detected:
- Hostname: public_access_zone_subnet_router | IP: 10.0.175.254 | INFO: Connection to 10.0.31.250 | INFO: Connection to 10.0.31.250
- Hostname: public_access_zone_subnet_server_host_0 | IP: 10.0.175.254 | INFO: Connection to 10.0.31.250 | INFO: Connection to 10.0.31.250 | INFO: Connection to 10.0.31.250 | INFO: Connection to 10.0.31.250 | INFO: Connection to 10.0.31.250 | INFO: Connection to 10.0.31.250 | INFO: Connection to 10.0.31.250 | INFO: Connection to 10.0.31.250 | INFO: Connection to 10.0.31.250 | INFO: Connection to 10.0.31.250 | INFO: Connection to 10.0.31.250 | INFO: Connection to 10.0.31.250 | INFO: Connection to 10.0.31.250 | INFO: Connection to 10.0.31.250 | INFO: Connection to 10.0.31.250 | INFO: Connection to 10.0.31.250 | INFO: Connection to 10.0.31.250 | INFO: Connection to 10.0.31.250 | INFO: Connection to 10.0.31.250 | INFO: Connection to 10.0.31.250 | INFO: Connection to 10.0.31.250 | INFO: Connection to 10.0.31.250 | WARNING: Suspicious process detected",Analyse,host:public_access_zone_subnet_server_host_0,"Suspicious process detected on host, requiring further investigation."
"# OBSERVATION

Mission Phase: 1
Last Action : AllowTrafficZone subnet:public_access_zone
Last Action Status: FALSE
Communication Vectors: 
Commvector Blue Agent 0 Message: [0, 0, 0, 0, 0, 0, 0, 0]
Commvector Blue Agent 1 Message: [0, 0, 0, 0, 0, 0, 0, 0]
Commvector Blue Agent 2 Message: [0, 0, 0, 0, 0, 0, 0, 1]
Commvector Blue Agent 3 Message: [0, 0, 0, 0, 0, 0, 0, 0]

Suspicious Activity Detected:
- Hostname: admin_network_subnet_server_host_1 | IP: 10.0.34.110 | INFO: Connection to 10.0.34.253 | INFO: Connection to 10.0.34.253",Analyse,host:admin_network_subnet_server_host_1,Suspicious connections detected that may indicate potential red activity.
"# OBSERVATION

Mission Phase: 1
Last Action : AllowTrafficZone subnet:public_access_zone
Last Action Status: FALSE
Communication Vectors: 
Commvector Blue Agent 0 Message: [0, 0, 0, 0, 0, 0, 0, 0]
Commvector Blue Agent 1 Message: [0, 0, 0, 0, 0, 0, 0, 0]
Commvector Blue Agent 2 Message: [0, 0, 0, 0, 0, 0, 0, 0]
Commvector Blue Agent 3 Message: [0, 0, 0, 0, 0, 0, 0, 1]

 Suspicious Activity Detected: None",AllowTrafficZone,subnet:public_access_zone,Re-attempting to establish connectivity in the public access zone as the last action was unsuccessful.
"# OBSERVATION

Mission Phase: 1
Last Action : AllowTrafficZone subnet:public_access_zone
Last Action Status: FALSE
Communication Vectors: 
Commvector Blue Agent 0 Message: [0, 0, 0, 0, 0, 0, 0, 0]
Commvector Blue Agent 1 Message: [0, 0, 0, 0, 0, 0, 0, 0]
Commvector Blue Agent 2 Message: [0, 0, 0, 0, 0, 0, 0, 1]
Commvector Blue Agent 3 Message: [0, 0, 0, 0, 0, 0, 0, 1]

 Suspicious Activity Detected: None",AllowTrafficZone,subnet:public_access_zone,"Zone remains blocked despite the attempt to allow traffic, which is necessary for standard network connectivity."
"# OBSERVATION

Mission Phase: 1
Last Action : Analyse host:public_access_zone_subnet_server_host_0
Last Action Status: IN_PROGRESS
Communication Vectors: 
Commvector Blue Agent 0 Message: [0, 0, 0, 0, 0, 0, 0, 1]
Commvector Blue Agent 1 Message: [0, 0, 0, 0, 0, 0, 0, 0]
Commvector Blue Agent 2 Message: [0, 0, 0, 0, 0, 0, 0, 0]
Commvector Blue Agent 3 Message: [0, 0, 0, 0, 0, 0, 0, 0]

 Suspicious Activity Detected: None",AllowTrafficZone,subnet:public_access_zone,"No suspicious activity detected, enabling standard network connectivity in a low-priority phase."
"# OBSERVATION

Mission Phase: 1
Last Action : Analyse host:public_access_zone_subnet_server_host_0
Last Action Status: IN_PROGRESS
Communication Vectors: 
Commvector Blue Agent 0 Message: [0, 0, 0, 0, 0, 0, 0, 0]
Commvector Blue Agent 1 Message: [0, 0, 0, 0, 0, 0, 0, 0]
Commvector Blue Agent 2 Message: [0, 0, 0, 0, 0, 0, 0, 0]
Commvector Blue Agent 3 Message: [0, 0, 0, 0, 0, 0, 0, 0]

 Suspicious Activity Detected: None",Analyse,host:public_access_zone_subnet_server_host_0,Continuing to analyze the host as the last action is still in progress.
"# OBSERVATION

Mission Phase: 1
Last Action : Analyse host:public_access_zone_subnet_server_host_0
Last Action Status: IN_PROGRESS
Communication Vectors: 
Commvector Blue Agent 0 Message: [0, 0, 0, 0, 0, 0, 0, 1]
Commvector Blue Agent 1 Message: [0, 0, 0, 0, 0, 0, 0, 0]
Commvector Blue Agent 2 Message: [0, 0, 0, 0, 0, 0, 0, 1]
Commvector Blue Agent 3 Message: [0, 0, 0, 0, 0, 0, 0, 0]

 Suspicious Activity Detected: None",Analyse,host:public_access_zone_subnet_server_host_0,"The last action is still in progress, indicating ongoing investigation into host status."
"# OBSERVATION

Mission Phase: 1
Last Action : Analyse host:public_access_zone_subnet_server_host_0
Last Action Status: IN_PROGRESS
Communication Vectors: 
Commvector Blue Agent 0 Message: [0, 0, 0, 0, 0, 0, 0, 0]
Commvector Blue Agent 1 Message: [0, 0, 0, 0, 0, 0, 0, 0]
Commvector Blue Agent 2 Message: [0, 0, 0, 0, 0, 0, 0, 0]
Commvector Blue Agent 3 Message: [0, 0, 0, 0, 0, 0, 0, 0]

 Suspicious Activity Detected: None",Analyse,host:public_access_zone_subnet_server_host_0,"The previous analysis is still in progress, and it's important to gather further information."
"# OBSERVATION

Mission Phase: 1
Last Action : Analyse host:public_access_zone_subnet_server_host_0
Last Action Status: IN_PROGRESS
Communication Vectors: 
Commvector Blue Agent 0 Message: [0, 0, 0, 0, 0, 0, 0, 1]
Commvector Blue Agent 1 Message: [0, 0, 0, 0, 0, 0, 0, 0]
Commvector Blue Agent 2 Message: [0, 0, 0, 0, 0, 0, 0, 1]
Commvector Blue Agent 3 Message: [0, 0, 0, 0, 0, 0, 0, 1]

 Suspicious Activity Detected: None",Analyse,host:public_access_zone_subnet_server_host_0,"Last action is still in progress, further analysis may be needed to detect any underlying issues."
"# OBSERVATION

Mission Phase: 1
Last Action : Analyse host:public_access_zone_subnet_server_host_0
Last Action Status: IN_PROGRESS
Communication Vectors: 
Commvector Blue Agent 0 Message: [0, 0, 0, 0, 0, 0, 0, 0]
Commvector Blue Agent 1 Message: [0, 0, 0, 0, 0, 0, 0, 0]
Commvector Blue Agent 2 Message: [0, 0, 0, 0, 0, 0, 0, 0]
Commvector Blue Agent 3 Message: [0, 0, 0, 0, 0, 0, 0, 0]

 Suspicious Activity Detected: None",Analyse,host:public_access_zone_subnet_server_host_0,Continuing analysis on the host to ensure no malicious activity is present.
"# OBSERVATION

Mission Phase: 1
Last Action : Analyse host:public_access_zone_subnet_server_host_0
Last Action Status: IN_PROGRESS
Communication Vectors: 
Commvector Blue Agent 0 Message: [0, 0, 0, 0, 0, 0, 0, 1]
Commvector Blue Agent 1 Message: [0, 0, 0, 0, 0, 0, 0, 0]
Commvector Blue Agent 2 Message: [0, 0, 0, 0, 0, 0, 0, 1]
Commvector Blue Agent 3 Message: [0, 0, 0, 0, 0, 0, 0, 1]

 Suspicious Activity Detected: None",Analyse,host:public_access_zone_subnet_server_host_0,Continuing to gather information as last analysis is still in progress.
"# OBSERVATION

Mission Phase: 1
Last Action : Analyse host:public_access_zone_subnet_server_host_0
Last Action Status: IN_PROGRESS
Communication Vectors: 
Commvector Blue Agent 0 Message: [0, 0, 0, 0, 0, 0, 0, 0]
Commvector Blue Agent 1 Message: [0, 0, 0, 0, 0, 0, 0, 0]
Commvector Blue Agent 2 Message: [0, 0, 0, 0, 0, 0, 0, 0]
Commvector Blue Agent 3 Message: [0, 0, 0, 0, 0, 0, 0, 1]

 Suspicious Activity Detected: None",Analyse,host:public_access_zone_subnet_server_host_0,Continuing analysis since the last action is still in progress and no suspicious activity has been detected.
"# OBSERVATION

Mission Phase: 1
Last Action : Analyse host:public_access_zone_subnet_server_host_0
Last Action Status: IN_PROGRESS
Communication Vectors: 
Commvector Blue Agent 0 Message: [0, 0, 0, 0, 0, 0, 0, 0]
Commvector Blue Agent 1 Message: [0, 0, 0, 0, 0, 0, 0, 0]
Commvector Blue Agent 2 Message: [0, 0, 0, 0, 0, 0, 0, 0]
Commvector Blue Agent 3 Message: [0, 0, 0, 0, 0, 0, 0, 0]

 Suspicious Activity Detected: None",Analyse,host:public_access_zone_subnet_server_host_0,Continuing with the analysis as the last action is still in progress and no other suspicious activity has been detected.
"# OBSERVATION

Mission Phase: 1
Last Action : Analyse host:public_access_zone_subnet_server_host_0
Last Action Status: IN_PROGRESS
Communication Vectors: 
Commvector Blue Agent 0 Message: [0, 0, 0, 0, 0, 0, 0, 1]
Commvector Blue Agent 1 Message: [0, 0, 0, 0, 0, 0, 0, 0]
Commvector Blue Agent 2 Message: [0, 0, 0, 0, 0, 0, 0, 1]
Commvector Blue Agent 3 Message: [0, 0, 0, 0, 0, 0, 0, 0]

 Suspicious Activity Detected: None",Analyse,host:public_access_zone_subnet_server_host_0,Continuing the analysis of the host as the last action is still in progress.
"# OBSERVATION

Mission Phase: 1
Last Action : Analyse host:public_access_zone_subnet_server_host_0
Last Action Status: IN_PROGRESS
Communication Vectors: 
Commvector Blue Agent 0 Message: [0, 0, 0, 0, 0, 0, 0, 0]
Commvector Blue Agent 1 Message: [0, 0, 0, 0, 0, 0, 0, 0]
Commvector Blue Agent 2 Message: [0, 0, 0, 0, 0, 0, 0, 0]
Commvector Blue Agent 3 Message: [0, 0, 0, 0, 0, 0, 0, 0]

 Suspicious Activity Detected: None",Analyse,host:public_access_zone_subnet_server_host_0,Continuing the analysis on the host to gather more information.
"# OBSERVATION

Mission Phase: 1
Last Action : Analyse host:public_access_zone_subnet_server_host_0
Last Action Status: IN_PROGRESS
Communication Vectors: 
Commvector Blue Agent 0 Message: [0, 0, 0, 0, 0, 0, 0, 0]
Commvector Blue Agent 1 Message: [0, 0, 0, 0, 0, 0, 0, 0]
Commvector Blue Agent 2 Message: [0, 0, 0, 0, 0, 0, 0, 1]
Commvector Blue Agent 3 Message: [0, 0, 0, 1, 0, 1, 0, 1]

 Suspicious Activity Detected: None",Analyse,host:public_access_zone_subnet_server_host_0,The analysis is still in progress and needs completion to assess any potential threats.
"# OBSERVATION

Mission Phase: 1
Last Action : Analyse host:admin_network_subnet_user_host_7
Last Action Status: IN_PROGRESS
Communication Vectors: 
Commvector Blue Agent 0 Message: [0, 0, 0, 0, 0, 0, 0, 1]
Commvector Blue Agent 1 Message: [0, 0, 0, 0, 0, 0, 0, 0]
Commvector Blue Agent 2 Message: [0, 0, 1, 0, 0, 1, 0, 1]
Commvector Blue Agent 3 Message: [0, 0, 0, 0, 0, 0, 0, 0]

Suspicious Activity Detected:
- Hostname: public_access_zone_subnet_server_host_0 | IP: 10.0.60.206 | INFO: Connection to 10.0.175.254 | INFO: Connection to 10.0.175.254",Analyse,host:public_access_zone_subnet_server_host_0,"There is suspicious activity detected on the host, indicating potential red agent presence."
"# OBSERVATION

Mission Phase: 1
Last Action : Analyse host:admin_network_subnet_user_host_7
Last Action Status: IN_PROGRESS
Communication Vectors: 
Commvector Blue Agent 0 Message: [0, 0, 0, 0, 0, 0, 0, 0]
Commvector Blue Agent 1 Message: [0, 0, 0, 0, 0, 0, 0, 0]
Commvector Blue Agent 2 Message: [0, 0, 0, 0, 0, 0, 0, 0]
Commvector Blue Agent 3 Message: [0, 0, 0, 0, 0, 0, 0, 1]

 Suspicious Activity Detected: None",Analyse,host:admin_network_subnet_user_host_7,"The last action is still in progress, indicating further analysis is needed."
"# OBSERVATION

Mission Phase: 1
Last Action : Analyse host:admin_network_subnet_user_host_6
Last Action Status: IN_PROGRESS
Communication Vectors: 
Commvector Blue Agent 0 Message: [0, 0, 0, 0, 0, 0, 0, 0]
Commvector Blue Agent 1 Message: [0, 0, 0, 0, 0, 0, 0, 0]
Commvector Blue Agent 2 Message: [0, 0, 0, 0, 0, 0, 0, 0]
Commvector Blue Agent 3 Message: [0, 0, 0, 0, 0, 0, 0, 0]

Suspicious Activity Detected:
- Hostname: admin_network_subnet_user_host_7 | IP: 10.0.34.229",Analyse,host:admin_network_subnet_user_host_7,"Suspicious activity detected on the host, indicating potential red agent presence."
"# OBSERVATION

Mission Phase: 1
Last Action : Analyse host:admin_network_subnet_user_host_6
Last Action Status: IN_PROGRESS
Communication Vectors: 
Commvector Blue Agent 0 Message: [0, 0, 0, 0, 0, 0, 0, 0]
Commvector Blue Agent 1 Message: [0, 0, 0, 0, 0, 0, 0, 0]
Commvector Blue Agent 2 Message: [0, 0, 0, 0, 0, 0, 0, 1]
Commvector Blue Agent 3 Message: [0, 0, 0, 1, 0, 1, 0, 1]

 Suspicious Activity Detected: None",Analyse,host:admin_network_subnet_user_host_6,Continuing the ongoing analysis to ensure thorough checks for any potential suspicious activity.
"# OBSERVATION

Mission Phase: 1
Last Action : Analyse host:admin_network_subnet_user_host_6
Last Action Status: IN_PROGRESS
Communication Vectors: 
Commvector Blue Agent 0 Message: [0, 0, 0, 0, 0, 0, 0, 1]
Commvector Blue Agent 1 Message: [0, 0, 0, 0, 0, 0, 0, 0]
Commvector Blue Agent 2 Message: [0, 0, 1, 0, 0, 1, 0, 0]
Commvector Blue Agent 3 Message: [0, 0, 0, 0, 0, 0, 0, 0]

 Suspicious Activity Detected: None",Analyse,host:admin_network_subnet_user_host_6,Continue the ongoing analysis to determine the state of the host.
"# OBSERVATION

Mission Phase: 1
Last Action : Analyse host:admin_network_subnet_user_host_6
Last Action Status: IN_PROGRESS
Communication Vectors: 
Commvector Blue Agent 0 Message: [0, 0, 0, 0, 0, 0, 0, 1]
Commvector Blue Agent 1 Message: [0, 0, 0, 0, 0, 0, 0, 0]
Commvector Blue Agent 2 Message: [0, 0, 0, 0, 0, 0, 0, 1]
Commvector Blue Agent 3 Message: [0, 0, 0, 0, 0, 0, 0, 0]

 Suspicious Activity Detected: None",Analyse,host:admin_network_subnet_user_host_6,"The analysis of the host is currently in progress, and no suspicious activity has been detected."
"# OBSERVATION

Mission Phase: 1
Last Action : Analyse host:admin_network_subnet_user_host_6
Last Action Status: IN_PROGRESS
Communication Vectors: 
Commvector Blue Agent 0 Message: [0, 0, 0, 0, 0, 0, 0, 0]
Commvector Blue Agent 1 Message: [0, 0, 0, 0, 0, 0, 0, 0]
Commvector Blue Agent 2 Message: [0, 0, 0, 0, 0, 0, 0, 0]
Commvector Blue Agent 3 Message: [0, 0, 0, 0, 0, 0, 0, 1]

 Suspicious Activity Detected: None",Analyse,host:admin_network_subnet_user_host_6,Continuing the analysis on the host to gather information on potential suspicious activity.
"# OBSERVATION

Mission Phase: 1
Last Action : Analyse host:admin_network_subnet_user_host_6
Last Action Status: IN_PROGRESS
Communication Vectors: 
Commvector Blue Agent 0 Message: [0, 0, 0, 0, 0, 0, 0, 1]
Commvector Blue Agent 1 Message: [0, 0, 0, 0, 0, 0, 0, 0]
Commvector Blue Agent 2 Message: [0, 0, 0, 0, 0, 0, 0, 1]
Commvector Blue Agent 3 Message: [0, 0, 0, 0, 0, 0, 0, 1]

 Suspicious Activity Detected: None",Analyse,host:admin_network_subnet_user_host_6,Continuing analysis on the host as the previous action is still in progress.
"# OBSERVATION

Mission Phase: 1
Last Action : Analyse host:admin_network_subnet_user_host_6
Last Action Status: IN_PROGRESS
Communication Vectors: 
Commvector Blue Agent 0 Message: [0, 0, 0, 0, 0, 0, 0, 1]
Commvector Blue Agent 1 Message: [0, 0, 0, 0, 0, 0, 0, 0]
Commvector Blue Agent 2 Message: [0, 0, 0, 0, 0, 0, 0, 0]
Commvector Blue Agent 3 Message: [0, 0, 0, 0, 0, 0, 0, 0]

 Suspicious Activity Detected: None",Analyse,host:admin_network_subnet_user_host_6,Continuing to gather information as the last action is still in progress.
"# OBSERVATION

Mission Phase: 1
Last Action : Analyse host:admin_network_subnet_user_host_6
Last Action Status: IN_PROGRESS
Communication Vectors: 
Commvector Blue Agent 0 Message: [0, 0, 0, 0, 0, 0, 0, 0]
Commvector Blue Agent 1 Message: [0, 0, 0, 0, 0, 0, 0, 0]
Commvector Blue Agent 2 Message: [0, 0, 0, 0, 0, 0, 0, 1]
Commvector Blue Agent 3 Message: [0, 0, 0, 0, 0, 0, 0, 1]

 Suspicious Activity Detected: None",Analyse,host:admin_network_subnet_user_host_6,Continuing the analysis of the host to determine if there are any signs of malicious activity.
"# OBSERVATION

Mission Phase: 1
Last Action : Analyse host:admin_network_subnet_user_host_6
Last Action Status: IN_PROGRESS
Communication Vectors: 
Commvector Blue Agent 0 Message: [0, 0, 0, 0, 0, 0, 0, 1]
Commvector Blue Agent 1 Message: [0, 0, 0, 0, 0, 0, 0, 1]
Commvector Blue Agent 2 Message: [0, 0, 0, 0, 0, 0, 0, 0]
Commvector Blue Agent 3 Message: [0, 0, 0, 0, 0, 0, 0, 0]

 Suspicious Activity Detected: None",Analyse,host:admin_network_subnet_user_host_6,Continuing the analysis on the host to determine if any suspicious activity is present.
"# OBSERVATION

Mission Phase: 1
Last Action : Analyse host:admin_network_subnet_user_host_6
Last Action Status: IN_PROGRESS
Communication Vectors: 
Commvector Blue Agent 0 Message: [0, 0, 0, 0, 0, 0, 0, 0]
Commvector Blue Agent 1 Message: [0, 0, 0, 0, 0, 0, 0, 0]
Commvector Blue Agent 2 Message: [0, 0, 0, 0, 0, 0, 0, 1]
Commvector Blue Agent 3 Message: [0, 0, 0, 0, 0, 0, 0, 0]

 Suspicious Activity Detected: None",Analyse,host:admin_network_subnet_user_host_6,Continuing the analysis of the host in progress to gather more information on potential suspicious activity.
"# OBSERVATION

Mission Phase: 1
Last Action : Analyse host:admin_network_subnet_server_host_2
Last Action Status: IN_PROGRESS
Communication Vectors: 
Commvector Blue Agent 0 Message: [0, 0, 0, 0, 0, 0, 0, 1]
Commvector Blue Agent 1 Message: [0, 0, 0, 0, 0, 0, 0, 0]
Commvector Blue Agent 2 Message: [0, 0, 0, 0, 0, 0, 0, 1]
Commvector Blue Agent 3 Message: [0, 0, 0, 1, 0, 1, 0, 0]

Suspicious Activity Detected:
- Hostname: admin_network_subnet_user_host_6 | IP: 10.0.34.175",Analyse,host:admin_network_subnet_user_host_6,"Suspicious activity detected on host, requiring further analysis to identify potential red agent presence."
"# OBSERVATION

Mission Phase: 1
Last Action : Analyse host:admin_network_subnet_server_host_2
Last Action Status: IN_PROGRESS
Communication Vectors: 
Commvector Blue Agent 0 Message: [0, 0, 0, 0, 0, 0, 0, 1]
Commvector Blue Agent 1 Message: [0, 0, 0, 0, 0, 0, 0, 0]
Commvector Blue Agent 2 Message: [0, 0, 0, 0, 0, 0, 0, 0]
Commvector Blue Agent 3 Message: [0, 0, 0, 0, 0, 0, 0, 0]

 Suspicious Activity Detected: None",Analyse,host:admin_network_subnet_server_host_2,"The previous action is in progress, and no suspicious activity has been detected at this time."
"# OBSERVATION

Mission Phase: 1
Last Action : Analyse host:admin_network_subnet_server_host_2
Last Action Status: IN_PROGRESS
Communication Vectors: 
Commvector Blue Agent 0 Message: [0, 0, 0, 0, 0, 0, 0, 0]
Commvector Blue Agent 1 Message: [0, 0, 0, 0, 0, 0, 0, 0]
Commvector Blue Agent 2 Message: [0, 0, 0, 0, 0, 0, 0, 1]
Commvector Blue Agent 3 Message: [0, 0, 0, 0, 0, 0, 0, 1]

 Suspicious Activity Detected: None",Analyse,host:admin_network_subnet_server_host_2,"The last analysis action is still in progress, indicating continued scrutiny is needed."
"# OBSERVATION

Mission Phase: 1
Last Action : Analyse host:admin_network_subnet_server_host_2
Last Action Status: IN_PROGRESS
Communication Vectors: 
Commvector Blue Agent 0 Message: [0, 0, 0, 0, 0, 0, 0, 0]
Commvector Blue Agent 1 Message: [0, 0, 0, 0, 0, 0, 0, 0]
Commvector Blue Agent 2 Message: [0, 0, 0, 0, 0, 0, 0, 0]
Commvector Blue Agent 3 Message: [0, 0, 0, 0, 0, 0, 0, 0]

 Suspicious Activity Detected: None",Analyse,host:admin_network_subnet_server_host_2,"The analysis is still in progress, and further investigation is needed."
"# OBSERVATION

Mission Phase: 1
Last Action : Analyse host:admin_network_subnet_server_host_2
Last Action Status: IN_PROGRESS
Communication Vectors: 
Commvector Blue Agent 0 Message: [0, 0, 0, 0, 0, 0, 0, 0]
Commvector Blue Agent 1 Message: [0, 0, 0, 0, 0, 0, 0, 0]
Commvector Blue Agent 2 Message: [0, 0, 0, 0, 0, 0, 0, 1]
Commvector Blue Agent 3 Message: [0, 0, 0, 0, 0, 0, 0, 0]

 Suspicious Activity Detected: None",Analyse,host:admin_network_subnet_server_host_2,The previous analysis is still in progress.
"# OBSERVATION

Mission Phase: 1
Last Action : Analyse host:admin_network_subnet_server_host_2
Last Action Status: IN_PROGRESS
Communication Vectors: 
Commvector Blue Agent 0 Message: [0, 0, 0, 0, 0, 0, 0, 1]
Commvector Blue Agent 1 Message: [0, 0, 0, 0, 0, 0, 0, 1]
Commvector Blue Agent 2 Message: [0, 0, 0, 0, 0, 0, 0, 0]
Commvector Blue Agent 3 Message: [0, 0, 0, 0, 0, 0, 0, 0]

 Suspicious Activity Detected: None",Analyse,host:admin_network_subnet_server_host_2,"The last analysis action is still in progress, and there are no new threats detected, so awaiting completion is prudent."
"# OBSERVATION

Mission Phase: 1
Last Action : Analyse host:admin_network_subnet_server_host_2
Last Action Status: IN_PROGRESS
Communication Vectors: 
Commvector Blue Agent 0 Message: [0, 0, 0, 0, 0, 0, 0, 0]
Commvector Blue Agent 1 Message: [0, 0, 0, 0, 0, 0, 0, 0]
Commvector Blue Agent 2 Message: [0, 0, 0, 0, 0, 0, 0, 1]
Commvector Blue Agent 3 Message: [0, 0, 0, 0, 0, 0, 0, 0]

 Suspicious Activity Detected: None",Analyse,host:admin_network_subnet_server_host_2,"Last action is still in progress, indicating ongoing analysis for suspicious activity."
"# OBSERVATION

Mission Phase: 1
Last Action : Analyse host:admin_network_subnet_server_host_2
Last Action Status: IN_PROGRESS
Communication Vectors: 
Commvector Blue Agent 0 Message: [0, 0, 0, 0, 0, 0, 0, 0]
Commvector Blue Agent 1 Message: [0, 0, 0, 0, 0, 0, 0, 0]
Commvector Blue Agent 2 Message: [0, 0, 0, 0, 0, 0, 0, 1]
Commvector Blue Agent 3 Message: [0, 0, 0, 0, 0, 0, 0, 0]

 Suspicious Activity Detected: None",Analyse,host:admin_network_subnet_server_host_2,"The previous analysis is still in progress, indicating the need for continued monitoring."
"# OBSERVATION

Mission Phase: 1
Last Action : Analyse host:admin_network_subnet_user_host_1
Last Action Status: IN_PROGRESS
Communication Vectors: 
Commvector Blue Agent 0 Message: [0, 0, 0, 0, 0, 0, 0, 0]
Commvector Blue Agent 1 Message: [0, 0, 0, 0, 0, 0, 0, 1]
Commvector Blue Agent 2 Message: [0, 0, 1, 0, 0, 1, 0, 0]
Commvector Blue Agent 3 Message: [0, 0, 0, 0, 0, 0, 0, 0]

Suspicious Activity Detected:
- Hostname: admin_network_subnet_server_host_2 | IP: 10.0.60.146 | INFO: Connection to 10.0.34.252 | INFO: Connection to 10.0.34.252",Analyse,host:admin_network_subnet_server_host_2,Further investigation is needed due to detected connections that could indicate suspicious activity.
"# OBSERVATION

Mission Phase: 1
Last Action : Analyse host:admin_network_subnet_user_host_1
Last Action Status: IN_PROGRESS
Communication Vectors: 
Commvector Blue Agent 0 Message: [0, 0, 0, 0, 0, 0, 0, 1]
Commvector Blue Agent 1 Message: [0, 0, 0, 0, 0, 0, 0, 0]
Commvector Blue Agent 2 Message: [0, 0, 0, 0, 0, 0, 0, 1]
Commvector Blue Agent 3 Message: [0, 0, 0, 0, 0, 0, 0, 1]

 Suspicious Activity Detected: None",Analyse,host:admin_network_subnet_user_host_1,"The last action is still in progress, and no new suspicious activity has been detected."
"# OBSERVATION

Mission Phase: 1
Last Action : Analyse host:admin_network_subnet_user_host_1
Last Action Status: IN_PROGRESS
Communication Vectors: 
Commvector Blue Agent 0 Message: [0, 0, 0, 0, 0, 0, 0, 0]
Commvector Blue Agent 1 Message: [0, 0, 0, 0, 0, 0, 0, 0]
Commvector Blue Agent 2 Message: [0, 0, 0, 0, 0, 0, 0, 0]
Commvector Blue Agent 3 Message: [0, 0, 0, 0, 0, 0, 0, 0]

 Suspicious Activity Detected: None",Analyse,host:admin_network_subnet_user_host_1,Continuing the analysis as the last action is still in progress and no suspicious activity was detected.
"# OBSERVATION

Mission Phase: 1
Last Action : Analyse host:admin_network_subnet_user_host_1
Last Action Status: IN_PROGRESS
Communication Vectors: 
Commvector Blue Agent 0 Message: [0, 0, 0, 0, 0, 0, 0, 1]
Commvector Blue Agent 1 Message: [0, 0, 0, 0, 0, 0, 0, 0]
Commvector Blue Agent 2 Message: [0, 0, 0, 0, 0, 0, 0, 1]
Commvector Blue Agent 3 Message: [0, 0, 0, 0, 0, 0, 0, 0]

 Suspicious Activity Detected: None",Analyse,host:admin_network_subnet_user_host_1,Continuing analysis to determine if there are any suspicious activities after the last action is still in progress.
"# OBSERVATION

Mission Phase: 1
Last Action : Analyse host:public_access_zone_subnet_user_host_0
Last Action Status: IN_PROGRESS
Communication Vectors: 
Commvector Blue Agent 0 Message: [0, 0, 0, 0, 0, 0, 0, 1]
Commvector Blue Agent 1 Message: [0, 0, 0, 0, 0, 0, 0, 0]
Commvector Blue Agent 2 Message: [0, 0, 0, 0, 0, 0, 0, 0]
Commvector Blue Agent 3 Message: [0, 0, 0, 0, 0, 0, 0, 0]

Suspicious Activity Detected:
- Hostname: admin_network_subnet_user_host_1 | IP: 10.0.34.217",Analyse,host:admin_network_subnet_user_host_1,Suspicious activity detected on the host
"# OBSERVATION

Mission Phase: 1
Last Action : Analyse host:public_access_zone_subnet_user_host_0
Last Action Status: IN_PROGRESS
Communication Vectors: 
Commvector Blue Agent 0 Message: [0, 0, 0, 0, 0, 0, 0, 0]
Commvector Blue Agent 1 Message: [0, 0, 0, 0, 0, 0, 0, 1]
Commvector Blue Agent 2 Message: [0, 0, 0, 0, 0, 0, 0, 1]
Commvector Blue Agent 3 Message: [0, 0, 0, 0, 0, 0, 0, 0]

 Suspicious Activity Detected: None",Analyse,host:public_access_zone_subnet_user_host_0,"The last action is still in progress, indicating ongoing analysis to detect potential threats."
"# OBSERVATION

Mission Phase: 1
Last Action : Analyse host:public_access_zone_subnet_user_host_0
Last Action Status: IN_PROGRESS
Communication Vectors: 
Commvector Blue Agent 0 Message: [0, 0, 0, 0, 0, 0, 0, 1]
Commvector Blue Agent 1 Message: [0, 0, 0, 0, 0, 0, 0, 0]
Commvector Blue Agent 2 Message: [0, 0, 0, 0, 0, 0, 0, 0]
Commvector Blue Agent 3 Message: [0, 0, 0, 0, 0, 0, 0, 0]

 Suspicious Activity Detected: None",Analyse,host:public_access_zone_subnet_user_host_0,"The last action is still in progress, and no new suspicious activity has been detected."
"# OBSERVATION

Mission Phase: 1
Last Action : Analyse host:public_access_zone_subnet_user_host_0
Last Action Status: IN_PROGRESS
Communication Vectors: 
Commvector Blue Agent 0 Message: [0, 0, 0, 0, 0, 0, 0, 0]
Commvector Blue Agent 1 Message: [0, 0, 0, 0, 0, 0, 0, 0]
Commvector Blue Agent 2 Message: [0, 0, 0, 0, 0, 0, 0, 1]
Commvector Blue Agent 3 Message: [0, 0, 0, 0, 0, 0, 0, 1]

 Suspicious Activity Detected: None",Analyse,host:public_access_zone_subnet_user_host_0,Continuing the analysis to confirm the status of the host as the last action is still in progress.
"# OBSERVATION

Mission Phase: 1
Last Action : Analyse host:public_access_zone_subnet_user_host_0
Last Action Status: IN_PROGRESS
Communication Vectors: 
Commvector Blue Agent 0 Message: [0, 0, 0, 0, 0, 0, 0, 1]
Commvector Blue Agent 1 Message: [0, 0, 0, 0, 0, 0, 0, 0]
Commvector Blue Agent 2 Message: [0, 0, 0, 0, 0, 0, 0, 0]
Commvector Blue Agent 3 Message: [0, 0, 0, 0, 0, 0, 0, 0]

 Suspicious Activity Detected: None",Analyse,host:public_access_zone_subnet_user_host_0,"The last action is still in progress, indicating ongoing investigations into suspicious activity."
"# OBSERVATION

Mission Phase: 1
Last Action : Analyse host:public_access_zone_subnet_user_host_0
Last Action Status: IN_PROGRESS
Communication Vectors: 
Commvector Blue Agent 0 Message: [0, 0, 0, 0, 0, 0, 0, 0]
Commvector Blue Agent 1 Message: [0, 0, 0, 0, 0, 0, 0, 0]
Commvector Blue Agent 2 Message: [0, 0, 0, 0, 0, 0, 0, 1]
Commvector Blue Agent 3 Message: [0, 0, 0, 0, 0, 0, 0, 1]

 Suspicious Activity Detected: None",Analyse,host:public_access_zone_subnet_user_host_0,Continue with the analysis since the previous action is still in progress and no suspicious activity has been detected.
"# OBSERVATION

Mission Phase: 1
Last Action : Analyse host:public_access_zone_subnet_user_host_0
Last Action Status: IN_PROGRESS
Communication Vectors: 
Commvector Blue Agent 0 Message: [0, 0, 0, 0, 0, 0, 0, 0]
Commvector Blue Agent 1 Message: [0, 0, 0, 0, 0, 0, 0, 0]
Commvector Blue Agent 2 Message: [0, 0, 0, 0, 0, 0, 0, 0]
Commvector Blue Agent 3 Message: [0, 0, 0, 0, 0, 0, 0, 1]

 Suspicious Activity Detected: None",Analyse,host:public_access_zone_subnet_user_host_0,Continuing the analysis for ongoing monitoring of potential future suspicious activity.
"# OBSERVATION

Mission Phase: 1
Last Action : Analyse host:public_access_zone_subnet_user_host_0
Last Action Status: IN_PROGRESS
Communication Vectors: 
Commvector Blue Agent 0 Message: [0, 0, 0, 0, 0, 0, 0, 1]
Commvector Blue Agent 1 Message: [0, 0, 0, 0, 0, 0, 0, 0]
Commvector Blue Agent 2 Message: [0, 0, 0, 0, 0, 0, 0, 1]
Commvector Blue Agent 3 Message: [0, 0, 0, 0, 0, 0, 0, 0]

 Suspicious Activity Detected: None",Analyse,host:public_access_zone_subnet_user_host_0,"The last action is still in progress, indicating further analysis is needed to determine the status of the host."
"# OBSERVATION

Mission Phase: 1
Last Action : Analyse host:public_access_zone_subnet_user_host_0
Last Action Status: IN_PROGRESS
Communication Vectors: 
Commvector Blue Agent 0 Message: [0, 0, 0, 0, 0, 0, 0, 0]
Commvector Blue Agent 1 Message: [0, 0, 0, 0, 0, 0, 0, 0]
Commvector Blue Agent 2 Message: [0, 0, 0, 0, 0, 0, 0, 0]
Commvector Blue Agent 3 Message: [0, 0, 0, 0, 0, 0, 0, 0]

 Suspicious Activity Detected: None",Analyse,host:public_access_zone_subnet_user_host_0,Continuing to monitor the host as the last analysis action is still in progress.
"# OBSERVATION

Mission Phase: 1
Last Action : Analyse host:public_access_zone_subnet_user_host_0
Last Action Status: IN_PROGRESS
Communication Vectors: 
Commvector Blue Agent 0 Message: [1, 0, 0, 0, 0, 1, 0, 0]
Commvector Blue Agent 1 Message: [0, 0, 0, 0, 0, 0, 0, 0]
Commvector Blue Agent 2 Message: [0, 0, 0, 0, 0, 0, 0, 0]
Commvector Blue Agent 3 Message: [0, 0, 0, 0, 0, 0, 0, 0]

 Suspicious Activity Detected: None",Analyse,host:public_access_zone_subnet_user_host_0,"The analysis is still in progress, and no further malicious activity has been detected."
"# OBSERVATION

Mission Phase: 0
Last Action : Analyse host:public_access_zone_subnet_user_host_0
Last Action Status: IN_PROGRESS
Communication Vectors: 
Commvector Blue Agent 0 Message: [0, 0, 0, 0, 0, 0, 0, 0]
Commvector Blue Agent 1 Message: [0, 0, 0, 0, 0, 0, 0, 0]
Commvector Blue Agent 2 Message: [0, 0, 0, 0, 0, 0, 0, 0]
Commvector Blue Agent 3 Message: [0, 0, 0, 0, 0, 0, 0, 0]

 Suspicious Activity Detected: None",Analyse,host:public_access_zone_subnet_user_host_0,"The last action is still in progress, and further analysis is needed to determine the status of the host."
"# OBSERVATION

Mission Phase: 0
Last Action : Analyse host:public_access_zone_subnet_user_host_0
Last Action Status: IN_PROGRESS
Communication Vectors: 
Commvector Blue Agent 0 Message: [0, 0, 0, 0, 0, 0, 0, 0]
Commvector Blue Agent 1 Message: [0, 0, 0, 0, 0, 0, 0, 0]
Commvector Blue Agent 2 Message: [0, 0, 1, 0, 0, 1, 0, 1]
Commvector Blue Agent 3 Message: [0, 0, 0, 0, 0, 0, 0, 0]

 Suspicious Activity Detected: None",Analyse,host:public_access_zone_subnet_user_host_0,The last action is still in progress; monitoring for any suspicious activity should continue.
"# OBSERVATION

Mission Phase: 0
Last Action : Analyse host:public_access_zone_subnet_user_host_0
Last Action Status: IN_PROGRESS
Communication Vectors: 
Commvector Blue Agent 0 Message: [0, 0, 0, 0, 0, 0, 0, 1]
Commvector Blue Agent 1 Message: [0, 0, 0, 0, 0, 0, 0, 0]
Commvector Blue Agent 2 Message: [0, 0, 0, 0, 0, 0, 0, 0]
Commvector Blue Agent 3 Message: [0, 0, 0, 0, 0, 0, 0, 1]

 Suspicious Activity Detected: None",Analyse,host:public_access_zone_subnet_user_host_0,"The analysis is currently in progress, and no suspicious activity has been detected."
"# OBSERVATION

Mission Phase: 0
Last Action : Analyse host:office_network_subnet_server_host_1
Last Action Status: IN_PROGRESS
Communication Vectors: 
Commvector Blue Agent 0 Message: [0, 0, 0, 0, 0, 0, 0, 0]
Commvector Blue Agent 1 Message: [0, 0, 0, 0, 0, 0, 0, 0]
Commvector Blue Agent 2 Message: [0, 0, 0, 0, 0, 0, 0, 1]
Commvector Blue Agent 3 Message: [0, 0, 0, 0, 0, 0, 0, 0]

Suspicious Activity Detected:
- Hostname: public_access_zone_subnet_user_host_0 | IP: 10.0.175.59 | INFO: Connection to 10.0.79.15 | INFO: Connection to 10.0.79.15 | INFO: Connection to 10.0.79.15 | INFO: Connection to 10.0.79.15",Analyse,host:public_access_zone_subnet_user_host_0,"Suspicious connections detected, warranting further investigation."
"# OBSERVATION

Mission Phase: 0
Last Action : Analyse host:office_network_subnet_server_host_1
Last Action Status: IN_PROGRESS
Communication Vectors: 
Commvector Blue Agent 0 Message: [0, 0, 0, 0, 0, 0, 0, 0]
Commvector Blue Agent 1 Message: [0, 0, 0, 0, 0, 0, 0, 0]
Commvector Blue Agent 2 Message: [0, 0, 0, 0, 0, 0, 0, 0]
Commvector Blue Agent 3 Message: [0, 0, 0, 0, 0, 0, 0, 0]

 Suspicious Activity Detected: None",Analyse,host:office_network_subnet_server_host_1,Continuing the analysis as the last action is still in progress.
"# OBSERVATION

Mission Phase: 0
Last Action : Analyse host:office_network_subnet_server_host_1
Last Action Status: IN_PROGRESS
Communication Vectors: 
Commvector Blue Agent 0 Message: [0, 0, 0, 0, 0, 0, 0, 1]
Commvector Blue Agent 1 Message: [0, 0, 0, 0, 0, 0, 0, 0]
Commvector Blue Agent 2 Message: [0, 0, 0, 0, 0, 0, 0, 1]
Commvector Blue Agent 3 Message: [0, 0, 0, 0, 0, 0, 0, 0]

 Suspicious Activity Detected: None",Analyse,host:office_network_subnet_server_host_1,"The ongoing analysis may provide insight into potential threats, even though no suspicious activity is currently detected."
"# OBSERVATION

Mission Phase: 0
Last Action : Analyse host:office_network_subnet_server_host_1
Last Action Status: IN_PROGRESS
Communication Vectors: 
Commvector Blue Agent 0 Message: [0, 0, 0, 0, 0, 0, 0, 0]
Commvector Blue Agent 1 Message: [0, 0, 0, 0, 0, 0, 0, 0]
Commvector Blue Agent 2 Message: [0, 0, 0, 0, 0, 0, 0, 0]
Commvector Blue Agent 3 Message: [0, 0, 0, 0, 0, 0, 0, 0]

 Suspicious Activity Detected: None",Analyse,host:office_network_subnet_server_host_1,The last action is still in progress to gather more information on the host.
"# OBSERVATION

Mission Phase: 0
Last Action : Analyse host:office_network_subnet_server_host_1
Last Action Status: IN_PROGRESS
Communication Vectors: 
Commvector Blue Agent 0 Message: [0, 0, 0, 0, 0, 0, 0, 0]
Commvector Blue Agent 1 Message: [0, 0, 0, 0, 0, 0, 0, 0]
Commvector Blue Agent 2 Message: [0, 0, 0, 0, 0, 0, 0, 1]
Commvector Blue Agent 3 Message: [0, 0, 0, 0, 0, 0, 0, 0]

 Suspicious Activity Detected: None",Analyse,host:office_network_subnet_server_host_1,Further information collection is necessary as the last action is still in progress.
"# OBSERVATION

Mission Phase: 0
Last Action : Analyse host:office_network_subnet_server_host_1
Last Action Status: IN_PROGRESS
Communication Vectors: 
Commvector Blue Agent 0 Message: [0, 0, 0, 0, 0, 0, 0, 0]
Commvector Blue Agent 1 Message: [0, 0, 0, 0, 0, 0, 0, 0]
Commvector Blue Agent 2 Message: [0, 0, 0, 0, 0, 0, 0, 0]
Commvector Blue Agent 3 Message: [0, 0, 0, 0, 0, 0, 0, 0]

 Suspicious Activity Detected: None",Analyse,host:office_network_subnet_server_host_1,Last action is still in progress; continuing analysis is warranted to ensure no threats are present.
"# OBSERVATION

Mission Phase: 0
Last Action : Analyse host:office_network_subnet_server_host_1
Last Action Status: IN_PROGRESS
Communication Vectors: 
Commvector Blue Agent 0 Message: [0, 0, 0, 0, 0, 0, 0, 0]
Commvector Blue Agent 1 Message: [0, 0, 0, 0, 0, 0, 0, 0]
Commvector Blue Agent 2 Message: [0, 0, 0, 0, 0, 0, 0, 0]
Commvector Blue Agent 3 Message: [0, 0, 0, 0, 0, 0, 0, 0]

 Suspicious Activity Detected: None",Analyse,host:office_network_subnet_server_host_1,Continuing the analysis as the last action is still in progress.
"# OBSERVATION

Mission Phase: 0
Last Action : Analyse host:office_network_subnet_server_host_1
Last Action Status: IN_PROGRESS
Communication Vectors: 
Commvector Blue Agent 0 Message: [0, 0, 0, 0, 0, 0, 0, 1]
Commvector Blue Agent 1 Message: [0, 0, 0, 0, 0, 0, 0, 0]
Commvector Blue Agent 2 Message: [0, 0, 0, 0, 0, 0, 0, 0]
Commvector Blue Agent 3 Message: [0, 0, 0, 0, 0, 0, 0, 0]

 Suspicious Activity Detected: None",Analyse,host:office_network_subnet_server_host_1,"The last action is still in progress, continuing to analyze the host for any suspicious activity."
"# OBSERVATION

Mission Phase: 0
Last Action : Analyse host:office_network_subnet_server_host_1
Last Action Status: IN_PROGRESS
Communication Vectors: 
Commvector Blue Agent 0 Message: [0, 0, 0, 0, 0, 0, 0, 0]
Commvector Blue Agent 1 Message: [0, 0, 0, 0, 0, 0, 0, 0]
Commvector Blue Agent 2 Message: [0, 0, 1, 0, 0, 1, 0, 1]
Commvector Blue Agent 3 Message: [0, 0, 0, 0, 0, 0, 0, 0]

 Suspicious Activity Detected: None",Analyse,host:office_network_subnet_server_host_1,Continuing the analysis as the last action is still in progress to ensure thorough evaluation of potential risks.
"# OBSERVATION

Mission Phase: 0
Last Action : Analyse host:office_network_subnet_server_host_1
Last Action Status: IN_PROGRESS
Communication Vectors: 
Commvector Blue Agent 0 Message: [0, 0, 0, 0, 0, 0, 0, 1]
Commvector Blue Agent 1 Message: [0, 0, 0, 0, 0, 0, 0, 0]
Commvector Blue Agent 2 Message: [0, 0, 0, 0, 0, 0, 0, 0]
Commvector Blue Agent 3 Message: [0, 0, 0, 0, 0, 0, 0, 0]

 Suspicious Activity Detected: None",Analyse,host:office_network_subnet_server_host_1,"The analysis of the host is still in progress, and no suspicious activity has been detected."
"# OBSERVATION

Mission Phase: 0
Last Action : Analyse host:office_network_subnet_user_host_8
Last Action Status: IN_PROGRESS
Communication Vectors: 
Commvector Blue Agent 0 Message: [0, 0, 0, 0, 0, 0, 0, 0]
Commvector Blue Agent 1 Message: [0, 0, 0, 0, 0, 0, 0, 0]
Commvector Blue Agent 2 Message: [0, 0, 0, 0, 0, 0, 0, 0]
Commvector Blue Agent 3 Message: [0, 0, 0, 0, 0, 0, 0, 1]

Suspicious Activity Detected:
- Hostname: office_network_subnet_server_host_1 | IP: 10.0.188.241 | INFO: Connection to 10.0.79.253 | INFO: Connection to 10.0.79.253",Analyse,host:office_network_subnet_server_host_1,"Suspicious connections detected, warranting further investigation on this host."
"# OBSERVATION

Mission Phase: 0
Last Action : Analyse host:office_network_subnet_user_host_8
Last Action Status: IN_PROGRESS
Communication Vectors: 
Commvector Blue Agent 0 Message: [0, 0, 0, 0, 0, 0, 0, 1]
Commvector Blue Agent 1 Message: [0, 0, 0, 0, 0, 0, 0, 0]
Commvector Blue Agent 2 Message: [0, 0, 0, 0, 0, 0, 0, 1]
Commvector Blue Agent 3 Message: [0, 0, 0, 0, 0, 0, 0, 0]

Suspicious Activity Detected:
- Hostname: public_access_zone_subnet_router | IP: 10.0.79.229 | INFO: Connection to 10.0.175.59 | INFO: Connection to 10.0.175.59
- Hostname: public_access_zone_subnet_user_host_0 | IP: 10.0.79.229 | INFO: Connection to 10.0.175.59 | INFO: Connection to 10.0.175.59
- Hostname: office_network_subnet_router | IP: 10.0.79.229 | INFO: Connection to 10.0.175.59 | INFO: Connection to 10.0.175.59
- Hostname: office_network_subnet_user_host_8 | IP: 10.0.79.229 | INFO: Connection to 10.0.175.59 | INFO: Connection to 10.0.175.59 | INFO: Connection to 10.0.175.59 | INFO: Connection to 10.0.175.59 | INFO: Connection to 10.0.175.59 | INFO: Connection to 10.0.175.59 | INFO: Connection to 10.0.175.59 | INFO: Connection to 10.0.175.59 | INFO: Connection to 10.0.175.59 | INFO: Connection to 10.0.175.59 | INFO: Connection to 10.0.175.59 | INFO: Connection to 10.0.175.59 | INFO: Connection to 10.0.175.59 | INFO: Connection to 10.0.175.59 | INFO: Connection to 10.0.175.59 | INFO: Connection to 10.0.175.59 | INFO: Connection to 10.0.175.59 | INFO: Connection to 10.0.175.59 | INFO: Connection to 10.0.175.59 | INFO: Connection to 10.0.175.59 | INFO: Connection to 10.0.175.59 | INFO: Connection to 10.0.175.59 | WARNING: Suspicious process detected",Analyse,host:office_network_subnet_user_host_8,Need to collect further information on the host experiencing suspicious connections and processes.
"# OBSERVATION

Mission Phase: 0
Last Action : Analyse host:office_network_subnet_user_host_8
Last Action Status: IN_PROGRESS
Communication Vectors: 
Commvector Blue Agent 0 Message: [0, 0, 0, 0, 0, 0, 0, 0]
Commvector Blue Agent 1 Message: [0, 0, 0, 0, 0, 0, 0, 0]
Commvector Blue Agent 2 Message: [0, 0, 0, 0, 0, 0, 0, 0]
Commvector Blue Agent 3 Message: [0, 0, 0, 0, 0, 0, 0, 1]

 Suspicious Activity Detected: None",Analyse,host:office_network_subnet_user_host_8,"The last action is still in-progress, and further monitoring is necessary."
"# OBSERVATION

Mission Phase: 0
Last Action : Analyse host:office_network_subnet_user_host_8
Last Action Status: IN_PROGRESS
Communication Vectors: 
Commvector Blue Agent 0 Message: [0, 0, 0, 0, 0, 0, 0, 1]
Commvector Blue Agent 1 Message: [0, 0, 0, 0, 0, 0, 0, 0]
Commvector Blue Agent 2 Message: [0, 0, 0, 0, 0, 0, 0, 0]
Commvector Blue Agent 3 Message: [0, 0, 0, 0, 0, 0, 0, 0]

 Suspicious Activity Detected: None",Analyse,host:office_network_subnet_user_host_8,"The analysis is still in progress, and no additional suspicious activity has been detected."
"# OBSERVATION

Mission Phase: 0
Last Action : Analyse host:office_network_subnet_user_host_8
Last Action Status: IN_PROGRESS
Communication Vectors: 
Commvector Blue Agent 0 Message: [0, 0, 0, 0, 0, 0, 0, 1]
Commvector Blue Agent 1 Message: [0, 0, 0, 0, 0, 0, 0, 0]
Commvector Blue Agent 2 Message: [0, 0, 0, 0, 0, 0, 0, 1]
Commvector Blue Agent 3 Message: [0, 0, 0, 0, 0, 0, 0, 0]

 Suspicious Activity Detected: None",Analyse,host:office_network_subnet_user_host_8,"The initial analysis action is still in progress, and no further suspicious activity has been detected."
"# OBSERVATION

Mission Phase: 0
Last Action : DeployDecoy host:admin_network_subnet_server_host_2
Last Action Status: IN_PROGRESS
Communication Vectors: 
Commvector Blue Agent 0 Message: [0, 0, 0, 0, 0, 0, 0, 0]
Commvector Blue Agent 1 Message: [0, 0, 0, 0, 0, 0, 0, 0]
Commvector Blue Agent 2 Message: [0, 0, 0, 0, 0, 0, 0, 0]
Commvector Blue Agent 3 Message: [0, 0, 0, 0, 0, 0, 0, 0]

Suspicious Activity Detected:
- Hostname: office_network_subnet_user_host_8 | IP: 10.0.79.229",Analyse,host:office_network_subnet_user_host_8,"Suspicious activity detected on the host, requiring further investigation."
"# OBSERVATION

Mission Phase: 0
Last Action : DeployDecoy host:admin_network_subnet_server_host_2
Last Action Status: IN_PROGRESS
Communication Vectors: 
Commvector Blue Agent 0 Message: [0, 0, 0, 0, 0, 0, 0, 0]
Commvector Blue Agent 1 Message: [0, 0, 0, 0, 0, 0, 0, 0]
Commvector Blue Agent 2 Message: [0, 0, 0, 0, 0, 0, 0, 0]
Commvector Blue Agent 3 Message: [0, 0, 0, 0, 0, 0, 0, 1]

 Suspicious Activity Detected: None",DeployDecoy,host:admin_network_subnet_server_host_2,Current action is in progress to detect potential red activity.
"# OBSERVATION

Mission Phase: 0
Last Action : DeployDecoy host:admin_network_subnet_server_host_2
Last Action Status: IN_PROGRESS
Communication Vectors: 
Commvector Blue Agent 0 Message: [0, 0, 0, 0, 0, 0, 0, 0]
Commvector Blue Agent 1 Message: [0, 0, 0, 0, 0, 0, 0, 0]
Commvector Blue Agent 2 Message: [0, 0, 0, 0, 0, 0, 0, 0]
Commvector Blue Agent 3 Message: [0, 0, 0, 0, 0, 0, 0, 0]

 Suspicious Activity Detected: None",DeployDecoy,host:admin_network_subnet_server_host_2,Continuing the deployment of a decoy to enhance security in the admin network.
"# OBSERVATION

Mission Phase: 0
Last Action : DeployDecoy host:admin_network_subnet_server_host_2
Last Action Status: IN_PROGRESS
Communication Vectors: 
Commvector Blue Agent 0 Message: [0, 0, 0, 0, 0, 0, 0, 1]
Commvector Blue Agent 1 Message: [0, 0, 0, 0, 0, 0, 0, 0]
Commvector Blue Agent 2 Message: [0, 0, 0, 0, 0, 0, 0, 0]
Commvector Blue Agent 3 Message: [0, 0, 0, 0, 0, 0, 0, 0]

 Suspicious Activity Detected: None",DeployDecoy,host:admin_network_subnet_server_host_2,Continuing the deployment of a decoy service to monitor for potential red activity.
"# OBSERVATION

Mission Phase: 0
Last Action : DeployDecoy host:admin_network_subnet_server_host_2
Last Action Status: IN_PROGRESS
Communication Vectors: 
Commvector Blue Agent 0 Message: [0, 0, 0, 0, 0, 0, 0, 1]
Commvector Blue Agent 1 Message: [0, 0, 0, 0, 0, 0, 0, 0]
Commvector Blue Agent 2 Message: [0, 0, 0, 0, 0, 0, 0, 0]
Commvector Blue Agent 3 Message: [0, 0, 0, 0, 0, 0, 0, 0]

 Suspicious Activity Detected: None",DeployDecoy,host:admin_network_subnet_server_host_2,Continuing deployment of decoy to detect potential red activity in the admin network.
"# OBSERVATION

Mission Phase: 0
Last Action : DeployDecoy host:admin_network_subnet_server_host_2
Last Action Status: IN_PROGRESS
Communication Vectors: 
Commvector Blue Agent 0 Message: [0, 0, 0, 0, 0, 0, 0, 0]
Commvector Blue Agent 1 Message: [0, 0, 0, 0, 0, 0, 0, 0]
Commvector Blue Agent 2 Message: [0, 0, 0, 0, 0, 0, 0, 1]
Commvector Blue Agent 3 Message: [0, 0, 0, 0, 0, 0, 0, 0]

 Suspicious Activity Detected: None",DeployDecoy,host:admin_network_subnet_server_host_2,Continuing with the deployment of decoy to enhance detection capabilities.
"# OBSERVATION

Mission Phase: 0
Last Action : DeployDecoy host:admin_network_subnet_server_host_2
Last Action Status: IN_PROGRESS
Communication Vectors: 
Commvector Blue Agent 0 Message: [0, 0, 0, 0, 0, 0, 0, 0]
Commvector Blue Agent 1 Message: [0, 0, 0, 0, 0, 0, 0, 1]
Commvector Blue Agent 2 Message: [0, 0, 0, 0, 0, 0, 0, 0]
Commvector Blue Agent 3 Message: [0, 0, 0, 0, 0, 0, 0, 1]

 Suspicious Activity Detected: None",DeployDecoy,host:admin_network_subnet_server_host_2,"The last action to deploy a decoy is still in progress, and no suspicious activity has been detected."
"# OBSERVATION

Mission Phase: 0
Last Action : DeployDecoy host:admin_network_subnet_server_host_2
Last Action Status: IN_PROGRESS
Communication Vectors: 
Commvector Blue Agent 0 Message: [0, 0, 0, 0, 0, 0, 0, 0]
Commvector Blue Agent 1 Message: [0, 0, 0, 0, 0, 0, 0, 0]
Commvector Blue Agent 2 Message: [0, 0, 0, 0, 0, 0, 0, 1]
Commvector Blue Agent 3 Message: [0, 0, 0, 0, 0, 0, 0, 0]

 Suspicious Activity Detected: None",DeployDecoy,host:admin_network_subnet_server_host_2,Continuing with the deployment of a decoy to enhance detection capabilities in the admin network.
"# OBSERVATION

Mission Phase: 0
Last Action : Remove host:admin_network_subnet_server_host_2
Last Action Status: TRUE
Communication Vectors: 
Commvector Blue Agent 0 Message: [0, 0, 0, 0, 0, 0, 0, 0]
Commvector Blue Agent 1 Message: [0, 0, 0, 0, 0, 0, 0, 1]
Commvector Blue Agent 2 Message: [0, 0, 0, 0, 0, 0, 0, 0]
Commvector Blue Agent 3 Message: [0, 0, 0, 0, 0, 0, 0, 1]

 Suspicious Activity Detected: None",DeployDecoy,host:admin_network_subnet_server_host_2,Preventative measure to detect potential future red activity after the last successful removal action.
"# OBSERVATION

Mission Phase: 0
Last Action : Remove host:admin_network_subnet_server_host_2
Last Action Status: IN_PROGRESS
Communication Vectors: 
Commvector Blue Agent 0 Message: [0, 0, 0, 0, 0, 0, 0, 0]
Commvector Blue Agent 1 Message: [0, 0, 0, 0, 0, 0, 0, 0]
Commvector Blue Agent 2 Message: [0, 0, 0, 0, 0, 0, 0, 0]
Commvector Blue Agent 3 Message: [0, 0, 0, 0, 0, 0, 0, 0]

 Suspicious Activity Detected: None",Remove,host:admin_network_subnet_server_host_2,"The last action is still in progress, which indicates ongoing efforts to eliminate potential threats."
"# OBSERVATION

Mission Phase: 0
Last Action : Analyse host:admin_network_subnet_server_host_2
Last Action Status: IN_PROGRESS
Communication Vectors: 
Commvector Blue Agent 0 Message: [1, 0, 0, 0, 0, 1, 0, 1]
Commvector Blue Agent 1 Message: [0, 0, 0, 0, 0, 0, 0, 0]
Commvector Blue Agent 2 Message: [0, 0, 0, 0, 0, 0, 0, 1]
Commvector Blue Agent 3 Message: [0, 0, 0, 0, 0, 0, 0, 1]

 Suspicious Activity Detected: None",Remove,host:admin_network_subnet_server_host_2,"A red agent has been detected on the host, indicating a user-level compromise."
"# OBSERVATION

Mission Phase: 0
Last Action : Analyse host:admin_network_subnet_server_host_2
Last Action Status: IN_PROGRESS
Communication Vectors: 
Commvector Blue Agent 0 Message: [0, 0, 0, 0, 0, 0, 0, 0]
Commvector Blue Agent 1 Message: [0, 0, 0, 0, 0, 0, 0, 0]
Commvector Blue Agent 2 Message: [0, 0, 0, 0, 0, 0, 0, 0]
Commvector Blue Agent 3 Message: [0, 0, 0, 0, 0, 0, 0, 0]

 Suspicious Activity Detected: None",Analyse,host:admin_network_subnet_server_host_2,Continuing to monitor for suspicious activity as the previous analysis is still in progress.
"# OBSERVATION

Mission Phase: 0
Last Action : Analyse host:admin_network_subnet_server_host_3
Last Action Status: IN_PROGRESS
Communication Vectors: 
Commvector Blue Agent 0 Message: [0, 0, 0, 0, 0, 0, 0, 0]
Commvector Blue Agent 1 Message: [0, 0, 0, 0, 0, 0, 0, 0]
Commvector Blue Agent 2 Message: [0, 0, 0, 0, 0, 0, 0, 1]
Commvector Blue Agent 3 Message: [0, 0, 0, 0, 0, 0, 0, 0]

Suspicious Activity Detected:
- Hostname: admin_network_subnet_server_host_2 | IP: 10.0.34.229 | INFO: Connection to 10.0.34.252 | INFO: Connection to 10.0.34.252",Analyse,host:admin_network_subnet_server_host_2,Suspicious connections detected indicating potential red activity.
"# OBSERVATION

Mission Phase: 0
Last Action : Analyse host:admin_network_subnet_server_host_3
Last Action Status: IN_PROGRESS
Communication Vectors: 
Commvector Blue Agent 0 Message: [0, 0, 0, 0, 0, 0, 0, 1]
Commvector Blue Agent 1 Message: [0, 0, 0, 0, 0, 0, 0, 0]
Commvector Blue Agent 2 Message: [0, 0, 0, 0, 0, 0, 0, 0]
Commvector Blue Agent 3 Message: [0, 0, 0, 0, 0, 0, 0, 0]

 Suspicious Activity Detected: None",Analyse,host:admin_network_subnet_server_host_3,Continuing the analysis of the host to gather insights on potential risks.
"# OBSERVATION

Mission Phase: 0
Last Action : Analyse host:public_access_zone_subnet_user_host_1
Last Action Status: IN_PROGRESS
Communication Vectors: 
Commvector Blue Agent 0 Message: [0, 0, 0, 0, 0, 0, 0, 0]
Commvector Blue Agent 1 Message: [0, 0, 0, 0, 0, 0, 0, 0]
Commvector Blue Agent 2 Message: [0, 0, 0, 0, 0, 0, 0, 0]
Commvector Blue Agent 3 Message: [0, 0, 0, 0, 0, 0, 0, 0]

Suspicious Activity Detected:
- Hostname: admin_network_subnet_server_host_3 | IP: 10.0.34.244 | INFO: Connection to 10.0.34.251 | INFO: Connection to 10.0.34.251",Analyse,host:admin_network_subnet_server_host_3,"Suspicious connections detected on the host, warranting further investigation."
"# OBSERVATION

Mission Phase: 0
Last Action : Analyse host:office_network_subnet_server_host_1
Last Action Status: IN_PROGRESS
Communication Vectors: 
Commvector Blue Agent 0 Message: [0, 0, 0, 0, 0, 0, 0, 0]
Commvector Blue Agent 1 Message: [0, 0, 0, 0, 0, 0, 0, 0]
Commvector Blue Agent 2 Message: [0, 0, 0, 0, 0, 0, 0, 1]
Commvector Blue Agent 3 Message: [0, 0, 0, 0, 0, 0, 0, 0]

Suspicious Activity Detected:
- Hostname: public_access_zone_subnet_user_host_1 | IP: 10.0.175.38",Analyse,host:public_access_zone_subnet_user_host_1,"Suspicious activity detected on host, requiring further investigation."
"# OBSERVATION

Mission Phase: 0
Last Action : Analyse host:office_network_subnet_server_host_1
Last Action Status: IN_PROGRESS
Communication Vectors: 
Commvector Blue Agent 0 Message: [0, 0, 0, 0, 0, 0, 0, 1]
Commvector Blue Agent 1 Message: [0, 0, 0, 0, 0, 0, 0, 0]
Commvector Blue Agent 2 Message: [0, 0, 0, 0, 0, 0, 0, 0]
Commvector Blue Agent 3 Message: [0, 0, 0, 0, 0, 0, 0, 0]

 Suspicious Activity Detected: None",Analyse,host:office_network_subnet_server_host_1,Continuing analysis on the host as the last action is still in progress.
"# OBSERVATION

Mission Phase: 0
Last Action : AllowTrafficZone subnet:office_network
Last Action Status: FALSE
Communication Vectors: 
Commvector Blue Agent 0 Message: [0, 0, 0, 0, 0, 0, 0, 0]
Commvector Blue Agent 1 Message: [0, 0, 0, 0, 0, 0, 0, 1]
Commvector Blue Agent 2 Message: [0, 0, 0, 0, 0, 0, 0, 1]
Commvector Blue Agent 3 Message: [0, 0, 0, 0, 0, 0, 0, 0]

Suspicious Activity Detected:
- Hostname: office_network_subnet_server_host_1 | IP: 10.0.79.229 | INFO: Connection to 10.0.79.253 | INFO: Connection to 10.0.79.253",Analyse,host:office_network_subnet_server_host_1,"Suspicious connection activity detected on the host, requiring further investigation."
"# OBSERVATION

Mission Phase: 0
Last Action : AllowTrafficZone subnet:office_network
Last Action Status: FALSE
Communication Vectors: 
Commvector Blue Agent 0 Message: [0, 0, 0, 0, 0, 0, 0, 0]
Commvector Blue Agent 1 Message: [0, 0, 0, 0, 0, 0, 0, 0]
Commvector Blue Agent 2 Message: [0, 0, 0, 0, 0, 0, 0, 1]
Commvector Blue Agent 3 Message: [0, 0, 0, 0, 0, 0, 0, 1]

 Suspicious Activity Detected: None",AllowTrafficZone,subnet:office_network,"The last action to allow traffic was unsuccessful, indicating a need to ensure connectivity in the office network."
"# OBSERVATION

Mission Phase: 0
Last Action : AllowTrafficZone subnet:office_network
Last Action Status: FALSE
Communication Vectors: 
Commvector Blue Agent 0 Message: [0, 0, 0, 0, 0, 0, 0, 1]
Commvector Blue Agent 1 Message: [0, 0, 0, 0, 0, 0, 0, 0]
Commvector Blue Agent 2 Message: [0, 0, 0, 0, 0, 0, 0, 0]
Commvector Blue Agent 3 Message: [0, 0, 0, 0, 0, 0, 0, 0]

 Suspicious Activity Detected: None",AllowTrafficZone,subnet:office_network,"The last action was unsuccessful, and allowing traffic is necessary for standard connectivity in a non-critical phase."
"# OBSERVATION

Mission Phase: 0
Last Action : AllowTrafficZone subnet:office_network
Last Action Status: FALSE
Communication Vectors: 
Commvector Blue Agent 0 Message: [0, 0, 0, 0, 0, 0, 0, 0]
Commvector Blue Agent 1 Message: [0, 0, 0, 0, 0, 0, 0, 0]
Commvector Blue Agent 2 Message: [0, 0, 0, 0, 0, 0, 0, 1]
Commvector Blue Agent 3 Message: [0, 0, 0, 0, 0, 0, 0, 0]

 Suspicious Activity Detected: None",AllowTrafficZone,subnet:office_network,Current action was unsuccessful and the office network is in a low priority phase.
"# OBSERVATION

Mission Phase: 0
Last Action : AllowTrafficZone subnet:office_network
Last Action Status: FALSE
Communication Vectors: 
Commvector Blue Agent 0 Message: [0, 0, 0, 0, 0, 0, 0, 0]
Commvector Blue Agent 1 Message: [0, 0, 0, 0, 0, 0, 0, 0]
Commvector Blue Agent 2 Message: [0, 0, 0, 0, 0, 0, 0, 0]
Commvector Blue Agent 3 Message: [0, 0, 0, 0, 0, 0, 0, 0]

 Suspicious Activity Detected: None",AllowTrafficZone,subnet:office_network,"Current action to allow traffic to the office network has failed, indicating the zone may still be blocked."
"# OBSERVATION

Mission Phase: 0
Last Action : AllowTrafficZone subnet:office_network
Last Action Status: FALSE
Communication Vectors: 
Commvector Blue Agent 0 Message: [0, 0, 0, 0, 0, 0, 0, 0]
Commvector Blue Agent 1 Message: [0, 0, 0, 0, 0, 0, 0, 0]
Commvector Blue Agent 2 Message: [0, 0, 0, 0, 0, 0, 0, 0]
Commvector Blue Agent 3 Message: [0, 0, 0, 0, 0, 0, 0, 1]

 Suspicious Activity Detected: None",AllowTrafficZone,subnet:office_network,Zone was previously blocked; attempting to restore connectivity in a low priority phase.
"# OBSERVATION

Mission Phase: 0
Last Action : AllowTrafficZone subnet:office_network
Last Action Status: FALSE
Communication Vectors: 
Commvector Blue Agent 0 Message: [0, 0, 0, 0, 0, 0, 0, 0]
Commvector Blue Agent 1 Message: [0, 0, 0, 0, 0, 0, 0, 0]
Commvector Blue Agent 2 Message: [0, 0, 0, 0, 0, 0, 0, 0]
Commvector Blue Agent 3 Message: [0, 0, 0, 0, 0, 0, 0, 0]

 Suspicious Activity Detected: None",AllowTrafficZone,subnet:office_network,Zone connectivity is required for standard operations.
"# OBSERVATION

Mission Phase: 0
Last Action : AllowTrafficZone subnet:office_network
Last Action Status: FALSE
Communication Vectors: 
Commvector Blue Agent 0 Message: [0, 0, 0, 0, 0, 1, 0, 0]
Commvector Blue Agent 1 Message: [0, 0, 0, 0, 0, 0, 0, 0]
Commvector Blue Agent 2 Message: [0, 0, 1, 0, 0, 1, 0, 0]
Commvector Blue Agent 3 Message: [0, 0, 0, 0, 0, 0, 0, 0]

 Suspicious Activity Detected: None",AllowTrafficZone,subnet:office_network,The zone is currently blocked and needs to allow traffic for normal operations.
"# OBSERVATION

Mission Phase: 0
Last Action : AllowTrafficZone subnet:office_network
Last Action Status: FALSE
Communication Vectors: 
Commvector Blue Agent 0 Message: [0, 0, 0, 0, 0, 0, 0, 1]
Commvector Blue Agent 1 Message: [0, 0, 0, 0, 0, 0, 0, 0]
Commvector Blue Agent 2 Message: [0, 0, 0, 0, 0, 0, 0, 1]
Commvector Blue Agent 3 Message: [0, 0, 0, 0, 0, 0, 0, 0]

 Suspicious Activity Detected: None",AllowTrafficZone,subnet:office_network,"Action was unsuccessful previously, indicating the zone needs to be allowed for connectivity."
"# OBSERVATION

Mission Phase: 0
Last Action : BlockTrafficZone subnet:office_network
Last Action Status: FALSE
Communication Vectors: 
Commvector Blue Agent 0 Message: [0, 0, 0, 0, 0, 0, 0, 0]
Commvector Blue Agent 1 Message: [0, 0, 0, 0, 0, 0, 0, 0]
Commvector Blue Agent 2 Message: [0, 0, 0, 0, 0, 0, 0, 0]
Commvector Blue Agent 3 Message: [0, 0, 0, 0, 0, 0, 0, 0]

Suspicious Activity Detected:
- Hostname: public_access_zone_subnet_server_host_1 | IP: 10.0.188.148 | INFO: Connection to 10.0.175.253 | INFO: Connection to 10.0.175.253",AllowTrafficZone,subnet:office_network,"The last action to block traffic in the office network was unsuccessful, and standard network connectivity is required during the mission phase."
"# OBSERVATION

Mission Phase: 0
Last Action : BlockTrafficZone subnet:office_network
Last Action Status: FALSE
Communication Vectors: 
Commvector Blue Agent 0 Message: [0, 0, 0, 0, 0, 0, 0, 1]
Commvector Blue Agent 1 Message: [0, 0, 0, 0, 0, 0, 0, 0]
Commvector Blue Agent 2 Message: [0, 0, 0, 0, 0, 0, 0, 0]
Commvector Blue Agent 3 Message: [0, 0, 0, 0, 0, 0, 0, 0]

 Suspicious Activity Detected: None",BlockTrafficZone,subnet:office_network,Zone is in a state where an action to block traffic is still necessary to secure it.
"# OBSERVATION

Mission Phase: 0
Last Action : Remove host:office_network_subnet_server_host_2
Last Action Status: TRUE
Communication Vectors: 
Commvector Blue Agent 0 Message: [0, 0, 0, 0, 0, 0, 0, 0]
Commvector Blue Agent 1 Message: [0, 0, 0, 0, 0, 0, 0, 0]
Commvector Blue Agent 2 Message: [0, 0, 0, 0, 0, 0, 0, 1]
Commvector Blue Agent 3 Message: [0, 0, 0, 0, 0, 0, 0, 0]

 Suspicious Activity Detected: None",BlockTrafficZone,subnet:office_network,Prevent potential future access from compromised or malicious actors in the contractor network.
"# OBSERVATION

Mission Phase: 0
Last Action : Remove host:office_network_subnet_server_host_2
Last Action Status: IN_PROGRESS
Communication Vectors: 
Commvector Blue Agent 0 Message: [0, 0, 0, 0, 0, 0, 0, 0]
Commvector Blue Agent 1 Message: [0, 0, 0, 0, 0, 0, 0, 0]
Commvector Blue Agent 2 Message: [0, 0, 0, 0, 0, 0, 0, 0]
Commvector Blue Agent 3 Message: [0, 0, 0, 0, 0, 0, 0, 0]

 Suspicious Activity Detected: None",Remove,host:office_network_subnet_server_host_2,"Last action is still in progress, continuing the removal process."
"# OBSERVATION

Mission Phase: 0
Last Action : Analyse host:office_network_subnet_server_host_2
Last Action Status: IN_PROGRESS
Communication Vectors: 
Commvector Blue Agent 0 Message: [1, 0, 0, 0, 0, 1, 0, 1]
Commvector Blue Agent 1 Message: [0, 0, 0, 0, 0, 0, 0, 0]
Commvector Blue Agent 2 Message: [0, 0, 0, 0, 0, 0, 0, 0]
Commvector Blue Agent 3 Message: [0, 0, 0, 0, 0, 0, 0, 0]

 Suspicious Activity Detected: None",Remove,host:office_network_subnet_server_host_2,Host has been compromised by a red agent as indicated by the malicious action detection.
"# OBSERVATION

Mission Phase: 0
Last Action : Analyse host:office_network_subnet_server_host_2
Last Action Status: IN_PROGRESS
Communication Vectors: 
Commvector Blue Agent 0 Message: [0, 0, 0, 0, 0, 0, 0, 0]
Commvector Blue Agent 1 Message: [0, 0, 0, 0, 0, 0, 0, 0]
Commvector Blue Agent 2 Message: [0, 0, 0, 0, 0, 0, 0, 0]
Commvector Blue Agent 3 Message: [0, 0, 0, 0, 0, 0, 0, 0]

 Suspicious Activity Detected: None",Analyse,host:office_network_subnet_server_host_2,Continuing the analysis of the host is necessary to determine if there are any underlying threats as the last action is still in progress.
"# OBSERVATION

Mission Phase: 0
Last Action : Analyse host:office_network_subnet_server_host_2
Last Action Status: IN_PROGRESS
Communication Vectors: 
Commvector Blue Agent 0 Message: [0, 0, 0, 0, 0, 0, 0, 0]
Commvector Blue Agent 1 Message: [0, 0, 0, 0, 0, 0, 0, 0]
Commvector Blue Agent 2 Message: [0, 0, 0, 0, 0, 0, 0, 0]
Commvector Blue Agent 3 Message: [0, 0, 0, 0, 0, 0, 0, 1]

 Suspicious Activity Detected: None",Analyse,host:office_network_subnet_server_host_2,"The last analysis action is still in progress, indicating ongoing investigation into the host's status."
"# OBSERVATION

Mission Phase: 0
Last Action : Analyse host:office_network_subnet_server_host_2
Last Action Status: IN_PROGRESS
Communication Vectors: 
Commvector Blue Agent 0 Message: [0, 0, 0, 0, 0, 0, 0, 0]
Commvector Blue Agent 1 Message: [0, 0, 0, 0, 0, 0, 0, 0]
Commvector Blue Agent 2 Message: [0, 0, 0, 0, 0, 0, 0, 0]
Commvector Blue Agent 3 Message: [0, 0, 0, 0, 0, 0, 0, 0]

 Suspicious Activity Detected: None",Analyse,host:office_network_subnet_server_host_2,"The last action is still in progress, so we will continue to monitor the analysis for potential threats."
"# OBSERVATION

Mission Phase: 0
Last Action : Analyse host:office_network_subnet_server_host_2
Last Action Status: IN_PROGRESS
Communication Vectors: 
Commvector Blue Agent 0 Message: [0, 0, 0, 0, 0, 0, 0, 1]
Commvector Blue Agent 1 Message: [0, 0, 0, 0, 0, 0, 0, 0]
Commvector Blue Agent 2 Message: [0, 0, 0, 0, 0, 0, 0, 1]
Commvector Blue Agent 3 Message: [0, 0, 0, 0, 0, 0, 0, 0]

 Suspicious Activity Detected: None",Analyse,host:office_network_subnet_server_host_2,The current action is in progress to investigate potential threats.
"# OBSERVATION

Mission Phase: 0
Last Action : Analyse host:office_network_subnet_server_host_2
Last Action Status: IN_PROGRESS
Communication Vectors: 
Commvector Blue Agent 0 Message: [0, 0, 0, 0, 0, 0, 0, 0]
Commvector Blue Agent 1 Message: [0, 0, 0, 0, 0, 0, 0, 0]
Commvector Blue Agent 2 Message: [0, 0, 0, 0, 0, 0, 0, 1]
Commvector Blue Agent 3 Message: [0, 0, 0, 0, 0, 0, 0, 0]

 Suspicious Activity Detected: None",Analyse,host:office_network_subnet_server_host_2,"Last action is still in progress, so further analysis is required to assess the situation."
"# OBSERVATION

Mission Phase: 0
Last Action : Analyse host:office_network_subnet_server_host_2
Last Action Status: IN_PROGRESS
Communication Vectors: 
Commvector Blue Agent 0 Message: [0, 0, 0, 0, 0, 0, 0, 0]
Commvector Blue Agent 1 Message: [0, 0, 0, 0, 0, 0, 0, 0]
Commvector Blue Agent 2 Message: [0, 0, 0, 0, 0, 0, 0, 0]
Commvector Blue Agent 3 Message: [0, 0, 0, 0, 0, 0, 0, 0]

 Suspicious Activity Detected: None",Analyse,host:office_network_subnet_server_host_2,Continuing the analysis to gather more information on the host's status since the last action is still in progress.
"# OBSERVATION

Mission Phase: 0
Last Action : Analyse host:office_network_subnet_server_host_2
Last Action Status: IN_PROGRESS
Communication Vectors: 
Commvector Blue Agent 0 Message: [0, 0, 0, 0, 0, 0, 0, 1]
Commvector Blue Agent 1 Message: [0, 0, 0, 0, 0, 0, 0, 1]
Commvector Blue Agent 2 Message: [0, 0, 0, 0, 0, 0, 0, 1]
Commvector Blue Agent 3 Message: [0, 0, 0, 0, 0, 0, 0, 0]

 Suspicious Activity Detected: None",Analyse,host:office_network_subnet_server_host_2,The previous analysis action is still in progress and needs to be completed to assess the network for suspicious activity.
"# OBSERVATION

Mission Phase: 0
Last Action : Analyse host:office_network_subnet_server_host_2
Last Action Status: IN_PROGRESS
Communication Vectors: 
Commvector Blue Agent 0 Message: [0, 0, 0, 0, 0, 0, 0, 0]
Commvector Blue Agent 1 Message: [0, 0, 0, 0, 0, 0, 0, 0]
Commvector Blue Agent 2 Message: [0, 0, 0, 0, 0, 0, 0, 0]
Commvector Blue Agent 3 Message: [0, 0, 0, 0, 0, 0, 0, 0]

 Suspicious Activity Detected: None",Analyse,host:office_network_subnet_server_host_2,"The last action is still in progress, indicating ongoing investigation for suspicious activity."
"# OBSERVATION

Mission Phase: 0
Last Action : Analyse host:office_network_subnet_server_host_2
Last Action Status: IN_PROGRESS
Communication Vectors: 
Commvector Blue Agent 0 Message: [0, 0, 0, 0, 0, 0, 0, 1]
Commvector Blue Agent 1 Message: [0, 0, 0, 0, 0, 0, 0, 1]
Commvector Blue Agent 2 Message: [0, 0, 0, 0, 0, 0, 0, 1]
Commvector Blue Agent 3 Message: [0, 0, 0, 0, 0, 0, 0, 1]

 Suspicious Activity Detected: None",Analyse,host:office_network_subnet_server_host_2,Continuing the analysis as the last action is still in progress to assess any suspicious activity on the host.
"# OBSERVATION

Mission Phase: 0
Last Action : Analyse host:office_network_subnet_server_host_2
Last Action Status: IN_PROGRESS
Communication Vectors: 
Commvector Blue Agent 0 Message: [0, 0, 0, 0, 0, 0, 0, 1]
Commvector Blue Agent 1 Message: [0, 0, 0, 0, 0, 0, 0, 0]
Commvector Blue Agent 2 Message: [0, 0, 0, 0, 0, 0, 0, 0]
Commvector Blue Agent 3 Message: [0, 0, 0, 0, 0, 0, 0, 0]

 Suspicious Activity Detected: None",Analyse,host:office_network_subnet_server_host_2,The analysis is still in progress to determine network status and any potential threats.
"# OBSERVATION

Mission Phase: 0
Last Action : Analyse host:office_network_subnet_server_host_2
Last Action Status: IN_PROGRESS
Communication Vectors: 
Commvector Blue Agent 0 Message: [0, 0, 0, 0, 0, 0, 0, 0]
Commvector Blue Agent 1 Message: [0, 0, 0, 0, 0, 0, 0, 0]
Commvector Blue Agent 2 Message: [0, 0, 0, 0, 0, 0, 0, 0]
Commvector Blue Agent 3 Message: [0, 0, 0, 0, 0, 0, 0, 0]

 Suspicious Activity Detected: None",Analyse,host:office_network_subnet_server_host_2,The previous analysis action is still in progress and no further suspicious activity has been detected.
"# OBSERVATION

Mission Phase: 0
Last Action : Analyse host:admin_network_subnet_user_host_1
Last Action Status: IN_PROGRESS
Communication Vectors: 
Commvector Blue Agent 0 Message: [0, 0, 0, 0, 0, 0, 0, 0]
Commvector Blue Agent 1 Message: [0, 0, 0, 0, 0, 0, 0, 1]
Commvector Blue Agent 2 Message: [0, 0, 0, 0, 0, 0, 0, 1]
Commvector Blue Agent 3 Message: [0, 0, 0, 0, 0, 0, 0, 0]

Suspicious Activity Detected:
- Hostname: office_network_subnet_server_host_2 | IP: 10.0.79.252 | INFO: Connection to 10.0.79.44 | INFO: Connection to 10.0.79.44 | INFO: Connection to 10.0.79.44 | INFO: Connection to 10.0.79.44 | INFO: Connection to 10.0.79.44 | INFO: Connection to 10.0.79.44 | INFO: Connection to 10.0.79.44 | INFO: Connection to 10.0.79.44",Analyse,host:office_network_subnet_server_host_2,Suspicious connections detected indicating potential red activity on the server.
"# OBSERVATION

Mission Phase: 0
Last Action : Analyse host:admin_network_subnet_user_host_1
Last Action Status: IN_PROGRESS
Communication Vectors: 
Commvector Blue Agent 0 Message: [0, 0, 0, 0, 0, 0, 0, 0]
Commvector Blue Agent 1 Message: [0, 0, 0, 0, 0, 0, 0, 0]
Commvector Blue Agent 2 Message: [0, 0, 0, 0, 0, 0, 0, 0]
Commvector Blue Agent 3 Message: [0, 0, 0, 0, 0, 0, 0, 0]

 Suspicious Activity Detected: None",Analyse,host:admin_network_subnet_user_host_1,Continuing the analysis of the host as the previous action is still in progress to ensure no suspicious activity is missed.
"# OBSERVATION

Mission Phase: 0
Last Action : Analyse host:admin_network_subnet_user_host_1
Last Action Status: IN_PROGRESS
Communication Vectors: 
Commvector Blue Agent 0 Message: [0, 0, 0, 0, 0, 0, 0, 0]
Commvector Blue Agent 1 Message: [0, 0, 0, 0, 0, 0, 0, 1]
Commvector Blue Agent 2 Message: [0, 0, 1, 0, 0, 1, 0, 0]
Commvector Blue Agent 3 Message: [0, 0, 0, 1, 0, 1, 0, 1]

 Suspicious Activity Detected: None",Analyse,host:admin_network_subnet_user_host_1,"The current analysis is still in progress, and further examination is needed to ensure no suspicious activity is present."
"# OBSERVATION

Mission Phase: 0
Last Action : Analyse host:admin_network_subnet_user_host_1
Last Action Status: IN_PROGRESS
Communication Vectors: 
Commvector Blue Agent 0 Message: [0, 0, 0, 0, 0, 0, 0, 1]
Commvector Blue Agent 1 Message: [0, 0, 0, 0, 0, 0, 0, 0]
Commvector Blue Agent 2 Message: [0, 0, 0, 0, 0, 0, 0, 1]
Commvector Blue Agent 3 Message: [0, 0, 0, 0, 0, 0, 0, 1]

 Suspicious Activity Detected: None",Analyse,host:admin_network_subnet_user_host_1,Continuing to monitor the host as the previous analysis action is still in progress.
"# OBSERVATION

Mission Phase: 0
Last Action : Analyse host:admin_network_subnet_user_host_1
Last Action Status: IN_PROGRESS
Communication Vectors: 
Commvector Blue Agent 0 Message: [0, 0, 0, 0, 0, 0, 0, 0]
Commvector Blue Agent 1 Message: [0, 0, 0, 0, 0, 0, 0, 0]
Commvector Blue Agent 2 Message: [0, 0, 0, 0, 0, 0, 0, 0]
Commvector Blue Agent 3 Message: [0, 0, 0, 1, 0, 1, 0, 0]

 Suspicious Activity Detected: None",Analyse,host:admin_network_subnet_user_host_1,"The previous analysis action is still in progress, and no new suspicious activity has been detected."
"# OBSERVATION

Mission Phase: 0
Last Action : Analyse host:admin_network_subnet_user_host_1
Last Action Status: IN_PROGRESS
Communication Vectors: 
Commvector Blue Agent 0 Message: [0, 0, 0, 0, 0, 0, 0, 0]
Commvector Blue Agent 1 Message: [0, 0, 0, 0, 0, 0, 0, 0]
Commvector Blue Agent 2 Message: [0, 0, 0, 0, 0, 0, 0, 0]
Commvector Blue Agent 3 Message: [0, 0, 0, 0, 0, 0, 0, 0]

 Suspicious Activity Detected: None",Analyse,host:admin_network_subnet_user_host_1,"The last action is still in progress, and no suspicious activity was detected."
"# OBSERVATION

Mission Phase: 0
Last Action : Analyse host:admin_network_subnet_user_host_1
Last Action Status: IN_PROGRESS
Communication Vectors: 
Commvector Blue Agent 0 Message: [1, 0, 0, 0, 0, 1, 0, 0]
Commvector Blue Agent 1 Message: [0, 0, 0, 0, 0, 0, 0, 0]
Commvector Blue Agent 2 Message: [0, 0, 0, 0, 0, 0, 0, 0]
Commvector Blue Agent 3 Message: [0, 0, 0, 0, 0, 0, 0, 1]

 Suspicious Activity Detected: None",Analyse,host:admin_network_subnet_user_host_1,Continuing analysis to confirm the presence of malicious activity as the last action is still in progress.
"# OBSERVATION

Mission Phase: 0
Last Action : Analyse host:admin_network_subnet_user_host_1
Last Action Status: IN_PROGRESS
Communication Vectors: 
Commvector Blue Agent 0 Message: [0, 0, 0, 0, 0, 0, 0, 0]
Commvector Blue Agent 1 Message: [0, 0, 0, 0, 0, 0, 0, 0]
Commvector Blue Agent 2 Message: [0, 0, 0, 0, 0, 0, 0, 0]
Commvector Blue Agent 3 Message: [0, 0, 0, 0, 0, 0, 0, 0]

 Suspicious Activity Detected: None",Analyse,host:admin_network_subnet_user_host_1,"The last action is still in progress, and no suspicious activity has been detected."
"# OBSERVATION

Mission Phase: 0
Last Action : Analyse host:admin_network_subnet_user_host_1
Last Action Status: IN_PROGRESS
Communication Vectors: 
Commvector Blue Agent 0 Message: [0, 0, 0, 0, 0, 0, 0, 0]
Commvector Blue Agent 1 Message: [0, 0, 0, 0, 0, 0, 0, 0]
Commvector Blue Agent 2 Message: [0, 0, 0, 0, 0, 0, 0, 0]
Commvector Blue Agent 3 Message: [0, 0, 0, 0, 0, 0, 0, 0]

 Suspicious Activity Detected: None",Analyse,host:admin_network_subnet_user_host_1,Continuing the analysis to ensure no suspicious activity is present.
"# OBSERVATION

Mission Phase: 0
Last Action : Analyse host:public_access_zone_subnet_user_host_0
Last Action Status: IN_PROGRESS
Communication Vectors: 
Commvector Blue Agent 0 Message: [0, 0, 0, 0, 0, 0, 0, 0]
Commvector Blue Agent 1 Message: [0, 0, 0, 0, 0, 0, 0, 0]
Commvector Blue Agent 2 Message: [0, 0, 0, 0, 0, 0, 0, 0]
Commvector Blue Agent 3 Message: [0, 0, 0, 0, 0, 0, 0, 0]

Suspicious Activity Detected:
- Hostname: admin_network_subnet_user_host_1 | IP: 10.0.34.217 | INFO: Connection to 10.0.79.155 | INFO: Connection to 10.0.79.155 | INFO: Connection to 10.0.79.155 | INFO: Connection to 10.0.79.155
- Hostname: admin_network_subnet_user_host_3 | IP: 10.0.34.40",Analyse,host:admin_network_subnet_user_host_1,Further analysis is needed on host with detected connections to monitor for potential malicious activity.
"# OBSERVATION

Mission Phase: 0
Last Action : Analyse host:public_access_zone_subnet_user_host_0
Last Action Status: IN_PROGRESS
Communication Vectors: 
Commvector Blue Agent 0 Message: [0, 0, 0, 0, 0, 0, 0, 0]
Commvector Blue Agent 1 Message: [0, 0, 0, 0, 0, 0, 0, 0]
Commvector Blue Agent 2 Message: [0, 0, 0, 0, 0, 0, 0, 1]
Commvector Blue Agent 3 Message: [0, 0, 0, 0, 0, 0, 0, 0]

 Suspicious Activity Detected: None",Analyse,host:public_access_zone_subnet_user_host_0,"The previous action is still in progress, indicating a need for continued monitoring of this host."
"# OBSERVATION

Mission Phase: 0
Last Action : Analyse host:admin_network_subnet_server_host_0
Last Action Status: IN_PROGRESS
Communication Vectors: 
Commvector Blue Agent 0 Message: [0, 0, 0, 0, 0, 0, 0, 1]
Commvector Blue Agent 1 Message: [0, 0, 0, 0, 0, 0, 0, 1]
Commvector Blue Agent 2 Message: [0, 0, 0, 0, 0, 0, 0, 0]
Commvector Blue Agent 3 Message: [0, 0, 0, 0, 0, 0, 0, 0]

Suspicious Activity Detected:
- Hostname: public_access_zone_subnet_user_host_0 | IP: 10.0.175.59",Analyse,host:public_access_zone_subnet_user_host_0,Suspicious activity detected on the host indicating potential compromise.
"# OBSERVATION

Mission Phase: 0
Last Action : Analyse host:admin_network_subnet_server_host_0
Last Action Status: IN_PROGRESS
Communication Vectors: 
Commvector Blue Agent 0 Message: [0, 0, 0, 0, 0, 0, 0, 0]
Commvector Blue Agent 1 Message: [0, 0, 0, 0, 0, 0, 0, 0]
Commvector Blue Agent 2 Message: [0, 0, 0, 0, 0, 0, 0, 0]
Commvector Blue Agent 3 Message: [0, 0, 0, 0, 0, 0, 0, 0]

 Suspicious Activity Detected: None",Analyse,host:admin_network_subnet_server_host_0,"The last action is still in progress, continuing the analysis on this host."
"# OBSERVATION

Mission Phase: 0
Last Action : Analyse host:admin_network_subnet_server_host_0
Last Action Status: IN_PROGRESS
Communication Vectors: 
Commvector Blue Agent 0 Message: [0, 0, 0, 0, 0, 0, 0, 1]
Commvector Blue Agent 1 Message: [0, 1, 0, 0, 0, 1, 0, 1]
Commvector Blue Agent 2 Message: [0, 0, 0, 0, 0, 0, 0, 0]
Commvector Blue Agent 3 Message: [0, 0, 0, 0, 0, 0, 0, 0]

 Suspicious Activity Detected: None",Analyse,host:admin_network_subnet_server_host_0,"Last analysis action is still in progress, further monitoring is required."
"# OBSERVATION

Mission Phase: 0
Last Action : Analyse host:admin_network_subnet_server_host_0
Last Action Status: IN_PROGRESS
Communication Vectors: 
Commvector Blue Agent 0 Message: [0, 0, 0, 0, 0, 0, 0, 0]
Commvector Blue Agent 1 Message: [0, 0, 0, 0, 0, 0, 0, 0]
Commvector Blue Agent 2 Message: [0, 0, 0, 0, 0, 0, 0, 0]
Commvector Blue Agent 3 Message: [0, 0, 0, 0, 0, 0, 0, 0]

 Suspicious Activity Detected: None",Analyse,host:admin_network_subnet_server_host_0,Continuing analysis to identify any potential threats.
"# OBSERVATION

Mission Phase: 0
Last Action : Analyse host:admin_network_subnet_server_host_0
Last Action Status: IN_PROGRESS
Communication Vectors: 
Commvector Blue Agent 0 Message: [0, 0, 0, 0, 0, 0, 0, 0]
Commvector Blue Agent 1 Message: [0, 0, 0, 0, 0, 0, 0, 0]
Commvector Blue Agent 2 Message: [0, 0, 0, 0, 0, 0, 0, 0]
Commvector Blue Agent 3 Message: [0, 0, 0, 0, 0, 0, 0, 0]

 Suspicious Activity Detected: None",Analyse,host:admin_network_subnet_server_host_0,Continuing to analyze the host as the previous action is still in progress.
"# OBSERVATION

Mission Phase: 0
Last Action : Analyse host:admin_network_subnet_server_host_0
Last Action Status: IN_PROGRESS
Communication Vectors: 
Commvector Blue Agent 0 Message: [0, 0, 0, 0, 0, 0, 0, 0]
Commvector Blue Agent 1 Message: [0, 0, 0, 0, 0, 0, 0, 0]
Commvector Blue Agent 2 Message: [0, 0, 0, 0, 0, 0, 0, 0]
Commvector Blue Agent 3 Message: [0, 0, 0, 0, 0, 0, 0, 0]

 Suspicious Activity Detected: None",Analyse,host:admin_network_subnet_server_host_0,"The last analysis is still in progress, and no suspicious activity has been detected."
"# OBSERVATION

Mission Phase: 0
Last Action : Analyse host:admin_network_subnet_server_host_0
Last Action Status: IN_PROGRESS
Communication Vectors: 
Commvector Blue Agent 0 Message: [0, 0, 0, 0, 0, 0, 0, 0]
Commvector Blue Agent 1 Message: [0, 0, 0, 0, 0, 0, 0, 0]
Commvector Blue Agent 2 Message: [0, 0, 0, 0, 0, 0, 0, 0]
Commvector Blue Agent 3 Message: [0, 0, 0, 0, 0, 0, 0, 0]

 Suspicious Activity Detected: None",Analyse,host:admin_network_subnet_server_host_0,"The previous analysis is still in progress, and no additional action is necessary at this time."
"# OBSERVATION

Mission Phase: 0
Last Action : Analyse host:admin_network_subnet_server_host_0
Last Action Status: IN_PROGRESS
Communication Vectors: 
Commvector Blue Agent 0 Message: [0, 0, 0, 0, 0, 0, 0, 1]
Commvector Blue Agent 1 Message: [0, 0, 0, 0, 0, 0, 0, 0]
Commvector Blue Agent 2 Message: [0, 0, 0, 0, 0, 0, 0, 0]
Commvector Blue Agent 3 Message: [0, 0, 0, 0, 0, 0, 0, 0]

 Suspicious Activity Detected: None",Analyse,host:admin_network_subnet_server_host_0,Continuing the current analysis action to gather further information on the host.
"# OBSERVATION

Mission Phase: 0
Last Action : Analyse host:admin_network_subnet_server_host_0
Last Action Status: IN_PROGRESS
Communication Vectors: 
Commvector Blue Agent 0 Message: [0, 0, 0, 0, 0, 0, 0, 0]
Commvector Blue Agent 1 Message: [0, 0, 0, 0, 0, 0, 0, 0]
Commvector Blue Agent 2 Message: [0, 0, 0, 0, 0, 0, 0, 0]
Commvector Blue Agent 3 Message: [0, 0, 0, 0, 0, 0, 0, 0]

 Suspicious Activity Detected: None",Analyse,host:admin_network_subnet_server_host_0,"The last analysis is still in progress, requiring completion to assess for any potential threats."
"# OBSERVATION

Mission Phase: 0
Last Action : Analyse host:admin_network_subnet_user_host_0
Last Action Status: IN_PROGRESS
Communication Vectors: 
Commvector Blue Agent 0 Message: [0, 0, 0, 0, 0, 0, 0, 0]
Commvector Blue Agent 1 Message: [0, 0, 0, 0, 0, 0, 0, 0]
Commvector Blue Agent 2 Message: [0, 0, 0, 0, 0, 0, 0, 0]
Commvector Blue Agent 3 Message: [0, 0, 0, 0, 0, 0, 0, 0]

Suspicious Activity Detected:
- Hostname: admin_network_subnet_server_host_0 | IP: 10.0.34.110 | INFO: Connection to 10.0.34.254 | INFO: Connection to 10.0.34.254",Analyse,host:admin_network_subnet_server_host_0,Further analysis is required to assess suspicious connections detected on the host.
"# OBSERVATION

Mission Phase: 0
Last Action : Analyse host:admin_network_subnet_user_host_0
Last Action Status: IN_PROGRESS
Communication Vectors: 
Commvector Blue Agent 0 Message: [0, 0, 0, 0, 0, 0, 0, 0]
Commvector Blue Agent 1 Message: [0, 0, 0, 0, 0, 0, 0, 0]
Commvector Blue Agent 2 Message: [0, 0, 0, 0, 0, 0, 0, 1]
Commvector Blue Agent 3 Message: [0, 0, 0, 0, 0, 0, 0, 0]

 Suspicious Activity Detected: None",Analyse,host:admin_network_subnet_user_host_0,"The previous analysis action is still in progress, indicating ongoing investigation."
"# OBSERVATION

Mission Phase: 0
Last Action : Analyse host:admin_network_subnet_user_host_0
Last Action Status: IN_PROGRESS
Communication Vectors: 
Commvector Blue Agent 0 Message: [0, 0, 0, 0, 0, 0, 0, 0]
Commvector Blue Agent 1 Message: [0, 0, 0, 0, 0, 0, 0, 0]
Commvector Blue Agent 2 Message: [0, 0, 0, 0, 0, 0, 0, 1]
Commvector Blue Agent 3 Message: [0, 0, 0, 0, 0, 0, 0, 0]

 Suspicious Activity Detected: None",Analyse,host:admin_network_subnet_user_host_0,"The previous analysis action is still in progress, further data collection is necessary."
"# OBSERVATION

Mission Phase: 0
Last Action : Analyse host:admin_network_subnet_user_host_3
Last Action Status: IN_PROGRESS
Communication Vectors: 
Commvector Blue Agent 0 Message: [0, 0, 0, 0, 0, 0, 0, 1]
Commvector Blue Agent 1 Message: [0, 0, 0, 0, 0, 0, 0, 0]
Commvector Blue Agent 2 Message: [0, 0, 1, 0, 0, 1, 0, 0]
Commvector Blue Agent 3 Message: [0, 0, 0, 0, 0, 0, 0, 0]

Suspicious Activity Detected:
- Hostname: admin_network_subnet_user_host_0 | IP: 10.0.34.85 | INFO: Connection to 10.0.79.242 | INFO: Connection to 10.0.79.242 | INFO: Connection to 10.0.79.242 | INFO: Connection to 10.0.79.242",Analyse,host:admin_network_subnet_user_host_0,"Further investigation is needed due to multiple connections detected, which could indicate suspicious activity."
"# OBSERVATION

Mission Phase: 0
Last Action : Analyse host:admin_network_subnet_user_host_3
Last Action Status: IN_PROGRESS
Communication Vectors: 
Commvector Blue Agent 0 Message: [0, 0, 0, 0, 0, 0, 0, 0]
Commvector Blue Agent 1 Message: [0, 0, 0, 0, 0, 0, 0, 0]
Commvector Blue Agent 2 Message: [0, 0, 0, 0, 0, 0, 0, 0]
Commvector Blue Agent 3 Message: [0, 0, 0, 0, 0, 0, 0, 1]

 Suspicious Activity Detected: None",Analyse,host:admin_network_subnet_user_host_3,Continuing the analysis on the host to gather more information on potential threats.
"# OBSERVATION

Mission Phase: 0
Last Action : Analyse host:admin_network_subnet_user_host_3
Last Action Status: IN_PROGRESS
Communication Vectors: 
Commvector Blue Agent 0 Message: [0, 0, 0, 0, 0, 0, 0, 1]
Commvector Blue Agent 1 Message: [0, 0, 0, 0, 0, 0, 0, 0]
Commvector Blue Agent 2 Message: [0, 0, 0, 0, 0, 0, 0, 0]
Commvector Blue Agent 3 Message: [0, 0, 0, 0, 0, 0, 0, 0]

 Suspicious Activity Detected: None",Analyse,host:admin_network_subnet_user_host_3,Continuing with the analysis action already in progress to detect any suspicious activity.
"# OBSERVATION

Mission Phase: 0
Last Action : Analyse host:admin_network_subnet_user_host_3
Last Action Status: IN_PROGRESS
Communication Vectors: 
Commvector Blue Agent 0 Message: [0, 0, 0, 0, 0, 0, 0, 0]
Commvector Blue Agent 1 Message: [0, 0, 0, 0, 0, 0, 0, 0]
Commvector Blue Agent 2 Message: [0, 0, 0, 0, 0, 0, 0, 0]
Commvector Blue Agent 3 Message: [0, 0, 0, 0, 0, 0, 0, 0]

 Suspicious Activity Detected: None",Analyse,host:admin_network_subnet_user_host_3,"The analysis is currently in progress, further monitoring is needed."
"# OBSERVATION

Mission Phase: 0
Last Action : Analyse host:admin_network_subnet_user_host_3
Last Action Status: IN_PROGRESS
Communication Vectors: 
Commvector Blue Agent 0 Message: [0, 0, 0, 0, 0, 0, 0, 1]
Commvector Blue Agent 1 Message: [0, 0, 0, 0, 0, 0, 0, 0]
Commvector Blue Agent 2 Message: [0, 0, 0, 0, 0, 0, 0, 1]
Commvector Blue Agent 3 Message: [0, 0, 0, 0, 0, 0, 0, 0]

 Suspicious Activity Detected: None",Analyse,host:admin_network_subnet_user_host_3,"The last analysis action is still in progress, indicating ongoing suspicious activity evaluation."
"# OBSERVATION

Mission Phase: 0
Last Action : Analyse host:admin_network_subnet_user_host_3
Last Action Status: IN_PROGRESS
Communication Vectors: 
Commvector Blue Agent 0 Message: [0, 0, 0, 0, 0, 0, 0, 0]
Commvector Blue Agent 1 Message: [0, 0, 0, 0, 0, 0, 0, 0]
Commvector Blue Agent 2 Message: [0, 0, 0, 0, 0, 0, 0, 0]
Commvector Blue Agent 3 Message: [0, 0, 0, 0, 0, 0, 0, 0]

 Suspicious Activity Detected: None",Analyse,host:admin_network_subnet_user_host_3,"The last action is still in progress, and further analysis is needed to confirm the status of the host."
"# OBSERVATION

Mission Phase: 0
Last Action : Analyse host:admin_network_subnet_user_host_3
Last Action Status: IN_PROGRESS
Communication Vectors: 
Commvector Blue Agent 0 Message: [0, 0, 0, 0, 0, 0, 0, 0]
Commvector Blue Agent 1 Message: [0, 0, 0, 0, 0, 0, 0, 0]
Commvector Blue Agent 2 Message: [0, 0, 0, 0, 0, 0, 0, 1]
Commvector Blue Agent 3 Message: [0, 0, 0, 0, 0, 0, 0, 1]

 Suspicious Activity Detected: None",Analyse,host:admin_network_subnet_user_host_3,The analysis is still in progress and no suspicious activity has been detected.
"# OBSERVATION

Mission Phase: 0
Last Action : Analyse host:admin_network_subnet_user_host_3
Last Action Status: IN_PROGRESS
Communication Vectors: 
Commvector Blue Agent 0 Message: [0, 0, 0, 0, 0, 0, 0, 0]
Commvector Blue Agent 1 Message: [0, 0, 0, 0, 0, 0, 0, 0]
Commvector Blue Agent 2 Message: [0, 0, 0, 0, 0, 0, 0, 0]
Commvector Blue Agent 3 Message: [0, 0, 0, 0, 0, 0, 0, 0]

 Suspicious Activity Detected: None",Analyse,host:admin_network_subnet_user_host_3,"The last analysis action is still in progress, and no suspicious activity has been detected."
"# OBSERVATION

Mission Phase: 0
Last Action : Analyse host:admin_network_subnet_user_host_3
Last Action Status: IN_PROGRESS
Communication Vectors: 
Commvector Blue Agent 0 Message: [0, 0, 0, 0, 0, 0, 0, 0]
Commvector Blue Agent 1 Message: [0, 0, 0, 0, 0, 0, 0, 0]
Commvector Blue Agent 2 Message: [0, 0, 1, 0, 0, 1, 0, 1]
Commvector Blue Agent 3 Message: [0, 0, 0, 0, 0, 0, 0, 0]

 Suspicious Activity Detected: None",Analyse,host:admin_network_subnet_user_host_3,Continue analyzing the host as the last action is still in progress and no suspicious activity is detected.
"# OBSERVATION

Mission Phase: 0
Last Action : Analyse host:admin_network_subnet_user_host_3
Last Action Status: IN_PROGRESS
Communication Vectors: 
Commvector Blue Agent 0 Message: [0, 0, 0, 0, 0, 0, 0, 1]
Commvector Blue Agent 1 Message: [0, 0, 0, 0, 0, 0, 0, 0]
Commvector Blue Agent 2 Message: [0, 0, 0, 0, 0, 0, 0, 0]
Commvector Blue Agent 3 Message: [0, 0, 0, 0, 0, 0, 0, 0]

 Suspicious Activity Detected: None",Analyse,host:admin_network_subnet_user_host_3,Continuing the analysis on the host to confirm if there are any suspicious activities since the last action is still in progress.
"# OBSERVATION

Mission Phase: 0
Last Action : Analyse host:admin_network_subnet_user_host_3
Last Action Status: IN_PROGRESS
Communication Vectors: 
Commvector Blue Agent 0 Message: [0, 0, 0, 0, 0, 0, 0, 1]
Commvector Blue Agent 1 Message: [0, 0, 0, 0, 0, 0, 0, 0]
Commvector Blue Agent 2 Message: [0, 0, 0, 0, 0, 0, 0, 0]
Commvector Blue Agent 3 Message: [0, 0, 0, 0, 0, 0, 0, 0]

 Suspicious Activity Detected: None",Analyse,host:admin_network_subnet_user_host_3,The previous analysis action is still in progress and no further actions are needed at this time.
"# OBSERVATION

Mission Phase: 0
Last Action : Analyse host:admin_network_subnet_user_host_3
Last Action Status: IN_PROGRESS
Communication Vectors: 
Commvector Blue Agent 0 Message: [0, 0, 0, 0, 0, 0, 0, 0]
Commvector Blue Agent 1 Message: [0, 0, 0, 0, 0, 0, 0, 0]
Commvector Blue Agent 2 Message: [0, 0, 0, 0, 0, 0, 0, 0]
Commvector Blue Agent 3 Message: [0, 0, 0, 0, 0, 0, 0, 0]

 Suspicious Activity Detected: None",Analyse,host:admin_network_subnet_user_host_3,The previous analysis is still in progress and no further suspicious activity has been detected.
"# OBSERVATION

Mission Phase: 0
Last Action : Analyse host:admin_network_subnet_user_host_3
Last Action Status: IN_PROGRESS
Communication Vectors: 
Commvector Blue Agent 0 Message: [0, 0, 0, 0, 0, 0, 0, 0]
Commvector Blue Agent 1 Message: [0, 0, 0, 0, 0, 0, 0, 0]
Commvector Blue Agent 2 Message: [0, 0, 0, 0, 0, 0, 0, 0]
Commvector Blue Agent 3 Message: [0, 0, 0, 0, 0, 0, 0, 0]

 Suspicious Activity Detected: None",Analyse,host:admin_network_subnet_user_host_3,Continuing the analysis on the host to confirm the absence of threats since the last action is still in progress.
"# OBSERVATION

Mission Phase: 0
Last Action : Analyse host:admin_network_subnet_user_host_3
Last Action Status: IN_PROGRESS
Communication Vectors: 
Commvector Blue Agent 0 Message: [0, 0, 0, 0, 0, 0, 0, 0]
Commvector Blue Agent 1 Message: [0, 0, 0, 0, 0, 0, 0, 0]
Commvector Blue Agent 2 Message: [0, 0, 0, 0, 0, 0, 0, 1]
Commvector Blue Agent 3 Message: [0, 0, 0, 0, 0, 0, 0, 0]

 Suspicious Activity Detected: None",Analyse,host:admin_network_subnet_user_host_3,"Continuing analysis to confirm the status of the host, as the last action is still in progress."
"# OBSERVATION

Mission Phase: 0
Last Action : Analyse host:admin_network_subnet_user_host_3
Last Action Status: IN_PROGRESS
Communication Vectors: 
Commvector Blue Agent 0 Message: [0, 0, 0, 0, 0, 0, 0, 1]
Commvector Blue Agent 1 Message: [0, 0, 0, 0, 0, 0, 0, 0]
Commvector Blue Agent 2 Message: [0, 0, 0, 0, 0, 0, 0, 0]
Commvector Blue Agent 3 Message: [0, 0, 0, 0, 0, 0, 0, 0]

 Suspicious Activity Detected: None",Analyse,host:admin_network_subnet_user_host_3,Continuing the analysis on the host as the last action is still in progress.
"# OBSERVATION

Mission Phase: 0
Last Action : Analyse host:admin_network_subnet_user_host_3
Last Action Status: IN_PROGRESS
Communication Vectors: 
Commvector Blue Agent 0 Message: [0, 0, 0, 0, 0, 0, 0, 0]
Commvector Blue Agent 1 Message: [0, 0, 0, 0, 0, 0, 0, 0]
Commvector Blue Agent 2 Message: [0, 0, 0, 0, 0, 0, 0, 1]
Commvector Blue Agent 3 Message: [0, 0, 0, 0, 0, 0, 0, 0]

 Suspicious Activity Detected: None",Analyse,host:admin_network_subnet_user_host_3,"The last action is still in progress, indicating ongoing assessment for suspicious activity."
"# OBSERVATION

Mission Phase: 0
Last Action : Analyse host:admin_network_subnet_user_host_3
Last Action Status: IN_PROGRESS
Communication Vectors: 
Commvector Blue Agent 0 Message: [0, 0, 0, 0, 0, 0, 0, 0]
Commvector Blue Agent 1 Message: [0, 0, 0, 0, 0, 0, 0, 0]
Commvector Blue Agent 2 Message: [0, 0, 0, 0, 0, 0, 0, 0]
Commvector Blue Agent 3 Message: [0, 0, 0, 0, 0, 0, 0, 0]

 Suspicious Activity Detected: None",Analyse,host:admin_network_subnet_user_host_3,"The previous action to analyze the host is still in progress, and no suspicious activity is detected."
"# OBSERVATION

Mission Phase: 0
Last Action : Analyse host:admin_network_subnet_user_host_3
Last Action Status: IN_PROGRESS
Communication Vectors: 
Commvector Blue Agent 0 Message: [0, 0, 0, 0, 0, 0, 0, 1]
Commvector Blue Agent 1 Message: [0, 0, 0, 0, 0, 0, 0, 1]
Commvector Blue Agent 2 Message: [0, 0, 0, 0, 0, 0, 0, 0]
Commvector Blue Agent 3 Message: [0, 0, 0, 0, 0, 0, 0, 0]

 Suspicious Activity Detected: None",Analyse,host:admin_network_subnet_user_host_3,"The analysis of the host is still in progress, and no other suspicious activity has been detected."
"# OBSERVATION

Mission Phase: 0
Last Action : Analyse host:admin_network_subnet_user_host_3
Last Action Status: IN_PROGRESS
Communication Vectors: 
Commvector Blue Agent 0 Message: [0, 0, 0, 0, 0, 0, 0, 1]
Commvector Blue Agent 1 Message: [0, 0, 0, 0, 0, 0, 0, 0]
Commvector Blue Agent 2 Message: [0, 0, 0, 0, 0, 0, 0, 0]
Commvector Blue Agent 3 Message: [0, 0, 0, 0, 0, 0, 0, 1]

 Suspicious Activity Detected: None",Analyse,host:admin_network_subnet_user_host_3,"The last action to analyze the host is still in progress, and there are no new suspicious activities detected."
"# OBSERVATION

Mission Phase: 0
Last Action : Analyse host:admin_network_subnet_user_host_3
Last Action Status: IN_PROGRESS
Communication Vectors: 
Commvector Blue Agent 0 Message: [0, 0, 0, 0, 0, 0, 0, 0]
Commvector Blue Agent 1 Message: [0, 0, 0, 0, 0, 0, 0, 0]
Commvector Blue Agent 2 Message: [0, 0, 0, 0, 0, 0, 0, 0]
Commvector Blue Agent 3 Message: [0, 0, 0, 0, 0, 0, 0, 0]

 Suspicious Activity Detected: None",Analyse,host:admin_network_subnet_user_host_3,"The last action is still in progress, indicating further analysis on the host is required."
"# OBSERVATION

Mission Phase: 0
Last Action : Analyse host:admin_network_subnet_user_host_3
Last Action Status: IN_PROGRESS
Communication Vectors: 
Commvector Blue Agent 0 Message: [0, 0, 0, 0, 0, 0, 0, 0]
Commvector Blue Agent 1 Message: [0, 0, 0, 0, 0, 0, 0, 0]
Commvector Blue Agent 2 Message: [0, 0, 0, 0, 0, 0, 0, 0]
Commvector Blue Agent 3 Message: [0, 0, 0, 0, 0, 0, 0, 0]

 Suspicious Activity Detected: None",Analyse,host:admin_network_subnet_user_host_3,Continuing the analysis since it is currently in progress to check for any suspicious activity.
"# OBSERVATION

Mission Phase: 0
Last Action : Analyse host:admin_network_subnet_user_host_3
Last Action Status: IN_PROGRESS
Communication Vectors: 
Commvector Blue Agent 0 Message: [1, 0, 0, 0, 0, 1, 0, 0]
Commvector Blue Agent 1 Message: [0, 0, 0, 0, 0, 0, 0, 0]
Commvector Blue Agent 2 Message: [0, 0, 0, 0, 0, 0, 0, 0]
Commvector Blue Agent 3 Message: [0, 0, 0, 0, 0, 0, 0, 0]

 Suspicious Activity Detected: None",Analyse,host:admin_network_subnet_user_host_3,"The analysis is still in progress, indicating further investigation is required to ensure no threats are present."
"# OBSERVATION

Mission Phase: 0
Last Action : Analyse host:admin_network_subnet_user_host_3
Last Action Status: IN_PROGRESS
Communication Vectors: 
Commvector Blue Agent 0 Message: [0, 0, 0, 0, 0, 0, 0, 0]
Commvector Blue Agent 1 Message: [0, 0, 0, 0, 0, 0, 0, 0]
Commvector Blue Agent 2 Message: [0, 0, 0, 0, 0, 0, 0, 0]
Commvector Blue Agent 3 Message: [0, 0, 0, 0, 0, 0, 0, 1]

 Suspicious Activity Detected: None",Analyse,host:admin_network_subnet_user_host_3,Continuing the analysis to determine if any suspicious activity is present since the previous action was still in progress.
"# OBSERVATION

Mission Phase: 0
Last Action : Analyse host:admin_network_subnet_user_host_3
Last Action Status: IN_PROGRESS
Communication Vectors: 
Commvector Blue Agent 0 Message: [0, 0, 0, 0, 0, 0, 0, 1]
Commvector Blue Agent 1 Message: [0, 0, 0, 0, 0, 0, 0, 0]
Commvector Blue Agent 2 Message: [0, 0, 0, 0, 0, 0, 0, 1]
Commvector Blue Agent 3 Message: [0, 0, 0, 0, 0, 0, 0, 0]

 Suspicious Activity Detected: None",Analyse,host:admin_network_subnet_user_host_3,Continuing analysis as the last action is still in progress and no new suspicious activity has been detected.
"# OBSERVATION

Mission Phase: 0
Last Action : Analyse host:admin_network_subnet_user_host_3
Last Action Status: IN_PROGRESS
Communication Vectors: 
Commvector Blue Agent 0 Message: [0, 0, 0, 0, 0, 0, 0, 0]
Commvector Blue Agent 1 Message: [0, 0, 0, 0, 0, 0, 0, 0]
Commvector Blue Agent 2 Message: [0, 0, 0, 0, 0, 0, 0, 0]
Commvector Blue Agent 3 Message: [0, 0, 0, 0, 0, 0, 0, 1]

 Suspicious Activity Detected: None",Analyse,host:admin_network_subnet_user_host_3,Continuing the analysis as the last action is still in progress.
"# OBSERVATION

Mission Phase: 0
Last Action : Analyse host:admin_network_subnet_user_host_3
Last Action Status: IN_PROGRESS
Communication Vectors: 
Commvector Blue Agent 0 Message: [0, 0, 0, 0, 0, 0, 0, 1]
Commvector Blue Agent 1 Message: [0, 0, 0, 0, 0, 0, 0, 0]
Commvector Blue Agent 2 Message: [0, 0, 0, 0, 0, 0, 0, 1]
Commvector Blue Agent 3 Message: [0, 0, 0, 0, 0, 0, 0, 0]

 Suspicious Activity Detected: None",Analyse,host:admin_network_subnet_user_host_3,"Continue analyzing the host as the last action is still in progress, and no suspicious activity has been detected."
"# OBSERVATION

Mission Phase: 0
Last Action : Analyse host:admin_network_subnet_user_host_3
Last Action Status: IN_PROGRESS
Communication Vectors: 
Commvector Blue Agent 0 Message: [0, 0, 0, 0, 0, 0, 0, 0]
Commvector Blue Agent 1 Message: [0, 0, 0, 0, 0, 0, 0, 0]
Commvector Blue Agent 2 Message: [0, 0, 0, 0, 0, 0, 0, 0]
Commvector Blue Agent 3 Message: [0, 0, 0, 0, 0, 0, 0, 0]

 Suspicious Activity Detected: None",Analyse,host:admin_network_subnet_user_host_3,Continuing to monitor the host as the last analysis action is still in progress.
"# OBSERVATION

Mission Phase: 0
Last Action : Analyse host:admin_network_subnet_user_host_3
Last Action Status: IN_PROGRESS
Communication Vectors: 
Commvector Blue Agent 0 Message: [0, 0, 0, 0, 0, 0, 0, 1]
Commvector Blue Agent 1 Message: [0, 0, 0, 0, 0, 0, 0, 0]
Commvector Blue Agent 2 Message: [0, 0, 0, 0, 0, 0, 0, 1]
Commvector Blue Agent 3 Message: [0, 0, 0, 0, 0, 0, 0, 0]

 Suspicious Activity Detected: None",Analyse,host:admin_network_subnet_user_host_3,Continuing analysis on the user host as the last action is still in progress.
"# OBSERVATION

Mission Phase: 0
Last Action : Analyse host:admin_network_subnet_user_host_3
Last Action Status: IN_PROGRESS
Communication Vectors: 
Commvector Blue Agent 0 Message: [0, 0, 0, 0, 0, 0, 0, 0]
Commvector Blue Agent 1 Message: [0, 0, 0, 0, 0, 0, 0, 0]
Commvector Blue Agent 2 Message: [0, 0, 0, 0, 0, 0, 0, 0]
Commvector Blue Agent 3 Message: [0, 0, 0, 0, 0, 0, 0, 1]

 Suspicious Activity Detected: None",Analyse,host:admin_network_subnet_user_host_3,"The last analysis action is still in progress, indicating further investigation is needed."
"# OBSERVATION

Mission Phase: 0
Last Action : Analyse host:admin_network_subnet_user_host_3
Last Action Status: IN_PROGRESS
Communication Vectors: 
Commvector Blue Agent 0 Message: [0, 0, 0, 0, 0, 0, 0, 1]
Commvector Blue Agent 1 Message: [0, 0, 0, 0, 0, 0, 0, 0]
Commvector Blue Agent 2 Message: [0, 0, 0, 0, 0, 0, 0, 1]
Commvector Blue Agent 3 Message: [0, 0, 0, 0, 0, 0, 0, 0]

 Suspicious Activity Detected: None",Analyse,host:admin_network_subnet_user_host_3,Continuing the investigation as the last action is still in progress.
"# OBSERVATION

Mission Phase: 0
Last Action : Analyse host:admin_network_subnet_user_host_3
Last Action Status: IN_PROGRESS
Communication Vectors: 
Commvector Blue Agent 0 Message: [0, 0, 0, 0, 0, 0, 0, 0]
Commvector Blue Agent 1 Message: [0, 0, 0, 0, 0, 0, 0, 0]
Commvector Blue Agent 2 Message: [0, 0, 0, 0, 0, 0, 0, 0]
Commvector Blue Agent 3 Message: [0, 0, 0, 0, 0, 0, 0, 0]

 Suspicious Activity Detected: None",Analyse,host:admin_network_subnet_user_host_3,Continuing the analysis as the previous action is still in progress.
"# OBSERVATION

Mission Phase: 0
Last Action : Remove host:admin_network_subnet_user_host_4
Last Action Status: TRUE
Communication Vectors: 
Commvector Blue Agent 0 Message: [0, 0, 0, 0, 0, 0, 0, 0]
Commvector Blue Agent 1 Message: [0, 0, 0, 0, 0, 0, 0, 0]
Commvector Blue Agent 2 Message: [0, 0, 0, 0, 0, 0, 0, 0]
Commvector Blue Agent 3 Message: [0, 0, 0, 0, 0, 0, 0, 0]

Suspicious Activity Detected:
- Hostname: admin_network_subnet_user_host_3 | IP: 10.0.34.40 | INFO: Connection to 10.0.79.44 | INFO: Connection to 10.0.79.44 | INFO: Connection to 10.0.79.44 | INFO: Connection to 10.0.79.44 | INFO: Connection to 10.0.79.44 | INFO: Connection to 10.0.79.44",Analyse,host:admin_network_subnet_user_host_3,"Suspicious connections detected, indicating potential red activity that needs investigation."
"# OBSERVATION

Mission Phase: 0
Last Action : Remove host:admin_network_subnet_user_host_4
Last Action Status: IN_PROGRESS
Communication Vectors: 
Commvector Blue Agent 0 Message: [0, 0, 0, 0, 0, 0, 0, 0]
Commvector Blue Agent 1 Message: [0, 0, 0, 0, 0, 0, 0, 0]
Commvector Blue Agent 2 Message: [0, 0, 0, 0, 0, 0, 0, 0]
Commvector Blue Agent 3 Message: [0, 0, 0, 0, 0, 0, 0, 0]

 Suspicious Activity Detected: None",Remove,host:admin_network_subnet_user_host_4,"The last action is still in progress, and it is important to complete the removal of a potentially compromised host."
"# OBSERVATION

Mission Phase: 0
Last Action : Remove host:admin_network_subnet_user_host_4
Last Action Status: TRUE
Communication Vectors: 
Commvector Blue Agent 0 Message: [1, 0, 0, 0, 0, 1, 0, 0]
Commvector Blue Agent 1 Message: [0, 0, 0, 0, 0, 0, 0, 0]
Commvector Blue Agent 2 Message: [0, 0, 0, 0, 0, 0, 0, 0]
Commvector Blue Agent 3 Message: [0, 0, 0, 0, 0, 0, 0, 0]

 Suspicious Activity Detected: None",Remove,host:admin_network_subnet_user_host_4,"Last action was successful, indicating a potential compromise has been handled."
"# OBSERVATION

Mission Phase: 0
Last Action : Remove host:admin_network_subnet_user_host_4
Last Action Status: IN_PROGRESS
Communication Vectors: 
Commvector Blue Agent 0 Message: [0, 0, 0, 0, 0, 0, 0, 0]
Commvector Blue Agent 1 Message: [0, 0, 0, 0, 0, 0, 0, 0]
Commvector Blue Agent 2 Message: [0, 0, 0, 0, 0, 0, 0, 0]
Commvector Blue Agent 3 Message: [0, 0, 0, 0, 0, 0, 0, 0]

 Suspicious Activity Detected: None",Remove,host:admin_network_subnet_user_host_4,"The last action to remove the host is still in progress, indicating ongoing security measures."
"# OBSERVATION

Mission Phase: 0
Last Action : Analyse host:admin_network_subnet_user_host_4
Last Action Status: IN_PROGRESS
Communication Vectors: 
Commvector Blue Agent 0 Message: [1, 0, 0, 0, 0, 1, 0, 0]
Commvector Blue Agent 1 Message: [0, 0, 0, 0, 0, 0, 0, 0]
Commvector Blue Agent 2 Message: [0, 0, 0, 0, 0, 0, 0, 0]
Commvector Blue Agent 3 Message: [0, 0, 0, 0, 0, 0, 0, 0]

 Suspicious Activity Detected: None",Remove,host:admin_network_subnet_user_host_4,Malicious action detected from the user host in the admin network.
"# OBSERVATION

Mission Phase: 0
Last Action : Analyse host:admin_network_subnet_user_host_4
Last Action Status: IN_PROGRESS
Communication Vectors: 
Commvector Blue Agent 0 Message: [0, 0, 0, 0, 0, 0, 0, 1]
Commvector Blue Agent 1 Message: [0, 0, 0, 0, 0, 0, 0, 1]
Commvector Blue Agent 2 Message: [0, 0, 0, 0, 0, 0, 0, 1]
Commvector Blue Agent 3 Message: [0, 0, 0, 0, 0, 0, 0, 0]

 Suspicious Activity Detected: None",Analyse,host:admin_network_subnet_user_host_4,"The ongoing analysis may provide insights into potential threats, ensuring proactive defense."
"# OBSERVATION

Mission Phase: 0
Last Action : Analyse host:admin_network_subnet_user_host_4
Last Action Status: IN_PROGRESS
Communication Vectors: 
Commvector Blue Agent 0 Message: [0, 0, 0, 0, 0, 0, 0, 0]
Commvector Blue Agent 1 Message: [0, 0, 0, 0, 0, 0, 0, 0]
Commvector Blue Agent 2 Message: [0, 0, 0, 0, 0, 0, 0, 0]
Commvector Blue Agent 3 Message: [0, 0, 0, 0, 0, 0, 0, 1]

 Suspicious Activity Detected: None",Analyse,host:admin_network_subnet_user_host_4,Continuing the analysis on the host where previous suspicious activity is being investigated.
"# OBSERVATION

Mission Phase: 0
Last Action : Analyse host:admin_network_subnet_user_host_4
Last Action Status: IN_PROGRESS
Communication Vectors: 
Commvector Blue Agent 0 Message: [0, 0, 0, 0, 0, 0, 0, 0]
Commvector Blue Agent 1 Message: [0, 0, 0, 0, 0, 0, 0, 0]
Commvector Blue Agent 2 Message: [0, 0, 0, 0, 0, 0, 0, 1]
Commvector Blue Agent 3 Message: [0, 0, 0, 0, 0, 0, 0, 0]

 Suspicious Activity Detected: None",Analyse,host:admin_network_subnet_user_host_4,Continuing the analysis as the last action is still in progress and no new suspicious activity has been detected.
"# OBSERVATION

Mission Phase: 0
Last Action : Analyse host:admin_network_subnet_user_host_4
Last Action Status: IN_PROGRESS
Communication Vectors: 
Commvector Blue Agent 0 Message: [0, 0, 0, 0, 0, 0, 0, 1]
Commvector Blue Agent 1 Message: [0, 0, 0, 0, 0, 0, 0, 1]
Commvector Blue Agent 2 Message: [0, 0, 0, 0, 0, 0, 0, 0]
Commvector Blue Agent 3 Message: [0, 0, 0, 0, 0, 0, 0, 0]

 Suspicious Activity Detected: None",Analyse,host:admin_network_subnet_user_host_4,"Last analysis action is still in progress, indicating ongoing investigation is necessary."
"# OBSERVATION

Mission Phase: 0
Last Action : Analyse host:office_network_subnet_user_host_4
Last Action Status: IN_PROGRESS
Communication Vectors: 
Commvector Blue Agent 0 Message: [0, 0, 0, 0, 0, 0, 0, 0]
Commvector Blue Agent 1 Message: [0, 0, 0, 0, 0, 0, 0, 0]
Commvector Blue Agent 2 Message: [0, 0, 0, 0, 0, 0, 0, 1]
Commvector Blue Agent 3 Message: [0, 0, 0, 0, 0, 0, 0, 0]

Suspicious Activity Detected:
- Hostname: admin_network_subnet_user_host_4 | IP: 10.0.34.165 | INFO: Connection to 10.0.79.44 | INFO: Connection to 10.0.79.44",Analyse,host:admin_network_subnet_user_host_4,Further analysis is required on the host experiencing suspicious connections.
"# OBSERVATION

Mission Phase: 0
Last Action : Analyse host:office_network_subnet_user_host_4
Last Action Status: IN_PROGRESS
Communication Vectors: 
Commvector Blue Agent 0 Message: [0, 0, 0, 0, 0, 0, 0, 1]
Commvector Blue Agent 1 Message: [0, 0, 0, 0, 0, 0, 0, 0]
Commvector Blue Agent 2 Message: [0, 0, 0, 0, 0, 0, 0, 0]
Commvector Blue Agent 3 Message: [0, 0, 0, 0, 0, 0, 0, 0]

 Suspicious Activity Detected: None",Analyse,host:office_network_subnet_user_host_4,"The previous analysis action is still in progress, suggesting ongoing monitoring is necessary."
"# OBSERVATION

Mission Phase: 0
Last Action : Analyse host:office_network_subnet_user_host_4
Last Action Status: IN_PROGRESS
Communication Vectors: 
Commvector Blue Agent 0 Message: [1, 0, 0, 0, 0, 1, 0, 0]
Commvector Blue Agent 1 Message: [0, 0, 0, 0, 0, 0, 0, 0]
Commvector Blue Agent 2 Message: [0, 0, 0, 0, 0, 0, 0, 1]
Commvector Blue Agent 3 Message: [0, 0, 0, 0, 0, 0, 0, 0]

 Suspicious Activity Detected: None",Analyse,host:office_network_subnet_user_host_4,Continuing the analysis of the host to determine if red activity is present.
"# OBSERVATION

Mission Phase: 0
Last Action : Analyse host:office_network_subnet_user_host_4
Last Action Status: IN_PROGRESS
Communication Vectors: 
Commvector Blue Agent 0 Message: [0, 0, 0, 0, 0, 0, 0, 1]
Commvector Blue Agent 1 Message: [0, 0, 0, 0, 0, 0, 0, 0]
Commvector Blue Agent 2 Message: [0, 0, 0, 0, 0, 0, 0, 0]
Commvector Blue Agent 3 Message: [0, 0, 0, 0, 0, 0, 0, 0]

 Suspicious Activity Detected: None",Analyse,host:office_network_subnet_user_host_4,Continuing the analysis as it is currently in progress to determine if any red activity is present.
"# OBSERVATION

Mission Phase: 0
Last Action : Analyse host:office_network_subnet_user_host_4
Last Action Status: IN_PROGRESS
Communication Vectors: 
Commvector Blue Agent 0 Message: [0, 0, 0, 0, 0, 0, 0, 0]
Commvector Blue Agent 1 Message: [0, 0, 0, 0, 0, 0, 0, 0]
Commvector Blue Agent 2 Message: [0, 0, 0, 0, 0, 0, 0, 0]
Commvector Blue Agent 3 Message: [0, 0, 0, 0, 0, 0, 0, 0]

 Suspicious Activity Detected: None",Analyse,host:office_network_subnet_user_host_4,Continuing to monitor the host as analysis is still in progress to ensure no suspicious activity is missed.
"# OBSERVATION

Mission Phase: 0
Last Action : Analyse host:office_network_subnet_user_host_4
Last Action Status: IN_PROGRESS
Communication Vectors: 
Commvector Blue Agent 0 Message: [0, 0, 0, 0, 0, 0, 0, 0]
Commvector Blue Agent 1 Message: [0, 0, 0, 0, 0, 0, 0, 0]
Commvector Blue Agent 2 Message: [0, 0, 0, 0, 0, 0, 0, 0]
Commvector Blue Agent 3 Message: [0, 0, 0, 0, 0, 0, 0, 0]

 Suspicious Activity Detected: None",Analyse,host:office_network_subnet_user_host_4,The ongoing analysis is crucial to ensure no malicious activity goes undetected in the office network.
"# OBSERVATION

Mission Phase: 0
Last Action : Analyse host:office_network_subnet_user_host_4
Last Action Status: IN_PROGRESS
Communication Vectors: 
Commvector Blue Agent 0 Message: [0, 0, 0, 0, 0, 0, 0, 0]
Commvector Blue Agent 1 Message: [0, 0, 0, 0, 0, 0, 0, 0]
Commvector Blue Agent 2 Message: [0, 0, 0, 0, 0, 0, 0, 1]
Commvector Blue Agent 3 Message: [0, 0, 0, 0, 0, 0, 0, 0]

 Suspicious Activity Detected: None",Analyse,host:office_network_subnet_user_host_4,The analysis action is still in progress to gather information about potential suspicious activity.
"# OBSERVATION

Mission Phase: 0
Last Action : Analyse host:office_network_subnet_user_host_4
Last Action Status: IN_PROGRESS
Communication Vectors: 
Commvector Blue Agent 0 Message: [0, 0, 0, 0, 0, 0, 0, 0]
Commvector Blue Agent 1 Message: [0, 0, 0, 0, 0, 0, 0, 1]
Commvector Blue Agent 2 Message: [0, 0, 0, 0, 0, 0, 0, 0]
Commvector Blue Agent 3 Message: [0, 0, 0, 0, 0, 0, 0, 0]

 Suspicious Activity Detected: None",Analyse,host:office_network_subnet_user_host_4,"The previous analysis action is still in progress, indicating ongoing investigation."
"# OBSERVATION

Mission Phase: 0
Last Action : Analyse host:office_network_subnet_user_host_4
Last Action Status: IN_PROGRESS
Communication Vectors: 
Commvector Blue Agent 0 Message: [0, 0, 0, 0, 0, 0, 0, 1]
Commvector Blue Agent 1 Message: [0, 1, 0, 0, 0, 1, 0, 1]
Commvector Blue Agent 2 Message: [0, 0, 0, 0, 0, 0, 0, 1]
Commvector Blue Agent 3 Message: [0, 0, 0, 0, 0, 0, 0, 0]

 Suspicious Activity Detected: None",Analyse,host:office_network_subnet_user_host_4,Continuing analysis on the host as the last action is still in progress to ensure thorough investigation before deciding further actions.
"# OBSERVATION

Mission Phase: 0
Last Action : Analyse host:office_network_subnet_user_host_4
Last Action Status: IN_PROGRESS
Communication Vectors: 
Commvector Blue Agent 0 Message: [0, 0, 0, 0, 0, 0, 0, 1]
Commvector Blue Agent 1 Message: [0, 0, 0, 0, 0, 0, 0, 0]
Commvector Blue Agent 2 Message: [0, 0, 0, 0, 0, 0, 0, 0]
Commvector Blue Agent 3 Message: [0, 0, 0, 0, 0, 0, 0, 0]

 Suspicious Activity Detected: None",Analyse,host:office_network_subnet_user_host_4,Continuing analysis of the host as the last action is still in progress.
"# OBSERVATION

Mission Phase: 0
Last Action : Analyse host:office_network_subnet_user_host_4
Last Action Status: IN_PROGRESS
Communication Vectors: 
Commvector Blue Agent 0 Message: [0, 0, 0, 0, 0, 0, 0, 0]
Commvector Blue Agent 1 Message: [0, 1, 0, 0, 0, 1, 0, 0]
Commvector Blue Agent 2 Message: [0, 0, 0, 0, 0, 0, 0, 0]
Commvector Blue Agent 3 Message: [0, 0, 0, 0, 0, 0, 0, 0]

 Suspicious Activity Detected: None",Analyse,host:office_network_subnet_user_host_4,"The last action is still in progress, indicating that further analysis is needed to determine the state of the host."
"# OBSERVATION

Mission Phase: 0
Last Action : Analyse host:office_network_subnet_user_host_3
Last Action Status: IN_PROGRESS
Communication Vectors: 
Commvector Blue Agent 0 Message: [0, 0, 0, 0, 0, 0, 0, 1]
Commvector Blue Agent 1 Message: [0, 0, 0, 0, 0, 0, 0, 0]
Commvector Blue Agent 2 Message: [0, 0, 0, 0, 0, 0, 0, 0]
Commvector Blue Agent 3 Message: [0, 0, 0, 0, 0, 0, 0, 1]

Suspicious Activity Detected:
- Hostname: office_network_subnet_router | IP: 10.0.79.125 | INFO: Connection to 10.0.79.44 | INFO: Connection to 10.0.79.44
- Hostname: office_network_subnet_user_host_0 | IP: 10.0.79.125 | INFO: Connection to 10.0.79.44 | INFO: Connection to 10.0.79.44
- Hostname: office_network_subnet_user_host_4 | IP: 10.0.79.125 | INFO: Connection to 10.0.79.44 | INFO: Connection to 10.0.79.44 | INFO: Connection to 10.0.79.44 | INFO: Connection to 10.0.79.44 | INFO: Connection to 10.0.79.44 | INFO: Connection to 10.0.79.44 | INFO: Connection to 10.0.79.44 | INFO: Connection to 10.0.79.44 | INFO: Connection to 10.0.79.44 | INFO: Connection to 10.0.79.44 | INFO: Connection to 10.0.79.44 | INFO: Connection to 10.0.79.44 | INFO: Connection to 10.0.79.44 | INFO: Connection to 10.0.79.44 | INFO: Connection to 10.0.79.44 | INFO: Connection to 10.0.79.44 | INFO: Connection to 10.0.79.44 | INFO: Connection to 10.0.79.44 | INFO: Connection to 10.0.79.44 | INFO: Connection to 10.0.79.44 | INFO: Connection to 10.0.79.44 | INFO: Connection to 10.0.79.44 | WARNING: Suspicious process detected",Analyse,host:office_network_subnet_user_host_4,Further investigation is needed due to multiple suspicious connections and a suspicious process detected on the host.
"# OBSERVATION

Mission Phase: 0
Last Action : Analyse host:office_network_subnet_user_host_3
Last Action Status: IN_PROGRESS
Communication Vectors: 
Commvector Blue Agent 0 Message: [0, 0, 0, 0, 0, 0, 0, 0]
Commvector Blue Agent 1 Message: [0, 0, 0, 0, 0, 0, 0, 1]
Commvector Blue Agent 2 Message: [0, 0, 0, 0, 0, 0, 0, 0]
Commvector Blue Agent 3 Message: [0, 0, 0, 0, 0, 0, 0, 0]

 Suspicious Activity Detected: None",Analyse,host:office_network_subnet_user_host_3,"The last action is still in progress, indicating ongoing analysis for potential suspicious activity."
"# OBSERVATION

Mission Phase: 0
Last Action : Analyse host:office_network_subnet_user_host_3
Last Action Status: IN_PROGRESS
Communication Vectors: 
Commvector Blue Agent 0 Message: [0, 0, 0, 0, 0, 0, 0, 0]
Commvector Blue Agent 1 Message: [0, 0, 0, 0, 0, 0, 0, 0]
Commvector Blue Agent 2 Message: [0, 0, 0, 0, 0, 0, 0, 0]
Commvector Blue Agent 3 Message: [0, 0, 0, 0, 0, 0, 0, 1]

 Suspicious Activity Detected: None",Analyse,host:office_network_subnet_user_host_3,"Current analysis is in progress, and further monitoring is necessary."
"# OBSERVATION

Mission Phase: 0
Last Action : Analyse host:office_network_subnet_user_host_3
Last Action Status: IN_PROGRESS
Communication Vectors: 
Commvector Blue Agent 0 Message: [0, 0, 0, 0, 0, 0, 0, 1]
Commvector Blue Agent 1 Message: [0, 0, 0, 0, 0, 0, 0, 0]
Commvector Blue Agent 2 Message: [0, 0, 0, 0, 0, 0, 0, 1]
Commvector Blue Agent 3 Message: [0, 0, 0, 0, 0, 0, 0, 0]

 Suspicious Activity Detected: None",Analyse,host:office_network_subnet_user_host_3,Continuing analysis to confirm the state of the host as the last action is still in progress.
"# OBSERVATION

Mission Phase: 0
Last Action : Analyse host:office_network_subnet_user_host_3
Last Action Status: IN_PROGRESS
Communication Vectors: 
Commvector Blue Agent 0 Message: [1, 0, 0, 0, 0, 1, 0, 0]
Commvector Blue Agent 1 Message: [0, 0, 0, 0, 0, 0, 0, 0]
Commvector Blue Agent 2 Message: [0, 0, 0, 0, 0, 0, 0, 0]
Commvector Blue Agent 3 Message: [0, 0, 0, 0, 0, 0, 0, 1]

 Suspicious Activity Detected: None",Analyse,host:office_network_subnet_user_host_3,"The previous analysis is still in progress, and further monitoring is needed to address potential red activity."
"# OBSERVATION

Mission Phase: 0
Last Action : Analyse host:office_network_subnet_user_host_3
Last Action Status: IN_PROGRESS
Communication Vectors: 
Commvector Blue Agent 0 Message: [0, 0, 0, 0, 0, 0, 0, 1]
Commvector Blue Agent 1 Message: [0, 0, 0, 0, 0, 0, 0, 0]
Commvector Blue Agent 2 Message: [0, 0, 0, 0, 0, 0, 0, 0]
Commvector Blue Agent 3 Message: [0, 0, 0, 0, 0, 0, 0, 0]

 Suspicious Activity Detected: None",Analyse,host:office_network_subnet_user_host_3,"The last action is still in progress, indicating ongoing investigation into the host."
"# OBSERVATION

Mission Phase: 0
Last Action : Analyse host:office_network_subnet_user_host_3
Last Action Status: IN_PROGRESS
Communication Vectors: 
Commvector Blue Agent 0 Message: [0, 0, 0, 0, 0, 0, 0, 0]
Commvector Blue Agent 1 Message: [0, 0, 0, 0, 0, 0, 0, 0]
Commvector Blue Agent 2 Message: [0, 0, 0, 0, 0, 0, 0, 0]
Commvector Blue Agent 3 Message: [0, 0, 0, 0, 0, 0, 0, 0]

 Suspicious Activity Detected: None",Analyse,host:office_network_subnet_user_host_3,Continuing the analysis on the host that is already in progress to ensure no suspicious activity is present.
"# OBSERVATION

Mission Phase: 0
Last Action : Analyse host:office_network_subnet_user_host_3
Last Action Status: IN_PROGRESS
Communication Vectors: 
Commvector Blue Agent 0 Message: [0, 0, 0, 0, 0, 0, 0, 1]
Commvector Blue Agent 1 Message: [0, 0, 0, 0, 0, 0, 0, 0]
Commvector Blue Agent 2 Message: [0, 0, 0, 0, 0, 0, 0, 0]
Commvector Blue Agent 3 Message: [0, 0, 0, 0, 0, 0, 0, 0]

 Suspicious Activity Detected: None",Analyse,host:office_network_subnet_user_host_3,Continuing the analysis of the host to assess for any suspicious activity.
"# OBSERVATION

Mission Phase: 0
Last Action : Analyse host:office_network_subnet_user_host_4
Last Action Status: IN_PROGRESS
Communication Vectors: 
Commvector Blue Agent 0 Message: [0, 0, 0, 0, 0, 0, 0, 0]
Commvector Blue Agent 1 Message: [0, 0, 0, 0, 0, 0, 0, 1]
Commvector Blue Agent 2 Message: [0, 0, 0, 0, 0, 0, 0, 1]
Commvector Blue Agent 3 Message: [0, 0, 0, 0, 0, 0, 0, 0]

Suspicious Activity Detected:
- Hostname: office_network_subnet_user_host_3 | IP: 10.0.79.84 | INFO: Connection to 10.0.79.84 | INFO: Connection to 10.0.79.84 | INFO: Connection to 10.0.79.84 | INFO: Connection to 10.0.79.84 | INFO: Connection to 10.0.79.84 | INFO: Connection to 10.0.79.84 | INFO: Connection to 10.0.79.84 | INFO: Connection to 10.0.79.84 | INFO: Connection to 10.0.79.84 | INFO: Connection to 10.0.79.84 | INFO: Connection to 10.0.79.84 | INFO: Connection to 10.0.79.84 | INFO: Connection to 10.0.79.84 | INFO: Connection to 10.0.79.84 | INFO: Connection to 10.0.79.84 | INFO: Connection to 10.0.79.84 | INFO: Connection to 10.0.79.84 | INFO: Connection to 10.0.79.84 | INFO: Connection to 10.0.79.84 | INFO: Connection to 10.0.79.84 | INFO: Connection to 10.0.79.84 | INFO: Connection to 10.0.79.84 | WARNING: Suspicious process detected",Analyse,host:office_network_subnet_user_host_3,Suspicious process detected on the host that needs further investigation.
"# OBSERVATION

Mission Phase: 0
Last Action : Analyse host:office_network_subnet_user_host_4
Last Action Status: IN_PROGRESS
Communication Vectors: 
Commvector Blue Agent 0 Message: [0, 0, 0, 0, 0, 0, 0, 1]
Commvector Blue Agent 1 Message: [0, 0, 0, 0, 0, 0, 0, 0]
Commvector Blue Agent 2 Message: [0, 0, 0, 0, 0, 0, 0, 1]
Commvector Blue Agent 3 Message: [0, 0, 0, 0, 0, 0, 0, 0]

 Suspicious Activity Detected: None",Analyse,host:office_network_subnet_user_host_4,"The analysis is still in progress, and we need to wait for the results before taking further action."
"# OBSERVATION

Mission Phase: 0
Last Action : Analyse host:office_network_subnet_user_host_2
Last Action Status: IN_PROGRESS
Communication Vectors: 
Commvector Blue Agent 0 Message: [0, 0, 0, 0, 0, 0, 0, 0]
Commvector Blue Agent 1 Message: [0, 0, 0, 0, 0, 0, 0, 0]
Commvector Blue Agent 2 Message: [0, 0, 0, 0, 0, 0, 0, 0]
Commvector Blue Agent 3 Message: [0, 0, 0, 1, 0, 1, 0, 0]

Suspicious Activity Detected:
- Hostname: office_network_subnet_user_host_4 | IP: 10.0.79.125 | INFO: Connection to 10.0.79.44 | INFO: Connection to 10.0.79.44 | INFO: Connection to 10.0.79.44 | INFO: Connection to 10.0.79.44 | INFO: Connection to 10.0.79.44 | INFO: Connection to 10.0.79.44",Analyse,host:office_network_subnet_user_host_4,"Further investigation is necessary due to detected connections to multiple hosts, indicating potential suspicious behavior."
"# OBSERVATION

Mission Phase: 0
Last Action : Analyse host:office_network_subnet_user_host_2
Last Action Status: IN_PROGRESS
Communication Vectors: 
Commvector Blue Agent 0 Message: [1, 0, 0, 0, 0, 1, 0, 1]
Commvector Blue Agent 1 Message: [0, 0, 0, 0, 0, 0, 0, 0]
Commvector Blue Agent 2 Message: [0, 0, 0, 0, 0, 0, 0, 0]
Commvector Blue Agent 3 Message: [0, 0, 0, 0, 0, 0, 0, 0]

 Suspicious Activity Detected: None",Analyse,host:office_network_subnet_user_host_2,"Continuing with analysis to gather more information on potential red activity, as the last action is still in progress."
"# OBSERVATION

Mission Phase: 0
Last Action : Analyse host:office_network_subnet_user_host_2
Last Action Status: IN_PROGRESS
Communication Vectors: 
Commvector Blue Agent 0 Message: [0, 0, 0, 0, 0, 0, 0, 1]
Commvector Blue Agent 1 Message: [0, 0, 0, 0, 0, 0, 0, 0]
Commvector Blue Agent 2 Message: [0, 0, 0, 0, 0, 0, 0, 1]
Commvector Blue Agent 3 Message: [0, 0, 0, 0, 0, 0, 0, 0]

 Suspicious Activity Detected: None",Analyse,host:office_network_subnet_user_host_2,Continuing the analysis to confirm the status of potential threats as the previous action is still in progress.
"# OBSERVATION

Mission Phase: 0
Last Action : Analyse host:office_network_subnet_user_host_2
Last Action Status: IN_PROGRESS
Communication Vectors: 
Commvector Blue Agent 0 Message: [0, 0, 0, 0, 0, 0, 0, 0]
Commvector Blue Agent 1 Message: [0, 0, 0, 0, 0, 0, 0, 0]
Commvector Blue Agent 2 Message: [0, 0, 0, 0, 0, 0, 0, 0]
Commvector Blue Agent 3 Message: [0, 0, 0, 0, 0, 0, 0, 1]

 Suspicious Activity Detected: None",Analyse,host:office_network_subnet_user_host_2,"The analysis is still in progress, and no suspicious activity has been confirmed yet."
"# OBSERVATION

Mission Phase: 0
Last Action : Analyse host:office_network_subnet_user_host_2
Last Action Status: IN_PROGRESS
Communication Vectors: 
Commvector Blue Agent 0 Message: [0, 0, 0, 0, 0, 0, 0, 1]
Commvector Blue Agent 1 Message: [0, 0, 0, 0, 0, 0, 0, 1]
Commvector Blue Agent 2 Message: [0, 0, 0, 0, 0, 0, 0, 1]
Commvector Blue Agent 3 Message: [0, 0, 0, 0, 0, 0, 0, 0]

 Suspicious Activity Detected: None",Analyse,host:office_network_subnet_user_host_2,Continuing the analysis of the host to confirm the security status as the last action is still in progress.
"# OBSERVATION

Mission Phase: 0
Last Action : Analyse host:office_network_subnet_user_host_2
Last Action Status: IN_PROGRESS
Communication Vectors: 
Commvector Blue Agent 0 Message: [0, 0, 0, 0, 0, 0, 0, 1]
Commvector Blue Agent 1 Message: [0, 0, 0, 0, 0, 0, 0, 0]
Commvector Blue Agent 2 Message: [0, 0, 0, 0, 0, 0, 0, 0]
Commvector Blue Agent 3 Message: [0, 0, 0, 0, 0, 0, 0, 0]

 Suspicious Activity Detected: None",Analyse,host:office_network_subnet_user_host_2,"The analysis is still in progress, and no suspicious activity has been detected."
"# OBSERVATION

Mission Phase: 0
Last Action : Analyse host:office_network_subnet_user_host_2
Last Action Status: TRUE
Communication Vectors: 
Commvector Blue Agent 0 Message: [0, 0, 0, 0, 0, 0, 0, 0]
Commvector Blue Agent 1 Message: [0, 0, 0, 0, 0, 0, 0, 0]
Commvector Blue Agent 2 Message: [0, 0, 0, 0, 0, 0, 0, 1]
Commvector Blue Agent 3 Message: [0, 0, 0, 0, 0, 0, 0, 0]

 Suspicious Activity Detected: None",Analyse,host:office_network_subnet_user_host_2,Continued monitoring is necessary to ensure no red activity is present in the network.
"# OBSERVATION

Mission Phase: 0
Last Action : Remove host:office_network_subnet_user_host_6
Last Action Status: IN_PROGRESS
Communication Vectors: 
Commvector Blue Agent 0 Message: [1, 0, 0, 0, 0, 1, 0, 0]
Commvector Blue Agent 1 Message: [0, 0, 0, 0, 0, 0, 0, 0]
Commvector Blue Agent 2 Message: [0, 0, 0, 0, 0, 0, 0, 0]
Commvector Blue Agent 3 Message: [0, 0, 0, 0, 0, 0, 0, 0]

Suspicious Activity Detected:
- Hostname: office_network_subnet_user_host_2 | IP: 10.0.79.134 | INFO: Connection to 10.0.79.84 | INFO: Connection to 10.0.79.84",Analyse,host:office_network_subnet_user_host_2,"Suspicious activity detected on the host, indicating potential red agent presence."
"# OBSERVATION

Mission Phase: 0
Last Action : Analyse host:office_network_subnet_user_host_6
Last Action Status: TRUE
Communication Vectors: 
Commvector Blue Agent 0 Message: [1, 0, 0, 0, 0, 1, 0, 0]
Commvector Blue Agent 1 Message: [0, 0, 0, 0, 0, 0, 0, 0]
Commvector Blue Agent 2 Message: [0, 0, 0, 0, 0, 0, 0, 0]
Commvector Blue Agent 3 Message: [0, 0, 0, 0, 0, 0, 0, 0]

 Suspicious Activity Detected: None",Remove,host:office_network_subnet_user_host_6,"A red agent has been detected on the host, indicating a user-level compromise."
"# OBSERVATION

Mission Phase: 0
Last Action : Remove host:admin_network_subnet_user_host_2
Last Action Status: IN_PROGRESS
Communication Vectors: 
Commvector Blue Agent 0 Message: [0, 0, 0, 0, 0, 0, 0, 0]
Commvector Blue Agent 1 Message: [0, 0, 0, 0, 0, 0, 0, 0]
Commvector Blue Agent 2 Message: [0, 0, 0, 0, 0, 0, 0, 0]
Commvector Blue Agent 3 Message: [0, 0, 0, 0, 0, 0, 0, 0]

Suspicious Activity Detected:
- Hostname: office_network_subnet_user_host_6 | IP: 10.0.79.155
- Hostname: office_network_subnet_server_host_2 | IP: 10.0.31.134 | INFO: Connection to 10.0.79.252 | INFO: Connection to 10.0.79.252",Analyse,host:office_network_subnet_user_host_6,Suspicious activity detected on the host indicating potential red agent presence
"# OBSERVATION

Mission Phase: 0
Last Action : Analyse host:admin_network_subnet_user_host_2
Last Action Status: IN_PROGRESS
Communication Vectors: 
Commvector Blue Agent 0 Message: [1, 0, 0, 0, 0, 1, 0, 0]
Commvector Blue Agent 1 Message: [0, 0, 0, 0, 0, 0, 0, 0]
Commvector Blue Agent 2 Message: [0, 0, 0, 0, 0, 0, 0, 1]
Commvector Blue Agent 3 Message: [0, 0, 0, 0, 0, 0, 0, 0]

 Suspicious Activity Detected: None",Remove,host:admin_network_subnet_user_host_2,A red agent has been detected on the host with a user-level compromise.
"# OBSERVATION

Mission Phase: 0
Last Action : Analyse host:admin_network_subnet_user_host_2
Last Action Status: IN_PROGRESS
Communication Vectors: 
Commvector Blue Agent 0 Message: [0, 0, 0, 0, 0, 0, 0, 0]
Commvector Blue Agent 1 Message: [0, 0, 0, 0, 0, 0, 0, 0]
Commvector Blue Agent 2 Message: [0, 0, 0, 0, 0, 0, 0, 1]
Commvector Blue Agent 3 Message: [0, 0, 0, 0, 0, 0, 0, 0]

 Suspicious Activity Detected: None",Analyse,host:admin_network_subnet_user_host_2,"The previous action is still in progress, indicating ongoing investigation into potential threats."
"# OBSERVATION

Mission Phase: 0
Last Action : Analyse host:admin_network_subnet_user_host_2
Last Action Status: IN_PROGRESS
Communication Vectors: 
Commvector Blue Agent 0 Message: [0, 0, 0, 0, 0, 0, 0, 0]
Commvector Blue Agent 1 Message: [0, 0, 0, 0, 0, 0, 0, 0]
Commvector Blue Agent 2 Message: [0, 0, 1, 0, 0, 1, 0, 0]
Commvector Blue Agent 3 Message: [0, 0, 0, 0, 0, 0, 0, 0]

 Suspicious Activity Detected: None",Analyse,host:admin_network_subnet_user_host_2,Continuing the analysis on the host as the previous action is still in progress.
"# OBSERVATION

Mission Phase: 0
Last Action : Analyse host:admin_network_subnet_user_host_2
Last Action Status: IN_PROGRESS
Communication Vectors: 
Commvector Blue Agent 0 Message: [0, 0, 0, 0, 0, 0, 0, 1]
Commvector Blue Agent 1 Message: [0, 0, 0, 0, 0, 0, 0, 0]
Commvector Blue Agent 2 Message: [0, 0, 0, 0, 0, 0, 0, 0]
Commvector Blue Agent 3 Message: [0, 0, 0, 0, 0, 0, 0, 0]

 Suspicious Activity Detected: None",Analyse,host:admin_network_subnet_user_host_2,The previous analysis is still in progress and needs to be completed to assess the situation accurately.
"# OBSERVATION

Mission Phase: 0
Last Action : Analyse host:admin_network_subnet_user_host_2
Last Action Status: IN_PROGRESS
Communication Vectors: 
Commvector Blue Agent 0 Message: [0, 0, 0, 0, 0, 0, 0, 1]
Commvector Blue Agent 1 Message: [0, 0, 0, 0, 0, 0, 0, 0]
Commvector Blue Agent 2 Message: [0, 0, 0, 0, 0, 0, 0, 0]
Commvector Blue Agent 3 Message: [0, 0, 0, 0, 0, 0, 0, 0]

 Suspicious Activity Detected: None",Analyse,host:admin_network_subnet_user_host_2,"The last action is still in progress, indicating ongoing investigation for potential threats."
"# OBSERVATION

Mission Phase: 0
Last Action : Analyse host:admin_network_subnet_user_host_2
Last Action Status: IN_PROGRESS
Communication Vectors: 
Commvector Blue Agent 0 Message: [0, 0, 0, 0, 0, 0, 0, 0]
Commvector Blue Agent 1 Message: [0, 0, 0, 0, 0, 0, 0, 1]
Commvector Blue Agent 2 Message: [0, 0, 0, 0, 0, 0, 0, 1]
Commvector Blue Agent 3 Message: [0, 0, 0, 0, 0, 0, 0, 0]

 Suspicious Activity Detected: None",Analyse,host:admin_network_subnet_user_host_2,Continue the ongoing analysis to determine the status of potential suspicious activity.
"# OBSERVATION

Mission Phase: 0
Last Action : Analyse host:admin_network_subnet_user_host_2
Last Action Status: IN_PROGRESS
Communication Vectors: 
Commvector Blue Agent 0 Message: [0, 0, 0, 0, 0, 0, 0, 0]
Commvector Blue Agent 1 Message: [0, 0, 0, 0, 0, 0, 0, 0]
Commvector Blue Agent 2 Message: [0, 0, 0, 0, 0, 0, 0, 0]
Commvector Blue Agent 3 Message: [0, 0, 0, 0, 0, 0, 0, 0]

 Suspicious Activity Detected: None",Analyse,host:admin_network_subnet_user_host_2,"The previous analysis is still in progress, and no suspicious activity has been detected."
"# OBSERVATION

Mission Phase: 0
Last Action : Analyse host:admin_network_subnet_user_host_2
Last Action Status: IN_PROGRESS
Communication Vectors: 
Commvector Blue Agent 0 Message: [0, 0, 0, 0, 0, 0, 0, 0]
Commvector Blue Agent 1 Message: [0, 0, 0, 0, 0, 0, 0, 1]
Commvector Blue Agent 2 Message: [0, 0, 0, 0, 0, 0, 0, 0]
Commvector Blue Agent 3 Message: [0, 0, 0, 0, 0, 0, 0, 0]

 Suspicious Activity Detected: None",Analyse,host:admin_network_subnet_user_host_2,"The analysis is currently in progress, and I want to continue monitoring the results for any suspicious activity."
"# OBSERVATION

Mission Phase: 0
Last Action : BlockTrafficZone subnet:public_access_zone
Last Action Status: FALSE
Communication Vectors: 
Commvector Blue Agent 0 Message: [0, 0, 0, 0, 0, 0, 0, 0]
Commvector Blue Agent 1 Message: [0, 0, 0, 0, 0, 0, 0, 0]
Commvector Blue Agent 2 Message: [0, 0, 1, 0, 0, 1, 0, 0]
Commvector Blue Agent 3 Message: [0, 0, 0, 0, 0, 0, 0, 0]

Suspicious Activity Detected:
- Hostname: admin_network_subnet_user_host_2 | IP: 10.0.34.110
- Hostname: office_network_subnet_router | IP: 10.0.79.151 | INFO: Connection to 10.0.79.44 | INFO: Connection to 10.0.79.44
- Hostname: office_network_subnet_user_host_0 | IP: 10.0.79.151 | INFO: Connection to 10.0.79.44 | INFO: Connection to 10.0.79.44
- Hostname: office_network_subnet_user_host_9 | IP: 10.0.79.151 | INFO: Connection to 10.0.79.44 | INFO: Connection to 10.0.79.44 | INFO: Connection to 10.0.79.44 | INFO: Connection to 10.0.79.44 | INFO: Connection to 10.0.79.44 | INFO: Connection to 10.0.79.44 | INFO: Connection to 10.0.79.44 | INFO: Connection to 10.0.79.44 | INFO: Connection to 10.0.79.44 | INFO: Connection to 10.0.79.44 | INFO: Connection to 10.0.79.44 | INFO: Connection to 10.0.79.44 | INFO: Connection to 10.0.79.44 | INFO: Connection to 10.0.79.44 | INFO: Connection to 10.0.79.44 | INFO: Connection to 10.0.79.44 | INFO: Connection to 10.0.79.44 | INFO: Connection to 10.0.79.44 | INFO: Connection to 10.0.79.44 | INFO: Connection to 10.0.79.44 | INFO: Connection to 10.0.79.44 | INFO: Connection to 10.0.79.44 | WARNING: Suspicious process detected",Analyse,host:admin_network_subnet_user_host_2,Suspicious activity detected on the host indicating potential red agent presence.
"# OBSERVATION

Mission Phase: 0
Last Action : BlockTrafficZone subnet:public_access_zone
Last Action Status: FALSE
Communication Vectors: 
Commvector Blue Agent 0 Message: [1, 0, 0, 0, 0, 1, 0, 0]
Commvector Blue Agent 1 Message: [0, 0, 0, 0, 0, 0, 0, 1]
Commvector Blue Agent 2 Message: [0, 0, 0, 0, 0, 0, 0, 1]
Commvector Blue Agent 3 Message: [0, 0, 0, 0, 0, 0, 0, 0]

 Suspicious Activity Detected: None",BlockTrafficZone,subnet:public_access_zone,"The last action to block traffic was unsuccessful, indicating a need to secure the public access zone from potential threats."
"# OBSERVATION

Mission Phase: 0
Last Action : BlockTrafficZone subnet:public_access_zone
Last Action Status: FALSE
Communication Vectors: 
Commvector Blue Agent 0 Message: [0, 0, 0, 0, 0, 0, 0, 0]
Commvector Blue Agent 1 Message: [0, 0, 0, 0, 0, 0, 0, 0]
Commvector Blue Agent 2 Message: [0, 0, 0, 0, 0, 0, 0, 0]
Commvector Blue Agent 3 Message: [0, 0, 0, 0, 0, 0, 0, 0]

Suspicious Activity Detected:
- Hostname: office_network_subnet_server_host_1 | IP: 10.0.79.253 | INFO: Connection to 10.0.79.242 | INFO: Connection to 10.0.79.242",BlockTrafficZone,subnet:public_access_zone,"Attempted to control traffic due to suspicious activity, although the previous action was unsuccessful."
"# OBSERVATION

Mission Phase: 0
Last Action : Remove host:public_access_zone_subnet_user_host_0
Last Action Status: TRUE
Communication Vectors: 
Commvector Blue Agent 0 Message: [0, 0, 0, 0, 0, 0, 0, 0]
Commvector Blue Agent 1 Message: [0, 0, 0, 0, 0, 0, 0, 1]
Commvector Blue Agent 2 Message: [0, 0, 0, 0, 0, 0, 0, 0]
Commvector Blue Agent 3 Message: [0, 0, 0, 0, 0, 0, 0, 0]

 Suspicious Activity Detected: None",BlockTrafficZone,subnet:public_access_zone,No suspicious activity detected; proactive measure to ensure safety in the public access zone.
"# OBSERVATION

Mission Phase: 0
Last Action : Remove host:public_access_zone_subnet_user_host_0
Last Action Status: IN_PROGRESS
Communication Vectors: 
Commvector Blue Agent 0 Message: [0, 0, 0, 0, 0, 0, 0, 0]
Commvector Blue Agent 1 Message: [0, 0, 0, 0, 0, 0, 0, 0]
Commvector Blue Agent 2 Message: [0, 0, 0, 0, 0, 0, 0, 0]
Commvector Blue Agent 3 Message: [0, 0, 0, 0, 0, 0, 0, 0]

 Suspicious Activity Detected: None",Remove,host:public_access_zone_subnet_user_host_0,"The last action to remove the host is still in progress, indicating potential ongoing threat management."
"# OBSERVATION

Mission Phase: 0
Last Action : AllowTrafficZone subnet:public_access_zone
Last Action Status: UNKNOWN
Communication Vectors: 
Commvector Blue Agent 0 Message: [1]
Commvector Blue Agent 1 Message: [1]
Commvector Blue Agent 2 Message: [1]
Commvector Blue Agent 3 Message: [1]

Suspicious Activity Detected:
- Hostname: public_access_zone_subnet_router | IP: 10.0.226.158
- Hostname: public_access_zone_subnet_user_host_0 | IP: 10.0.226.240
- Hostname: public_access_zone_subnet_user_host_1 | IP: 10.0.226.1
- Hostname: public_access_zone_subnet_user_host_2 | IP: 10.0.226.145
- Hostname: public_access_zone_subnet_user_host_3 | IP: 10.0.226.39
- Hostname: public_access_zone_subnet_server_host_0 | IP: 10.0.226.254
- Hostname: admin_network_subnet_router | IP: 10.0.122.52
- Hostname: admin_network_subnet_user_host_0 | IP: 10.0.122.2
- Hostname: admin_network_subnet_user_host_1 | IP: 10.0.122.234
- Hostname: admin_network_subnet_user_host_2 | IP: 10.0.122.191
- Hostname: admin_network_subnet_user_host_3 | IP: 10.0.122.162
- Hostname: admin_network_subnet_user_host_4 | IP: 10.0.122.57
- Hostname: admin_network_subnet_user_host_5 | IP: 10.0.122.109
- Hostname: admin_network_subnet_user_host_6 | IP: 10.0.122.59
- Hostname: admin_network_subnet_user_host_7 | IP: 10.0.122.63
- Hostname: admin_network_subnet_user_host_8 | IP: 10.0.122.13
- Hostname: admin_network_subnet_user_host_9 | IP: 10.0.122.197
- Hostname: admin_network_subnet_server_host_0 | IP: 10.0.122.254
- Hostname: admin_network_subnet_server_host_1 | IP: 10.0.122.253
- Hostname: admin_network_subnet_server_host_2 | IP: 10.0.122.252
- Hostname: admin_network_subnet_server_host_3 | IP: 10.0.122.251
- Hostname: office_network_subnet_router | IP: 10.0.15.38
- Hostname: office_network_subnet_user_host_0 | IP: 10.0.15.193
- Hostname: office_network_subnet_user_host_1 | IP: 10.0.15.176
- Hostname: office_network_subnet_user_host_2 | IP: 10.0.15.52
- Hostname: office_network_subnet_user_host_3 | IP: 10.0.15.87
- Hostname: office_network_subnet_user_host_4 | IP: 10.0.15.169
- Hostname: office_network_subnet_user_host_5 | IP: 10.0.15.93
- Hostname: office_network_subnet_server_host_0 | IP: 10.0.15.254
- Hostname: office_network_subnet_server_host_1 | IP: 10.0.15.253
- Hostname: office_network_subnet_server_host_2 | IP: 10.0.15.252
- Hostname: office_network_subnet_server_host_3 | IP: 10.0.15.251
- Hostname: office_network_subnet_server_host_4 | IP: 10.0.15.250",Remove,host:public_access_zone_subnet_user_host_0,"Red agent detected on the host, indicating a user-level compromise."
"# OBSERVATION

Mission Phase: 2
Last Action : AllowTrafficZone subnet:public_access_zone
Last Action Status: FALSE
Communication Vectors: 
Commvector Blue Agent 0 Message: [0, 0, 0, 0, 0, 0, 0, 0]
Commvector Blue Agent 1 Message: [0, 0, 0, 0, 0, 0, 0, 0]
Commvector Blue Agent 2 Message: [0, 0, 0, 0, 0, 0, 0, 1]
Commvector Blue Agent 3 Message: [0, 0, 0, 0, 0, 0, 0, 0]

 Suspicious Activity Detected: None",AllowTrafficZone,subnet:public_access_zone,"The last action to allow traffic was unsuccessful, indicating the zone remains blocked and needs to be allowed for necessary connectivity."
"# OBSERVATION

Mission Phase: 2
Last Action : AllowTrafficZone subnet:public_access_zone
Last Action Status: FALSE
Communication Vectors: 
Commvector Blue Agent 0 Message: [0, 0, 0, 0, 0, 0, 0, 0]
Commvector Blue Agent 1 Message: [0, 0, 0, 0, 0, 0, 0, 0]
Commvector Blue Agent 2 Message: [0, 0, 0, 0, 0, 0, 0, 0]
Commvector Blue Agent 3 Message: [0, 0, 0, 0, 0, 0, 0, 0]

 Suspicious Activity Detected: None",AllowTrafficZone,subnet:public_access_zone,Attempting to ensure connectivity after unsuccessful last action.
"# OBSERVATION

Mission Phase: 2
Last Action : BlockTrafficZone subnet:public_access_zone
Last Action Status: FALSE
Communication Vectors: 
Commvector Blue Agent 0 Message: [0, 0, 0, 0, 0, 0, 0, 0]
Commvector Blue Agent 1 Message: [0, 0, 0, 0, 0, 0, 0, 1]
Commvector Blue Agent 2 Message: [0, 0, 0, 0, 0, 0, 0, 1]
Commvector Blue Agent 3 Message: [0, 0, 0, 0, 0, 0, 0, 0]

 Suspicious Activity Detected: None",AllowTrafficZone,subnet:public_access_zone,"The attempt to block traffic to the public access zone was unsuccessful, indicating a need to manage the zone's access appropriately."
"# OBSERVATION

Mission Phase: 2
Last Action : BlockTrafficZone subnet:public_access_zone
Last Action Status: FALSE
Communication Vectors: 
Commvector Blue Agent 0 Message: [0, 0, 0, 0, 0, 0, 0, 0]
Commvector Blue Agent 1 Message: [0, 0, 0, 0, 0, 0, 0, 0]
Commvector Blue Agent 2 Message: [0, 0, 0, 0, 0, 0, 0, 0]
Commvector Blue Agent 3 Message: [0, 0, 0, 0, 0, 0, 0, 0]

 Suspicious Activity Detected: None",BlockTrafficZone,subnet:public_access_zone,Zone is still vulnerable as the last blocking action was unsuccessful.
"# OBSERVATION

Mission Phase: 2
Last Action : AllowTrafficZone subnet:public_access_zone
Last Action Status: FALSE
Communication Vectors: 
Commvector Blue Agent 0 Message: [0, 0, 0, 0, 0, 0, 0, 0]
Commvector Blue Agent 1 Message: [0, 0, 0, 0, 0, 0, 0, 0]
Commvector Blue Agent 2 Message: [0, 0, 1, 0, 0, 1, 0, 0]
Commvector Blue Agent 3 Message: [0, 0, 0, 0, 0, 0, 0, 0]

 Suspicious Activity Detected: None",BlockTrafficZone,subnet:public_access_zone,"The last action to allow traffic was unsuccessful, indicating that the zone may still be blocked, and further measures are needed to secure it during the current mission phase."
"# OBSERVATION

Mission Phase: 2
Last Action : BlockTrafficZone subnet:public_access_zone
Last Action Status: FALSE
Communication Vectors: 
Commvector Blue Agent 0 Message: [0, 0, 0, 0, 0, 0, 0, 0]
Commvector Blue Agent 1 Message: [0, 0, 0, 0, 0, 0, 0, 0]
Commvector Blue Agent 2 Message: [0, 0, 0, 0, 0, 0, 0, 1]
Commvector Blue Agent 3 Message: [0, 0, 0, 0, 0, 0, 0, 0]

 Suspicious Activity Detected: None",AllowTrafficZone,subnet:public_access_zone,"The last action to block traffic was unsuccessful, indicating that the zone should be accessible."
"# OBSERVATION

Mission Phase: 2
Last Action : AllowTrafficZone subnet:public_access_zone
Last Action Status: FALSE
Communication Vectors: 
Commvector Blue Agent 0 Message: [0, 0, 0, 0, 0, 0, 0, 0]
Commvector Blue Agent 1 Message: [0, 0, 0, 0, 0, 0, 0, 1]
Commvector Blue Agent 2 Message: [0, 0, 0, 0, 0, 0, 0, 0]
Commvector Blue Agent 3 Message: [0, 0, 0, 0, 0, 0, 0, 0]

 Suspicious Activity Detected: None",BlockTrafficZone,subnet:public_access_zone,Zone is currently open and could lead to potential vulnerabilities.
"# OBSERVATION

Mission Phase: 2
Last Action : AllowTrafficZone subnet:public_access_zone
Last Action Status: FALSE
Communication Vectors: 
Commvector Blue Agent 0 Message: [0, 0, 0, 0, 0, 0, 0, 1]
Commvector Blue Agent 1 Message: [0, 0, 0, 0, 0, 0, 0, 0]
Commvector Blue Agent 2 Message: [0, 0, 0, 0, 0, 0, 0, 1]
Commvector Blue Agent 3 Message: [0, 0, 0, 0, 0, 0, 0, 0]

 Suspicious Activity Detected: None",AllowTrafficZone,subnet:public_access_zone,"The last action was unsuccessful, indicating that the zone needs to be allowed for traffic."
"# OBSERVATION

Mission Phase: 2
Last Action : AllowTrafficZone subnet:public_access_zone
Last Action Status: FALSE
Communication Vectors: 
Commvector Blue Agent 0 Message: [0, 0, 0, 0, 0, 0, 0, 0]
Commvector Blue Agent 1 Message: [0, 0, 0, 0, 0, 0, 0, 0]
Commvector Blue Agent 2 Message: [0, 0, 0, 0, 0, 0, 0, 0]
Commvector Blue Agent 3 Message: [0, 0, 0, 0, 0, 0, 0, 0]

 Suspicious Activity Detected: None",AllowTrafficZone,subnet:public_access_zone,Attempting to establish standard network connectivity after the last action was unsuccessful.
"# OBSERVATION

Mission Phase: 2
Last Action : BlockTrafficZone subnet:public_access_zone
Last Action Status: FALSE
Communication Vectors: 
Commvector Blue Agent 0 Message: [0, 0, 0, 0, 0, 0, 0, 0]
Commvector Blue Agent 1 Message: [0, 0, 0, 0, 0, 0, 0, 0]
Commvector Blue Agent 2 Message: [0, 0, 0, 0, 0, 0, 0, 1]
Commvector Blue Agent 3 Message: [0, 0, 0, 0, 0, 0, 0, 0]

 Suspicious Activity Detected: None",AllowTrafficZone,subnet:public_access_zone,"The previous attempt to block traffic was unsuccessful, and it is essential to enable connectivity in the public access zone."
"# OBSERVATION

Mission Phase: 2
Last Action : AllowTrafficZone subnet:public_access_zone
Last Action Status: FALSE
Communication Vectors: 
Commvector Blue Agent 0 Message: [0, 0, 0, 0, 0, 0, 0, 0]
Commvector Blue Agent 1 Message: [0, 0, 0, 0, 0, 0, 0, 1]
Commvector Blue Agent 2 Message: [0, 0, 0, 0, 0, 0, 0, 1]
Commvector Blue Agent 3 Message: [0, 0, 0, 0, 0, 0, 0, 0]

 Suspicious Activity Detected: None",BlockTrafficZone,subnet:public_access_zone,"The last action to allow traffic was unsuccessful, suggesting a need to secure the zone."
"# OBSERVATION

Mission Phase: 2
Last Action : Analyse host:public_access_zone_subnet_server_host_0
Last Action Status: IN_PROGRESS
Communication Vectors: 
Commvector Blue Agent 0 Message: [0, 0, 0, 0, 0, 0, 0, 0]
Commvector Blue Agent 1 Message: [0, 0, 0, 0, 0, 0, 0, 0]
Commvector Blue Agent 2 Message: [0, 0, 0, 0, 0, 0, 0, 0]
Commvector Blue Agent 3 Message: [0, 0, 0, 0, 0, 0, 0, 1]

 Suspicious Activity Detected: None",AllowTrafficZone,subnet:public_access_zone,"No suspicious activity detected, allowing necessary communications."
"# OBSERVATION

Mission Phase: 2
Last Action : Analyse host:public_access_zone_subnet_server_host_0
Last Action Status: IN_PROGRESS
Communication Vectors: 
Commvector Blue Agent 0 Message: [0, 0, 0, 0, 0, 0, 0, 0]
Commvector Blue Agent 1 Message: [0, 0, 0, 0, 0, 0, 0, 1]
Commvector Blue Agent 2 Message: [0, 0, 0, 0, 0, 0, 0, 1]
Commvector Blue Agent 3 Message: [0, 0, 0, 0, 0, 0, 0, 0]

 Suspicious Activity Detected: None",Analyse,host:public_access_zone_subnet_server_host_0,Continuing the analysis of the host since the last action is still in progress.
"# OBSERVATION

Mission Phase: 2
Last Action : Analyse host:public_access_zone_subnet_server_host_0
Last Action Status: IN_PROGRESS
Communication Vectors: 
Commvector Blue Agent 0 Message: [0, 0, 0, 0, 0, 0, 0, 0]
Commvector Blue Agent 1 Message: [0, 0, 0, 0, 0, 0, 0, 0]
Commvector Blue Agent 2 Message: [0, 0, 0, 0, 0, 0, 0, 0]
Commvector Blue Agent 3 Message: [0, 0, 0, 0, 0, 0, 0, 0]

 Suspicious Activity Detected: None",Analyse,host:public_access_zone_subnet_server_host_0,"The last action is still in progress, indicating further investigation is ongoing."
"# OBSERVATION

Mission Phase: 2
Last Action : Analyse host:public_access_zone_subnet_server_host_0
Last Action Status: IN_PROGRESS
Communication Vectors: 
Commvector Blue Agent 0 Message: [0, 0, 0, 0, 0, 0, 0, 0]
Commvector Blue Agent 1 Message: [0, 0, 0, 0, 0, 0, 0, 1]
Commvector Blue Agent 2 Message: [0, 0, 0, 0, 0, 0, 0, 1]
Commvector Blue Agent 3 Message: [0, 0, 0, 0, 0, 0, 0, 0]

 Suspicious Activity Detected: None",Analyse,host:public_access_zone_subnet_server_host_0,Continuing analysis to determine the presence of red activity since the last action is still in progress.
"# OBSERVATION

Mission Phase: 2
Last Action : Analyse host:public_access_zone_subnet_server_host_0
Last Action Status: IN_PROGRESS
Communication Vectors: 
Commvector Blue Agent 0 Message: [0, 0, 0, 0, 0, 0, 0, 0]
Commvector Blue Agent 1 Message: [0, 0, 0, 0, 0, 0, 0, 1]
Commvector Blue Agent 2 Message: [0, 0, 0, 0, 0, 0, 0, 0]
Commvector Blue Agent 3 Message: [0, 0, 0, 0, 0, 0, 0, 1]

 Suspicious Activity Detected: None",Analyse,host:public_access_zone_subnet_server_host_0,The analysis of the host is currently in progress to gather more information.
"# OBSERVATION

Mission Phase: 2
Last Action : Analyse host:public_access_zone_subnet_server_host_0
Last Action Status: IN_PROGRESS
Communication Vectors: 
Commvector Blue Agent 0 Message: [0, 0, 0, 0, 0, 0, 0, 0]
Commvector Blue Agent 1 Message: [0, 0, 0, 0, 0, 0, 0, 0]
Commvector Blue Agent 2 Message: [0, 0, 0, 0, 0, 0, 0, 1]
Commvector Blue Agent 3 Message: [0, 0, 0, 0, 0, 0, 0, 0]

 Suspicious Activity Detected: None",Analyse,host:public_access_zone_subnet_server_host_0,Continuing to analyze host since the last action is in progress and no suspicious activity is detected.
"# OBSERVATION

Mission Phase: 2
Last Action : Analyse host:public_access_zone_subnet_server_host_0
Last Action Status: IN_PROGRESS
Communication Vectors: 
Commvector Blue Agent 0 Message: [0, 0, 0, 0, 0, 0, 0, 0]
Commvector Blue Agent 1 Message: [0, 0, 0, 0, 0, 0, 0, 1]
Commvector Blue Agent 2 Message: [0, 0, 0, 0, 0, 0, 0, 0]
Commvector Blue Agent 3 Message: [0, 0, 0, 0, 0, 0, 0, 1]

 Suspicious Activity Detected: None",Analyse,host:public_access_zone_subnet_server_host_0,Continuing analysis on the host as the last action is in progress and no suspicious activity detected.
"# OBSERVATION

Mission Phase: 2
Last Action : AllowTrafficZone subnet:admin_network
Last Action Status: FALSE
Communication Vectors: 
Commvector Blue Agent 0 Message: [0, 0, 0, 0, 0, 0, 0, 0]
Commvector Blue Agent 1 Message: [0, 0, 0, 0, 0, 0, 0, 0]
Commvector Blue Agent 2 Message: [0, 0, 0, 0, 0, 0, 0, 1]
Commvector Blue Agent 3 Message: [0, 0, 0, 0, 0, 0, 0, 0]

Suspicious Activity Detected:
- Hostname: public_access_zone_subnet_server_host_0 | IP: 10.0.182.38 | INFO: Connection to 10.0.99.254 | INFO: Connection to 10.0.99.254",Analyse,host:public_access_zone_subnet_server_host_0,"Suspicious connections detected, indicating potential reconnaissance activity."
"# OBSERVATION

Mission Phase: 2
Last Action : AllowTrafficZone subnet:admin_network
Last Action Status: FALSE
Communication Vectors: 
Commvector Blue Agent 0 Message: [0, 0, 0, 0, 0, 0, 0, 0]
Commvector Blue Agent 1 Message: [0, 0, 0, 0, 0, 0, 0, 0]
Commvector Blue Agent 2 Message: [0, 0, 0, 0, 0, 0, 0, 0]
Commvector Blue Agent 3 Message: [0, 0, 0, 0, 0, 0, 0, 0]

 Suspicious Activity Detected: None",AllowTrafficZone,subnet:admin_network,"The last action to allow traffic was unsuccessful, indicating the need to ensure proper communications in the admin network."
"# OBSERVATION

Mission Phase: 2
Last Action : AllowTrafficZone subnet:admin_network
Last Action Status: FALSE
Communication Vectors: 
Commvector Blue Agent 0 Message: [0, 0, 0, 0, 0, 0, 0, 0]
Commvector Blue Agent 1 Message: [0, 0, 0, 0, 0, 0, 0, 0]
Commvector Blue Agent 2 Message: [0, 0, 0, 0, 0, 0, 0, 1]
Commvector Blue Agent 3 Message: [0, 0, 0, 0, 0, 0, 0, 0]

 Suspicious Activity Detected: None",AllowTrafficZone,subnet:admin_network,"The action was attempted but not successful, indicating the need to ensure proper connectivity for operations."
"# OBSERVATION

Mission Phase: 2
Last Action : Remove host:admin_network_subnet_user_host_3
Last Action Status: TRUE
Communication Vectors: 
Commvector Blue Agent 0 Message: [0, 0, 0, 0, 0, 0, 0, 0]
Commvector Blue Agent 1 Message: [0, 0, 0, 0, 0, 0, 0, 1]
Commvector Blue Agent 2 Message: [0, 0, 0, 0, 0, 0, 0, 0]
Commvector Blue Agent 3 Message: [0, 0, 0, 0, 0, 0, 0, 0]

 Suspicious Activity Detected: None",AllowTrafficZone,subnet:admin_network,"The last action was successful and no suspicious activity is detected in the network, allowing traffic can improve connectivity."
"# OBSERVATION

Mission Phase: 2
Last Action : Remove host:admin_network_subnet_user_host_3
Last Action Status: IN_PROGRESS
Communication Vectors: 
Commvector Blue Agent 0 Message: [0, 0, 0, 0, 0, 0, 0, 1]
Commvector Blue Agent 1 Message: [0, 0, 0, 0, 0, 0, 0, 0]
Commvector Blue Agent 2 Message: [0, 0, 0, 0, 0, 0, 0, 0]
Commvector Blue Agent 3 Message: [0, 0, 0, 0, 0, 0, 0, 0]

 Suspicious Activity Detected: None",Remove,host:admin_network_subnet_user_host_3,Continuing with the removal process as it is currently in progress to eliminate the potential threat.
"# OBSERVATION

Mission Phase: 2
Last Action : Analyse host:admin_network_subnet_user_host_3
Last Action Status: IN_PROGRESS
Communication Vectors: 
Commvector Blue Agent 0 Message: [1, 0, 0, 0, 0, 1, 0, 0]
Commvector Blue Agent 1 Message: [0, 0, 0, 0, 0, 0, 0, 1]
Commvector Blue Agent 2 Message: [0, 0, 0, 0, 0, 0, 0, 1]
Commvector Blue Agent 3 Message: [0, 0, 0, 0, 0, 0, 0, 0]

 Suspicious Activity Detected: None",Remove,host:admin_network_subnet_user_host_3,User-level compromise detected on the host.
"# OBSERVATION

Mission Phase: 2
Last Action : Analyse host:admin_network_subnet_user_host_3
Last Action Status: IN_PROGRESS
Communication Vectors: 
Commvector Blue Agent 0 Message: [0, 0, 0, 0, 0, 0, 0, 0]
Commvector Blue Agent 1 Message: [0, 0, 0, 0, 0, 0, 0, 0]
Commvector Blue Agent 2 Message: [0, 0, 0, 0, 0, 0, 0, 0]
Commvector Blue Agent 3 Message: [0, 0, 0, 0, 0, 0, 0, 1]

 Suspicious Activity Detected: None",Analyse,host:admin_network_subnet_user_host_3,Continuing analysis to determine if any red activity has occurred on the host.
"# OBSERVATION

Mission Phase: 2
Last Action : Analyse host:admin_network_subnet_user_host_3
Last Action Status: IN_PROGRESS
Communication Vectors: 
Commvector Blue Agent 0 Message: [0, 0, 0, 0, 0, 0, 0, 0]
Commvector Blue Agent 1 Message: [0, 0, 0, 0, 0, 0, 0, 0]
Commvector Blue Agent 2 Message: [0, 0, 0, 0, 0, 0, 0, 1]
Commvector Blue Agent 3 Message: [0, 0, 0, 0, 0, 0, 0, 0]

 Suspicious Activity Detected: None",Analyse,host:admin_network_subnet_user_host_3,"The previous action is still in progress, indicating ongoing analysis is necessary to assess potential threats."
"# OBSERVATION

Mission Phase: 2
Last Action : Analyse host:admin_network_subnet_user_host_3
Last Action Status: IN_PROGRESS
Communication Vectors: 
Commvector Blue Agent 0 Message: [0, 0, 0, 0, 0, 0, 0, 1]
Commvector Blue Agent 1 Message: [0, 0, 0, 0, 0, 0, 0, 0]
Commvector Blue Agent 2 Message: [0, 0, 0, 0, 0, 0, 0, 0]
Commvector Blue Agent 3 Message: [0, 0, 0, 0, 0, 0, 0, 0]

 Suspicious Activity Detected: None",Analyse,host:admin_network_subnet_user_host_3,"The previous analysis is in progress, and I need to await its results to assess the network threat level."
"# OBSERVATION

Mission Phase: 2
Last Action : Analyse host:admin_network_subnet_user_host_3
Last Action Status: IN_PROGRESS
Communication Vectors: 
Commvector Blue Agent 0 Message: [0, 0, 0, 0, 0, 0, 0, 0]
Commvector Blue Agent 1 Message: [0, 0, 0, 0, 0, 0, 0, 0]
Commvector Blue Agent 2 Message: [0, 0, 0, 0, 0, 0, 0, 0]
Commvector Blue Agent 3 Message: [0, 0, 0, 0, 0, 0, 0, 0]

 Suspicious Activity Detected: None",Analyse,host:admin_network_subnet_user_host_3,Continuing to analyze the host for suspicious activity as the last action is in progress.
"# OBSERVATION

Mission Phase: 2
Last Action : Analyse host:admin_network_subnet_user_host_3
Last Action Status: IN_PROGRESS
Communication Vectors: 
Commvector Blue Agent 0 Message: [0, 0, 0, 0, 0, 0, 0, 0]
Commvector Blue Agent 1 Message: [0, 0, 0, 0, 0, 0, 0, 0]
Commvector Blue Agent 2 Message: [0, 0, 0, 0, 0, 0, 0, 1]
Commvector Blue Agent 3 Message: [0, 0, 0, 0, 0, 0, 0, 1]

 Suspicious Activity Detected: None",Analyse,host:admin_network_subnet_user_host_3,Continuing the analysis since the previous action is still in progress and no suspicious activity has been detected.
"# OBSERVATION

Mission Phase: 2
Last Action : Analyse host:admin_network_subnet_user_host_3
Last Action Status: IN_PROGRESS
Communication Vectors: 
Commvector Blue Agent 0 Message: [0, 0, 0, 0, 0, 0, 0, 0]
Commvector Blue Agent 1 Message: [0, 0, 0, 0, 0, 0, 0, 1]
Commvector Blue Agent 2 Message: [0, 0, 0, 0, 0, 0, 0, 0]
Commvector Blue Agent 3 Message: [0, 0, 0, 0, 0, 0, 0, 0]

 Suspicious Activity Detected: None",Analyse,host:admin_network_subnet_user_host_3,The previous analyse action is still in progress and no other suspicious activity is currently detected.
"# OBSERVATION

Mission Phase: 2
Last Action : Analyse host:admin_network_subnet_user_host_3
Last Action Status: IN_PROGRESS
Communication Vectors: 
Commvector Blue Agent 0 Message: [0, 0, 0, 0, 0, 0, 0, 0]
Commvector Blue Agent 1 Message: [0, 0, 0, 0, 0, 0, 0, 1]
Commvector Blue Agent 2 Message: [0, 0, 0, 0, 0, 0, 0, 1]
Commvector Blue Agent 3 Message: [0, 0, 0, 0, 0, 0, 0, 0]

 Suspicious Activity Detected: None",Analyse,host:admin_network_subnet_user_host_3,Continuing the analysis as the last action is still in progress.
"# OBSERVATION

Mission Phase: 2
Last Action : Analyse host:admin_network_subnet_user_host_3
Last Action Status: IN_PROGRESS
Communication Vectors: 
Commvector Blue Agent 0 Message: [0, 0, 0, 0, 0, 0, 0, 0]
Commvector Blue Agent 1 Message: [0, 0, 0, 0, 0, 0, 0, 0]
Commvector Blue Agent 2 Message: [0, 0, 0, 0, 0, 0, 0, 0]
Commvector Blue Agent 3 Message: [0, 0, 0, 0, 0, 0, 0, 0]

 Suspicious Activity Detected: None",Analyse,host:admin_network_subnet_user_host_3,Continuing analysis on the host is necessary as the previous action is still in progress.
"# OBSERVATION

Mission Phase: 2
Last Action : Analyse host:admin_network_subnet_user_host_3
Last Action Status: IN_PROGRESS
Communication Vectors: 
Commvector Blue Agent 0 Message: [0, 0, 0, 0, 0, 0, 0, 1]
Commvector Blue Agent 1 Message: [0, 0, 0, 0, 0, 0, 0, 1]
Commvector Blue Agent 2 Message: [0, 0, 0, 0, 0, 0, 0, 1]
Commvector Blue Agent 3 Message: [0, 0, 0, 0, 0, 0, 0, 0]

 Suspicious Activity Detected: None",Analyse,host:admin_network_subnet_user_host_3,The analysis is still in progress to gather more information on potential threats.
"# OBSERVATION

Mission Phase: 2
Last Action : AllowTrafficZone subnet:public_access_zone
Last Action Status: FALSE
Communication Vectors: 
Commvector Blue Agent 0 Message: [0, 0, 0, 0, 0, 0, 0, 0]
Commvector Blue Agent 1 Message: [0, 0, 0, 0, 0, 0, 0, 0]
Commvector Blue Agent 2 Message: [0, 0, 0, 0, 0, 0, 0, 0]
Commvector Blue Agent 3 Message: [0, 0, 0, 0, 0, 0, 0, 0]

Suspicious Activity Detected:
- Hostname: admin_network_subnet_user_host_3 | IP: 10.0.232.222",Analyse,host:admin_network_subnet_user_host_3,"Suspicious activity detected on the host, indicating possible red agent presence."
"# OBSERVATION

Mission Phase: 2
Last Action : BlockTrafficZone subnet:public_access_zone
Last Action Status: FALSE
Communication Vectors: 
Commvector Blue Agent 0 Message: [0, 0, 0, 0, 0, 0, 0, 0]
Commvector Blue Agent 1 Message: [0, 0, 0, 0, 0, 0, 0, 0]
Commvector Blue Agent 2 Message: [0, 0, 0, 0, 0, 0, 0, 1]
Commvector Blue Agent 3 Message: [0, 0, 0, 0, 0, 0, 0, 0]

 Suspicious Activity Detected: None",AllowTrafficZone,subnet:public_access_zone,"The last attempt to block the traffic to this zone was unsuccessful, and there are no detected threats."
"# OBSERVATION

Mission Phase: 2
Last Action : BlockTrafficZone subnet:public_access_zone
Last Action Status: FALSE
Communication Vectors: 
Commvector Blue Agent 0 Message: [0, 0, 0, 0, 0, 0, 0, 0]
Commvector Blue Agent 1 Message: [0, 0, 0, 0, 0, 0, 0, 0]
Commvector Blue Agent 2 Message: [0, 0, 0, 0, 0, 0, 0, 1]
Commvector Blue Agent 3 Message: [0, 0, 0, 0, 0, 0, 0, 0]

 Suspicious Activity Detected: None",BlockTrafficZone,subnet:public_access_zone,"Zone was already in a desired state, further action is not necessary at this moment."
"# OBSERVATION

Mission Phase: 2
Last Action : AllowTrafficZone subnet:public_access_zone
Last Action Status: FALSE
Communication Vectors: 
Commvector Blue Agent 0 Message: [0, 0, 0, 0, 0, 0, 0, 0]
Commvector Blue Agent 1 Message: [0, 0, 0, 0, 0, 0, 0, 0]
Commvector Blue Agent 2 Message: [0, 0, 1, 0, 0, 1, 0, 0]
Commvector Blue Agent 3 Message: [0, 0, 0, 0, 0, 0, 0, 0]

 Suspicious Activity Detected: None",BlockTrafficZone,subnet:public_access_zone,"The last action to allow traffic was unsuccessful, indicating potential security issues in the public access zone."
"# OBSERVATION

Mission Phase: 2
Last Action : BlockTrafficZone subnet:public_access_zone
Last Action Status: FALSE
Communication Vectors: 
Commvector Blue Agent 0 Message: [0, 0, 0, 0, 0, 0, 0, 0]
Commvector Blue Agent 1 Message: [0, 0, 0, 0, 0, 0, 0, 1]
Commvector Blue Agent 2 Message: [0, 0, 0, 0, 0, 0, 0, 1]
Commvector Blue Agent 3 Message: [0, 0, 0, 0, 0, 0, 0, 0]

 Suspicious Activity Detected: None",AllowTrafficZone,subnet:public_access_zone,"The attempt to block traffic was unsuccessful, and the zone should allow traffic to function correctly."
"# OBSERVATION

Mission Phase: 2
Last Action : BlockTrafficZone subnet:public_access_zone
Last Action Status: FALSE
Communication Vectors: 
Commvector Blue Agent 0 Message: [0, 0, 0, 0, 0, 0, 0, 0]
Commvector Blue Agent 1 Message: [0, 0, 0, 0, 0, 0, 0, 1]
Commvector Blue Agent 2 Message: [0, 0, 0, 0, 0, 0, 0, 0]
Commvector Blue Agent 3 Message: [0, 0, 0, 0, 0, 0, 0, 1]

 Suspicious Activity Detected: None",BlockTrafficZone,subnet:public_access_zone,Ensuring no unauthorized access during active mission phase.
"# OBSERVATION

Mission Phase: 2
Last Action : AllowTrafficZone subnet:public_access_zone
Last Action Status: FALSE
Communication Vectors: 
Commvector Blue Agent 0 Message: [0, 0, 0, 0, 0, 0, 0, 0]
Commvector Blue Agent 1 Message: [0, 0, 0, 0, 0, 0, 0, 0]
Commvector Blue Agent 2 Message: [0, 0, 0, 0, 0, 0, 0, 1]
Commvector Blue Agent 3 Message: [0, 0, 0, 0, 0, 0, 0, 0]

 Suspicious Activity Detected: None",BlockTrafficZone,subnet:public_access_zone,The zone is currently allowing traffic but should be blocked to mitigate potential threats.
"# OBSERVATION

Mission Phase: 2
Last Action : BlockTrafficZone subnet:public_access_zone
Last Action Status: FALSE
Communication Vectors: 
Commvector Blue Agent 0 Message: [0, 0, 0, 0, 0, 0, 0, 1]
Commvector Blue Agent 1 Message: [0, 0, 0, 0, 0, 0, 0, 1]
Commvector Blue Agent 2 Message: [0, 0, 0, 0, 0, 0, 0, 0]
Commvector Blue Agent 3 Message: [0, 0, 0, 0, 0, 0, 0, 0]

 Suspicious Activity Detected: None",AllowTrafficZone,subnet:public_access_zone,"Previous action to block traffic was unsuccessful, and the zone needs to allow traffic for normal operations."
"# OBSERVATION

Mission Phase: 2
Last Action : AllowTrafficZone subnet:public_access_zone
Last Action Status: FALSE
Communication Vectors: 
Commvector Blue Agent 0 Message: [0, 0, 0, 0, 0, 0, 0, 0]
Commvector Blue Agent 1 Message: [0, 0, 0, 0, 0, 0, 0, 0]
Commvector Blue Agent 2 Message: [0, 0, 0, 0, 0, 0, 0, 1]
Commvector Blue Agent 3 Message: [0, 0, 0, 0, 0, 0, 0, 0]

 Suspicious Activity Detected: None",BlockTrafficZone,subnet:public_access_zone,The traffic zone is currently allowed but needs to be blocked to secure the network during Phase 2.
"# OBSERVATION

Mission Phase: 2
Last Action : BlockTrafficZone subnet:public_access_zone
Last Action Status: FALSE
Communication Vectors: 
Commvector Blue Agent 0 Message: [0, 0, 0, 0, 0, 0, 0, 0]
Commvector Blue Agent 1 Message: [0, 0, 0, 0, 0, 0, 0, 0]
Commvector Blue Agent 2 Message: [0, 0, 0, 0, 0, 0, 0, 0]
Commvector Blue Agent 3 Message: [0, 0, 0, 0, 0, 0, 0, 0]

 Suspicious Activity Detected: None",AllowTrafficZone,subnet:public_access_zone,"The previous action to block traffic failed, indicating that the zone may still need connectivity for operations."
"# OBSERVATION

Mission Phase: 2
Last Action : BlockTrafficZone subnet:public_access_zone
Last Action Status: FALSE
Communication Vectors: 
Commvector Blue Agent 0 Message: [0, 0, 0, 0, 0, 0, 0, 1]
Commvector Blue Agent 1 Message: [0, 0, 0, 0, 0, 0, 0, 0]
Commvector Blue Agent 2 Message: [0, 0, 0, 0, 0, 0, 0, 0]
Commvector Blue Agent 3 Message: [0, 0, 0, 1, 0, 1, 0, 0]

 Suspicious Activity Detected: None",BlockTrafficZone,subnet:public_access_zone,Zone remains vulnerable as the previous blocking action was unsuccessful.
"# OBSERVATION

Mission Phase: 2
Last Action : AllowTrafficZone subnet:public_access_zone
Last Action Status: FALSE
Communication Vectors: 
Commvector Blue Agent 0 Message: [1, 0, 0, 0, 0, 1, 0, 1]
Commvector Blue Agent 1 Message: [0, 0, 0, 0, 0, 0, 0, 0]
Commvector Blue Agent 2 Message: [0, 0, 0, 0, 0, 0, 0, 1]
Commvector Blue Agent 3 Message: [0, 0, 0, 0, 0, 0, 0, 1]

 Suspicious Activity Detected: None",BlockTrafficZone,subnet:public_access_zone,The public access zone has malicious actions detected from the network.
"# OBSERVATION

Mission Phase: 2
Last Action : AllowTrafficZone subnet:public_access_zone
Last Action Status: FALSE
Communication Vectors: 
Commvector Blue Agent 0 Message: [0, 0, 0, 0, 0, 0, 0, 0]
Commvector Blue Agent 1 Message: [0, 0, 0, 0, 0, 0, 0, 0]
Commvector Blue Agent 2 Message: [0, 0, 0, 0, 0, 0, 0, 0]
Commvector Blue Agent 3 Message: [0, 0, 0, 0, 0, 0, 0, 0]

 Suspicious Activity Detected: None",AllowTrafficZone,subnet:public_access_zone,"The previous attempt to allow traffic was unsuccessful, indicating the zone is still blocked."
"# OBSERVATION

Mission Phase: 2
Last Action : AllowTrafficZone subnet:public_access_zone
Last Action Status: FALSE
Communication Vectors: 
Commvector Blue Agent 0 Message: [0, 0, 0, 0, 0, 0, 0, 1]
Commvector Blue Agent 1 Message: [0, 0, 0, 0, 0, 0, 0, 1]
Commvector Blue Agent 2 Message: [0, 0, 0, 0, 0, 0, 0, 1]
Commvector Blue Agent 3 Message: [0, 0, 0, 0, 0, 0, 0, 0]

 Suspicious Activity Detected: None",AllowTrafficZone,subnet:public_access_zone,Attempting to restore connectivity in the public access zone as the last action to allow traffic was unsuccessful.
"# OBSERVATION

Mission Phase: 2
Last Action : AllowTrafficZone subnet:public_access_zone
Last Action Status: FALSE
Communication Vectors: 
Commvector Blue Agent 0 Message: [0, 0, 0, 0, 0, 0, 0, 1]
Commvector Blue Agent 1 Message: [0, 0, 0, 0, 0, 0, 0, 0]
Commvector Blue Agent 2 Message: [0, 0, 0, 0, 0, 0, 0, 0]
Commvector Blue Agent 3 Message: [0, 0, 0, 0, 0, 0, 0, 0]

 Suspicious Activity Detected: None",AllowTrafficZone,subnet:public_access_zone,The zone is currently blocked and this action will restore normal connectivity.
"# OBSERVATION

Mission Phase: 2
Last Action : BlockTrafficZone subnet:public_access_zone
Last Action Status: FALSE
Communication Vectors: 
Commvector Blue Agent 0 Message: [0, 0, 0, 0, 0, 0, 0, 0]
Commvector Blue Agent 1 Message: [0, 0, 0, 0, 0, 0, 0, 1]
Commvector Blue Agent 2 Message: [0, 0, 0, 0, 0, 0, 0, 1]
Commvector Blue Agent 3 Message: [0, 0, 0, 0, 0, 0, 0, 0]

 Suspicious Activity Detected: None",AllowTrafficZone,subnet:public_access_zone,The last action to block traffic was unsuccessful and we need to ensure connectivity.
"# OBSERVATION

Mission Phase: 2
Last Action : BlockTrafficZone subnet:public_access_zone
Last Action Status: FALSE
Communication Vectors: 
Commvector Blue Agent 0 Message: [0, 0, 0, 0, 0, 0, 0, 0]
Commvector Blue Agent 1 Message: [0, 0, 0, 0, 0, 0, 0, 0]
Commvector Blue Agent 2 Message: [0, 0, 0, 0, 0, 0, 0, 0]
Commvector Blue Agent 3 Message: [0, 0, 0, 0, 0, 0, 0, 0]

 Suspicious Activity Detected: None",BlockTrafficZone,subnet:public_access_zone,"The last action to block traffic was unsuccessful, indicating the need to reinforce security in the public access zone."
"# OBSERVATION

Mission Phase: 2
Last Action : BlockTrafficZone subnet:public_access_zone
Last Action Status: FALSE
Communication Vectors: 
Commvector Blue Agent 0 Message: [0, 0, 0, 0, 0, 0, 0, 0]
Commvector Blue Agent 1 Message: [0, 0, 0, 0, 0, 0, 0, 0]
Commvector Blue Agent 2 Message: [0, 0, 0, 0, 0, 0, 0, 0]
Commvector Blue Agent 3 Message: [0, 0, 0, 0, 0, 0, 0, 1]

 Suspicious Activity Detected: None",BlockTrafficZone,subnet:public_access_zone,"Previously attempted to block traffic, action was not completed successfully."
"# OBSERVATION

Mission Phase: 2
Last Action : BlockTrafficZone subnet:public_access_zone
Last Action Status: FALSE
Communication Vectors: 
Commvector Blue Agent 0 Message: [0, 0, 0, 0, 0, 0, 0, 1]
Commvector Blue Agent 1 Message: [0, 0, 0, 0, 0, 0, 0, 0]
Commvector Blue Agent 2 Message: [0, 0, 0, 0, 0, 0, 0, 0]
Commvector Blue Agent 3 Message: [0, 0, 0, 0, 0, 0, 0, 0]

 Suspicious Activity Detected: None",BlockTrafficZone,subnet:public_access_zone,Reinforcing security measures during the active mission phase is essential.
"# OBSERVATION

Mission Phase: 2
Last Action : AllowTrafficZone subnet:public_access_zone
Last Action Status: FALSE
Communication Vectors: 
Commvector Blue Agent 0 Message: [0, 0, 0, 0, 0, 0, 0, 0]
Commvector Blue Agent 1 Message: [0, 0, 0, 0, 0, 0, 0, 1]
Commvector Blue Agent 2 Message: [0, 0, 0, 0, 0, 0, 0, 1]
Commvector Blue Agent 3 Message: [0, 0, 0, 0, 0, 0, 0, 1]

 Suspicious Activity Detected: None",BlockTrafficZone,subnet:public_access_zone,"The last action to allow traffic was unsuccessful, indicating a potential need to restrict access to maintain security."
"# OBSERVATION

Mission Phase: 2
Last Action : BlockTrafficZone subnet:public_access_zone
Last Action Status: FALSE
Communication Vectors: 
Commvector Blue Agent 0 Message: [0, 0, 0, 0, 0, 0, 0, 0]
Commvector Blue Agent 1 Message: [0, 0, 0, 0, 0, 0, 0, 1]
Commvector Blue Agent 2 Message: [0, 0, 0, 0, 0, 0, 0, 0]
Commvector Blue Agent 3 Message: [0, 0, 0, 0, 0, 0, 0, 0]

 Suspicious Activity Detected: None",AllowTrafficZone,subnet:public_access_zone,The last action to block traffic was unsuccessful; allowing traffic is necessary to restore network connectivity.
"# OBSERVATION

Mission Phase: 2
Last Action : AllowTrafficZone subnet:public_access_zone
Last Action Status: FALSE
Communication Vectors: 
Commvector Blue Agent 0 Message: [1, 0, 0, 0, 0, 1, 0, 1]
Commvector Blue Agent 1 Message: [0, 0, 0, 0, 0, 0, 0, 0]
Commvector Blue Agent 2 Message: [0, 0, 0, 0, 0, 0, 0, 1]
Commvector Blue Agent 3 Message: [0, 0, 0, 0, 0, 0, 0, 0]

 Suspicious Activity Detected: None",BlockTrafficZone,subnet:public_access_zone,The public access zone is compromised as indicated by the malicious action detected in BLUE AGENT 0.
"# OBSERVATION

Mission Phase: 2
Last Action : BlockTrafficZone subnet:public_access_zone
Last Action Status: FALSE
Communication Vectors: 
Commvector Blue Agent 0 Message: [0, 0, 0, 0, 0, 0, 0, 0]
Commvector Blue Agent 1 Message: [0, 0, 0, 0, 0, 0, 0, 0]
Commvector Blue Agent 2 Message: [0, 0, 0, 0, 0, 0, 0, 0]
Commvector Blue Agent 3 Message: [0, 0, 0, 0, 0, 0, 0, 0]

 Suspicious Activity Detected: None",AllowTrafficZone,subnet:public_access_zone,The zone is currently blocked but needs to allow traffic due to mission phase requirements.
"# OBSERVATION

Mission Phase: 2
Last Action : AllowTrafficZone subnet:public_access_zone
Last Action Status: FALSE
Communication Vectors: 
Commvector Blue Agent 0 Message: [0, 0, 0, 0, 0, 0, 0, 0]
Commvector Blue Agent 1 Message: [0, 0, 0, 0, 0, 0, 0, 0]
Commvector Blue Agent 2 Message: [0, 0, 0, 0, 0, 0, 0, 1]
Commvector Blue Agent 3 Message: [0, 0, 0, 0, 0, 0, 0, 1]

 Suspicious Activity Detected: None",BlockTrafficZone,subnet:public_access_zone,Preventative measure to secure the public access zone during active mission phase
"# OBSERVATION

Mission Phase: 2
Last Action : Analyse host:public_access_zone_subnet_user_host_1
Last Action Status: IN_PROGRESS
Communication Vectors: 
Commvector Blue Agent 0 Message: [0, 0, 0, 0, 0, 0, 0, 0]
Commvector Blue Agent 1 Message: [0, 0, 0, 0, 0, 0, 0, 1]
Commvector Blue Agent 2 Message: [0, 0, 0, 0, 0, 0, 0, 0]
Commvector Blue Agent 3 Message: [0, 0, 0, 0, 0, 0, 0, 0]

 Suspicious Activity Detected: None",AllowTrafficZone,subnet:public_access_zone,To ensure connectivity in the public access zone during an active phase.
"# OBSERVATION

Mission Phase: 2
Last Action : Analyse host:public_access_zone_subnet_user_host_1
Last Action Status: IN_PROGRESS
Communication Vectors: 
Commvector Blue Agent 0 Message: [0, 0, 0, 0, 0, 0, 0, 1]
Commvector Blue Agent 1 Message: [0, 0, 0, 0, 0, 0, 0, 1]
Commvector Blue Agent 2 Message: [0, 0, 0, 0, 0, 0, 0, 1]
Commvector Blue Agent 3 Message: [0, 0, 0, 0, 0, 0, 0, 1]

 Suspicious Activity Detected: None",Analyse,host:public_access_zone_subnet_user_host_1,Continuing analysis to confirm any possible threats after last action is in progress.
"# OBSERVATION

Mission Phase: 2
Last Action : Analyse host:public_access_zone_subnet_user_host_1
Last Action Status: IN_PROGRESS
Communication Vectors: 
Commvector Blue Agent 0 Message: [0, 0, 0, 0, 0, 0, 0, 0]
Commvector Blue Agent 1 Message: [0, 0, 0, 0, 0, 0, 0, 0]
Commvector Blue Agent 2 Message: [0, 0, 0, 0, 0, 0, 0, 0]
Commvector Blue Agent 3 Message: [0, 0, 0, 0, 0, 0, 0, 0]

 Suspicious Activity Detected: None",Analyse,host:public_access_zone_subnet_user_host_1,"The last action is still in progress, and additional analysis may be needed."
"# OBSERVATION

Mission Phase: 2
Last Action : Analyse host:public_access_zone_subnet_server_host_4
Last Action Status: IN_PROGRESS
Communication Vectors: 
Commvector Blue Agent 0 Message: [0, 0, 0, 0, 0, 0, 0, 0]
Commvector Blue Agent 1 Message: [0, 0, 0, 0, 0, 0, 0, 1]
Commvector Blue Agent 2 Message: [0, 0, 0, 0, 0, 0, 0, 0]
Commvector Blue Agent 3 Message: [0, 0, 0, 0, 0, 0, 0, 1]

Suspicious Activity Detected:
- Hostname: public_access_zone_subnet_user_host_1 | IP: 10.0.99.183",Analyse,host:public_access_zone_subnet_user_host_1,Suspicious activity detected on host indicating potential red agent presence.
"# OBSERVATION

Mission Phase: 2
Last Action : Analyse host:public_access_zone_subnet_server_host_4
Last Action Status: IN_PROGRESS
Communication Vectors: 
Commvector Blue Agent 0 Message: [0, 0, 0, 0, 0, 0, 0, 1]
Commvector Blue Agent 1 Message: [0, 0, 0, 0, 0, 0, 0, 0]
Commvector Blue Agent 2 Message: [0, 0, 0, 0, 0, 0, 0, 1]
Commvector Blue Agent 3 Message: [0, 0, 0, 0, 0, 0, 0, 0]

 Suspicious Activity Detected: None",Analyse,host:public_access_zone_subnet_server_host_4,Continuing analysis to gather more information about the host where suspicious activity may be present.
"# OBSERVATION

Mission Phase: 2
Last Action : Analyse host:public_access_zone_subnet_server_host_4
Last Action Status: IN_PROGRESS
Communication Vectors: 
Commvector Blue Agent 0 Message: [0, 0, 0, 0, 0, 0, 0, 0]
Commvector Blue Agent 1 Message: [0, 0, 0, 0, 0, 0, 0, 1]
Commvector Blue Agent 2 Message: [0, 0, 0, 0, 0, 0, 0, 0]
Commvector Blue Agent 3 Message: [0, 0, 0, 0, 0, 0, 0, 0]

 Suspicious Activity Detected: None",Analyse,host:public_access_zone_subnet_server_host_4,"The last analysis is still in progress, and there's no further suspicious activity detected."
"# OBSERVATION

Mission Phase: 2
Last Action : Analyse host:admin_network_subnet_server_host_2
Last Action Status: IN_PROGRESS
Communication Vectors: 
Commvector Blue Agent 0 Message: [0, 0, 0, 0, 0, 0, 0, 0]
Commvector Blue Agent 1 Message: [0, 0, 0, 0, 0, 0, 0, 0]
Commvector Blue Agent 2 Message: [0, 0, 0, 0, 0, 0, 0, 1]
Commvector Blue Agent 3 Message: [0, 0, 0, 0, 0, 0, 0, 0]

Suspicious Activity Detected:
- Hostname: public_access_zone_subnet_server_host_4 | IP: 10.0.99.144 | INFO: Connection to 10.0.99.250 | INFO: Connection to 10.0.99.250",Analyse,host:public_access_zone_subnet_server_host_4,Suspicious connections detected; further investigation needed to ensure no red activity.
"# OBSERVATION

Mission Phase: 2
Last Action : Analyse host:admin_network_subnet_server_host_2
Last Action Status: IN_PROGRESS
Communication Vectors: 
Commvector Blue Agent 0 Message: [0, 0, 0, 0, 0, 0, 0, 1]
Commvector Blue Agent 1 Message: [0, 0, 0, 0, 0, 0, 0, 1]
Commvector Blue Agent 2 Message: [0, 0, 0, 0, 0, 0, 0, 0]
Commvector Blue Agent 3 Message: [0, 0, 0, 0, 0, 0, 0, 1]

 Suspicious Activity Detected: None",Analyse,host:admin_network_subnet_server_host_2,"The last action is still in progress, and further analysis may be required to confirm the security state of the host."
"# OBSERVATION

Mission Phase: 2
Last Action : Analyse host:admin_network_subnet_server_host_2
Last Action Status: IN_PROGRESS
Communication Vectors: 
Commvector Blue Agent 0 Message: [0, 0, 0, 0, 0, 0, 0, 0]
Commvector Blue Agent 1 Message: [0, 0, 0, 0, 0, 0, 0, 0]
Commvector Blue Agent 2 Message: [0, 0, 0, 0, 0, 0, 0, 1]
Commvector Blue Agent 3 Message: [0, 0, 0, 0, 0, 0, 0, 0]

 Suspicious Activity Detected: None",Analyse,host:admin_network_subnet_server_host_2,"Current action is still in progress, further analysis is needed to ensure network security."
"# OBSERVATION

Mission Phase: 2
Last Action : AllowTrafficZone subnet:admin_network
Last Action Status: FALSE
Communication Vectors: 
Commvector Blue Agent 0 Message: [0, 0, 0, 0, 0, 0, 0, 0]
Commvector Blue Agent 1 Message: [0, 0, 0, 0, 0, 0, 0, 1]
Commvector Blue Agent 2 Message: [0, 0, 0, 0, 0, 0, 0, 0]
Commvector Blue Agent 3 Message: [0, 0, 0, 0, 0, 0, 0, 0]

Suspicious Activity Detected:
- Hostname: admin_network_subnet_server_host_2 | IP: 10.0.193.145 | INFO: Connection to 10.0.232.252 | INFO: Connection to 10.0.232.252",Analyse,host:admin_network_subnet_server_host_2,"Suspicious connections detected on the host, warranting further investigation."
"# OBSERVATION

Mission Phase: 2
Last Action : BlockTrafficZone subnet:admin_network
Last Action Status: FALSE
Communication Vectors: 
Commvector Blue Agent 0 Message: [0, 0, 0, 0, 0, 0, 0, 0]
Commvector Blue Agent 1 Message: [0, 0, 0, 0, 0, 0, 0, 0]
Commvector Blue Agent 2 Message: [0, 0, 0, 0, 0, 0, 0, 1]
Commvector Blue Agent 3 Message: [0, 0, 0, 0, 0, 0, 0, 1]

 Suspicious Activity Detected: None",AllowTrafficZone,subnet:admin_network,"The last action to block traffic was unsuccessful, indicating that the zone is still operational and may need connectivity restored."
"# OBSERVATION

Mission Phase: 2
Last Action : Remove host:admin_network_subnet_user_host_0
Last Action Status: TRUE
Communication Vectors: 
Commvector Blue Agent 0 Message: [0, 0, 0, 0, 0, 0, 0, 0]
Commvector Blue Agent 1 Message: [0, 0, 0, 0, 0, 0, 0, 1]
Commvector Blue Agent 2 Message: [0, 0, 0, 0, 0, 0, 0, 0]
Commvector Blue Agent 3 Message: [0, 0, 0, 0, 0, 0, 0, 1]

 Suspicious Activity Detected: None",BlockTrafficZone,subnet:admin_network,Mission phase requires high security due to potential threats
"# OBSERVATION

Mission Phase: 2
Last Action : Remove host:admin_network_subnet_user_host_0
Last Action Status: IN_PROGRESS
Communication Vectors: 
Commvector Blue Agent 0 Message: [0, 0, 0, 0, 0, 0, 0, 1]
Commvector Blue Agent 1 Message: [0, 0, 0, 0, 0, 0, 0, 0]
Commvector Blue Agent 2 Message: [0, 0, 0, 0, 0, 0, 0, 1]
Commvector Blue Agent 3 Message: [0, 0, 0, 0, 0, 0, 0, 0]

 Suspicious Activity Detected: None",Remove,host:admin_network_subnet_user_host_0,"The previous action to remove the host is still in progress, indicating ongoing concerns with that specific host."
"# OBSERVATION

Mission Phase: 2
Last Action : BlockTrafficZone subnet:public_access_zone
Last Action Status: FALSE
Communication Vectors: 
Commvector Blue Agent 0 Message: [0, 0, 0, 0, 0, 0, 0, 0]
Commvector Blue Agent 1 Message: [0, 0, 0, 0, 0, 0, 0, 1]
Commvector Blue Agent 2 Message: [0, 0, 0, 0, 0, 0, 0, 0]
Commvector Blue Agent 3 Message: [0, 0, 0, 0, 0, 0, 0, 0]

Suspicious Activity Detected:
- Hostname: admin_network_subnet_user_host_0 | IP: 10.0.232.220",Remove,host:admin_network_subnet_user_host_0,Host has been detected with a user-level compromise.
"# OBSERVATION

Mission Phase: 2
Last Action : AllowTrafficZone subnet:public_access_zone
Last Action Status: FALSE
Communication Vectors: 
Commvector Blue Agent 0 Message: [0, 0, 0, 0, 0, 0, 0, 0]
Commvector Blue Agent 1 Message: [0, 0, 0, 0, 0, 0, 0, 0]
Commvector Blue Agent 2 Message: [0, 0, 0, 0, 0, 0, 0, 1]
Commvector Blue Agent 3 Message: [0, 0, 0, 0, 0, 0, 0, 1]

 Suspicious Activity Detected: None",BlockTrafficZone,subnet:public_access_zone,"The public access zone is currently in an active phase, and allowing traffic could lead to exploitation."
"# OBSERVATION

Mission Phase: 2
Last Action : BlockTrafficZone subnet:public_access_zone
Last Action Status: FALSE
Communication Vectors: 
Commvector Blue Agent 0 Message: [0, 0, 0, 0, 0, 0, 0, 0]
Commvector Blue Agent 1 Message: [0, 0, 0, 0, 0, 0, 0, 1]
Commvector Blue Agent 2 Message: [0, 0, 0, 0, 0, 0, 0, 0]
Commvector Blue Agent 3 Message: [0, 0, 0, 0, 0, 0, 0, 0]

 Suspicious Activity Detected: None",AllowTrafficZone,subnet:public_access_zone,"The last action to block traffic was unsuccessful, and allowing traffic is necessary for connectivity."
"# OBSERVATION

Mission Phase: 2
Last Action : BlockTrafficZone subnet:public_access_zone
Last Action Status: FALSE
Communication Vectors: 
Commvector Blue Agent 0 Message: [0, 0, 0, 0, 0, 0, 0, 1]
Commvector Blue Agent 1 Message: [0, 0, 0, 0, 0, 0, 0, 0]
Commvector Blue Agent 2 Message: [0, 0, 0, 0, 0, 0, 0, 1]
Commvector Blue Agent 3 Message: [0, 0, 0, 0, 0, 0, 0, 0]

 Suspicious Activity Detected: None",BlockTrafficZone,subnet:public_access_zone,To ensure ongoing protection since the last attempt to block traffic was unsuccessful.
"# OBSERVATION

Mission Phase: 2
Last Action : Remove host:public_access_zone_subnet_user_host_2
Last Action Status: TRUE
Communication Vectors: 
Commvector Blue Agent 0 Message: [0, 0, 0, 0, 0, 0, 0, 0]
Commvector Blue Agent 1 Message: [0, 0, 0, 0, 0, 0, 0, 1]
Commvector Blue Agent 2 Message: [0, 0, 0, 0, 0, 0, 0, 0]
Commvector Blue Agent 3 Message: [0, 0, 0, 0, 0, 0, 0, 1]

 Suspicious Activity Detected: None",BlockTrafficZone,subnet:public_access_zone,Prevent potential unauthorized access since no suspicious activity is detected but to ensure network integrity.
"# OBSERVATION

Mission Phase: 2
Last Action : Remove host:public_access_zone_subnet_user_host_2
Last Action Status: IN_PROGRESS
Communication Vectors: 
Commvector Blue Agent 0 Message: [0, 0, 0, 0, 0, 0, 0, 0]
Commvector Blue Agent 1 Message: [0, 0, 0, 0, 0, 0, 0, 0]
Commvector Blue Agent 2 Message: [0, 0, 0, 0, 0, 0, 0, 1]
Commvector Blue Agent 3 Message: [0, 0, 0, 0, 0, 0, 0, 0]

Suspicious Activity Detected:
- Hostname: public_access_zone_subnet_server_host_2 | IP: 10.0.182.25 | INFO: Connection to 10.0.99.252 | INFO: Connection to 10.0.99.252",Remove,host:public_access_zone_subnet_user_host_2,"The last action is still in progress, indicating ongoing mitigation of a potential compromise."
"# OBSERVATION

Mission Phase: 2
Last Action : BlockTrafficZone subnet:public_access_zone
Last Action Status: FALSE
Communication Vectors: 
Commvector Blue Agent 0 Message: [1, 0, 0, 0, 0, 1, 0, 0]
Commvector Blue Agent 1 Message: [0, 0, 0, 0, 0, 0, 0, 0]
Commvector Blue Agent 2 Message: [0, 0, 0, 0, 0, 0, 0, 0]
Commvector Blue Agent 3 Message: [0, 0, 0, 0, 0, 0, 0, 1]

Suspicious Activity Detected:
- Hostname: public_access_zone_subnet_user_host_2 | IP: 10.0.99.144",Remove,host:public_access_zone_subnet_user_host_2,"A red agent has been detected on the host, indicating a user-level compromise."
"# OBSERVATION

Mission Phase: 2
Last Action : BlockTrafficZone subnet:public_access_zone
Last Action Status: FALSE
Communication Vectors: 
Commvector Blue Agent 0 Message: [1, 0, 0, 0, 0, 1, 0, 0]
Commvector Blue Agent 1 Message: [0, 0, 0, 0, 0, 0, 0, 0]
Commvector Blue Agent 2 Message: [0, 0, 0, 0, 0, 0, 0, 1]
Commvector Blue Agent 3 Message: [0, 0, 0, 0, 0, 0, 0, 0]

 Suspicious Activity Detected: None",BlockTrafficZone,subnet:public_access_zone,"The last action to block the zone was unsuccessful, necessitating immediate reattempt to secure the network."
"# OBSERVATION

Mission Phase: 2
Last Action : BlockTrafficZone subnet:public_access_zone
Last Action Status: FALSE
Communication Vectors: 
Commvector Blue Agent 0 Message: [1, 0, 0, 0, 0, 1, 0, 0]
Commvector Blue Agent 1 Message: [0, 0, 0, 0, 0, 0, 0, 1]
Commvector Blue Agent 2 Message: [0, 0, 0, 0, 0, 0, 0, 0]
Commvector Blue Agent 3 Message: [0, 0, 0, 0, 0, 0, 0, 0]

 Suspicious Activity Detected: None",BlockTrafficZone,subnet:public_access_zone,The zone is still accessible and red activity is detected in the network.
"# OBSERVATION

Mission Phase: 2
Last Action : BlockTrafficZone subnet:public_access_zone
Last Action Status: FALSE
Communication Vectors: 
Commvector Blue Agent 0 Message: [0, 0, 0, 0, 0, 0, 0, 0]
Commvector Blue Agent 1 Message: [0, 0, 0, 0, 0, 0, 0, 0]
Commvector Blue Agent 2 Message: [0, 0, 0, 0, 0, 0, 0, 1]
Commvector Blue Agent 3 Message: [0, 0, 0, 0, 0, 0, 0, 0]

 Suspicious Activity Detected: None",BlockTrafficZone,subnet:public_access_zone,"Since the last action to block the zone was unsuccessful, it is essential to ensure the zone is secured by blocking it again."
"# OBSERVATION

Mission Phase: 2
Last Action : AllowTrafficZone subnet:public_access_zone
Last Action Status: FALSE
Communication Vectors: 
Commvector Blue Agent 0 Message: [0, 0, 0, 0, 0, 0, 0, 1]
Commvector Blue Agent 1 Message: [0, 0, 0, 0, 0, 0, 0, 0]
Commvector Blue Agent 2 Message: [0, 0, 0, 0, 0, 0, 0, 0]
Commvector Blue Agent 3 Message: [0, 0, 0, 0, 0, 0, 0, 1]

 Suspicious Activity Detected: None",BlockTrafficZone,subnet:public_access_zone,"The last action to allow traffic was unsuccessful, indicating a need to secure the zone."
"# OBSERVATION

Mission Phase: 2
Last Action : Remove host:admin_network_subnet_server_host_1
Last Action Status: TRUE
Communication Vectors: 
Commvector Blue Agent 0 Message: [0, 0, 0, 0, 0, 0, 0, 0]
Commvector Blue Agent 1 Message: [0, 0, 0, 0, 0, 0, 0, 1]
Commvector Blue Agent 2 Message: [0, 0, 0, 0, 0, 0, 0, 0]
Commvector Blue Agent 3 Message: [0, 0, 0, 0, 0, 0, 0, 0]

 Suspicious Activity Detected: None",AllowTrafficZone,subnet:public_access_zone,The current mission phase requires maintaining connectivity and the traffic zone is currently blocked.
"# OBSERVATION

Mission Phase: 2
Last Action : Remove host:admin_network_subnet_server_host_1
Last Action Status: IN_PROGRESS
Communication Vectors: 
Commvector Blue Agent 0 Message: [0, 0, 0, 0, 0, 0, 0, 0]
Commvector Blue Agent 1 Message: [0, 0, 0, 0, 0, 0, 0, 0]
Commvector Blue Agent 2 Message: [0, 0, 0, 0, 0, 0, 0, 1]
Commvector Blue Agent 3 Message: [0, 0, 0, 0, 0, 0, 0, 1]

 Suspicious Activity Detected: None",Remove,host:admin_network_subnet_server_host_1,Continuing the removal of potentially malicious processes as the last action is still in progress.
"# OBSERVATION

Mission Phase: 2
Last Action : Analyse host:admin_network_subnet_server_host_1
Last Action Status: IN_PROGRESS
Communication Vectors: 
Commvector Blue Agent 0 Message: [1, 0, 0, 0, 0, 1, 0, 0]
Commvector Blue Agent 1 Message: [0, 0, 0, 0, 0, 0, 0, 1]
Commvector Blue Agent 2 Message: [0, 0, 0, 0, 0, 0, 0, 1]
Commvector Blue Agent 3 Message: [0, 0, 0, 0, 0, 0, 0, 0]

 Suspicious Activity Detected: None",Remove,host:admin_network_subnet_server_host_1,Last action detected a user-level compromise on the host.
"# OBSERVATION

Mission Phase: 2
Last Action : Analyse host:admin_network_subnet_server_host_1
Last Action Status: IN_PROGRESS
Communication Vectors: 
Commvector Blue Agent 0 Message: [0, 0, 0, 0, 0, 0, 0, 0]
Commvector Blue Agent 1 Message: [0, 0, 0, 0, 0, 0, 0, 0]
Commvector Blue Agent 2 Message: [0, 0, 0, 0, 0, 0, 0, 0]
Commvector Blue Agent 3 Message: [0, 0, 0, 0, 0, 0, 0, 1]

 Suspicious Activity Detected: None",Analyse,host:admin_network_subnet_server_host_1,Continuing the analysis on the host to determine if there is any suspicious activity as the previous action is still in progress.
"# OBSERVATION

Mission Phase: 2
Last Action : Analyse host:admin_network_subnet_server_host_1
Last Action Status: IN_PROGRESS
Communication Vectors: 
Commvector Blue Agent 0 Message: [0, 0, 0, 0, 0, 0, 0, 0]
Commvector Blue Agent 1 Message: [0, 0, 0, 0, 0, 0, 0, 1]
Commvector Blue Agent 2 Message: [0, 0, 0, 0, 0, 0, 0, 1]
Commvector Blue Agent 3 Message: [0, 0, 0, 0, 0, 0, 0, 0]

 Suspicious Activity Detected: None",Analyse,host:admin_network_subnet_server_host_1,"The analysis is currently in progress, and monitoring is crucial to identify any potential threats."
"# OBSERVATION

Mission Phase: 2
Last Action : Analyse host:admin_network_subnet_server_host_1
Last Action Status: IN_PROGRESS
Communication Vectors: 
Commvector Blue Agent 0 Message: [0, 0, 0, 0, 0, 0, 0, 0]
Commvector Blue Agent 1 Message: [0, 0, 0, 0, 0, 0, 0, 0]
Commvector Blue Agent 2 Message: [0, 0, 0, 0, 0, 0, 0, 0]
Commvector Blue Agent 3 Message: [0, 0, 0, 0, 0, 0, 0, 0]

 Suspicious Activity Detected: None",Analyse,host:admin_network_subnet_server_host_1,Continuing to monitor the host as the previous analysis is still in progress.
"# OBSERVATION

Mission Phase: 2
Last Action : Analyse host:admin_network_subnet_server_host_1
Last Action Status: IN_PROGRESS
Communication Vectors: 
Commvector Blue Agent 0 Message: [1, 0, 0, 0, 0, 1, 0, 0]
Commvector Blue Agent 1 Message: [0, 0, 0, 0, 0, 0, 0, 0]
Commvector Blue Agent 2 Message: [0, 0, 0, 0, 0, 0, 0, 1]
Commvector Blue Agent 3 Message: [0, 0, 0, 0, 0, 0, 0, 0]

 Suspicious Activity Detected: None",Analyse,host:admin_network_subnet_server_host_1,Continuing analysis on the host to gather more information since the last action is still in progress.
"# OBSERVATION

Mission Phase: 2
Last Action : Analyse host:admin_network_subnet_server_host_1
Last Action Status: IN_PROGRESS
Communication Vectors: 
Commvector Blue Agent 0 Message: [0, 0, 0, 0, 0, 0, 0, 0]
Commvector Blue Agent 1 Message: [0, 0, 0, 0, 0, 0, 0, 1]
Commvector Blue Agent 2 Message: [0, 0, 0, 0, 0, 0, 0, 0]
Commvector Blue Agent 3 Message: [0, 0, 0, 0, 0, 0, 0, 0]

 Suspicious Activity Detected: None",Analyse,host:admin_network_subnet_server_host_1,"The last action is still in progress, indicating ongoing analysis of the host for suspicious activity."
"# OBSERVATION

Mission Phase: 2
Last Action : Analyse host:admin_network_subnet_server_host_1
Last Action Status: IN_PROGRESS
Communication Vectors: 
Commvector Blue Agent 0 Message: [0, 0, 0, 0, 0, 0, 0, 1]
Commvector Blue Agent 1 Message: [0, 0, 0, 0, 0, 0, 0, 0]
Commvector Blue Agent 2 Message: [0, 0, 0, 0, 0, 0, 0, 1]
Commvector Blue Agent 3 Message: [0, 0, 0, 0, 0, 0, 0, 0]

 Suspicious Activity Detected: None",Analyse,host:admin_network_subnet_server_host_1,Continuing analysis to gather more information as the last action is still in progress and no immediate suspicious activity is detected.
"# OBSERVATION

Mission Phase: 2
Last Action : Analyse host:admin_network_subnet_server_host_1
Last Action Status: IN_PROGRESS
Communication Vectors: 
Commvector Blue Agent 0 Message: [0, 0, 0, 0, 0, 0, 0, 0]
Commvector Blue Agent 1 Message: [0, 1, 0, 0, 0, 1, 0, 1]
Commvector Blue Agent 2 Message: [0, 0, 0, 0, 0, 0, 0, 0]
Commvector Blue Agent 3 Message: [0, 0, 0, 0, 0, 0, 0, 0]

 Suspicious Activity Detected: None",Analyse,host:admin_network_subnet_server_host_1,"The last action is still in progress, continuing to analyze for suspicious activity is essential."
"# OBSERVATION

Mission Phase: 2
Last Action : Analyse host:public_access_zone_subnet_server_host_2
Last Action Status: IN_PROGRESS
Communication Vectors: 
Commvector Blue Agent 0 Message: [0, 0, 0, 0, 0, 0, 0, 0]
Commvector Blue Agent 1 Message: [0, 0, 0, 0, 0, 0, 0, 0]
Commvector Blue Agent 2 Message: [0, 0, 0, 0, 0, 0, 0, 1]
Commvector Blue Agent 3 Message: [0, 0, 0, 0, 0, 0, 0, 0]

Suspicious Activity Detected:
- Hostname: admin_network_subnet_server_host_1 | IP: 10.0.22.151 | INFO: Connection to 10.0.232.253 | INFO: Connection to 10.0.232.253",Analyse,host:admin_network_subnet_server_host_1,Suspicious connections detected on the host which may indicate potential red activity.
"# OBSERVATION

Mission Phase: 2
Last Action : Analyse host:public_access_zone_subnet_server_host_2
Last Action Status: IN_PROGRESS
Communication Vectors: 
Commvector Blue Agent 0 Message: [0, 0, 0, 0, 0, 0, 0, 0]
Commvector Blue Agent 1 Message: [0, 0, 0, 0, 0, 0, 0, 1]
Commvector Blue Agent 2 Message: [0, 0, 0, 0, 0, 0, 0, 0]
Commvector Blue Agent 3 Message: [0, 0, 0, 0, 0, 0, 0, 0]

 Suspicious Activity Detected: None",Analyse,host:public_access_zone_subnet_server_host_2,"The analysis action is still in progress, which indicates an ongoing effort to assess potential threats."
"# OBSERVATION

Mission Phase: 2
Last Action : Analyse host:public_access_zone_subnet_server_host_2
Last Action Status: IN_PROGRESS
Communication Vectors: 
Commvector Blue Agent 0 Message: [0, 0, 0, 0, 0, 0, 0, 0]
Commvector Blue Agent 1 Message: [0, 0, 0, 0, 0, 0, 0, 0]
Commvector Blue Agent 2 Message: [0, 0, 0, 0, 0, 0, 0, 1]
Commvector Blue Agent 3 Message: [0, 0, 0, 0, 0, 0, 0, 1]

 Suspicious Activity Detected: None",Analyse,host:public_access_zone_subnet_server_host_2,Continuing to analyze the host as the last action is still in progress.
"# OBSERVATION

Mission Phase: 2
Last Action : Analyse host:public_access_zone_subnet_server_host_2
Last Action Status: IN_PROGRESS
Communication Vectors: 
Commvector Blue Agent 0 Message: [0, 0, 0, 0, 0, 0, 0, 1]
Commvector Blue Agent 1 Message: [0, 0, 0, 0, 0, 0, 0, 0]
Commvector Blue Agent 2 Message: [0, 0, 0, 0, 0, 0, 0, 0]
Commvector Blue Agent 3 Message: [0, 0, 0, 0, 0, 0, 0, 0]

 Suspicious Activity Detected: None",Analyse,host:public_access_zone_subnet_server_host_2,Continuing analysis since the last action is still in progress.
"# OBSERVATION

Mission Phase: 2
Last Action : Analyse host:public_access_zone_subnet_server_host_2
Last Action Status: IN_PROGRESS
Communication Vectors: 
Commvector Blue Agent 0 Message: [0, 0, 0, 0, 0, 0, 0, 0]
Commvector Blue Agent 1 Message: [0, 0, 0, 0, 0, 0, 0, 1]
Commvector Blue Agent 2 Message: [0, 0, 0, 0, 0, 0, 0, 0]
Commvector Blue Agent 3 Message: [0, 0, 0, 0, 0, 0, 0, 1]

 Suspicious Activity Detected: None",Analyse,host:public_access_zone_subnet_server_host_2,Continuing analysis on the host to determine the presence of any malicious activity.
"# OBSERVATION

Mission Phase: 2
Last Action : Analyse host:public_access_zone_subnet_server_host_2
Last Action Status: IN_PROGRESS
Communication Vectors: 
Commvector Blue Agent 0 Message: [1, 0, 0, 0, 0, 1, 0, 0]
Commvector Blue Agent 1 Message: [0, 0, 0, 0, 0, 0, 0, 1]
Commvector Blue Agent 2 Message: [0, 0, 0, 0, 0, 0, 0, 1]
Commvector Blue Agent 3 Message: [0, 0, 0, 1, 0, 1, 0, 0]

 Suspicious Activity Detected: None",Analyse,host:public_access_zone_subnet_server_host_2,"The previous action is still in progress, indicating ongoing analysis is needed."
"# OBSERVATION

Mission Phase: 2
Last Action : Analyse host:public_access_zone_subnet_server_host_2
Last Action Status: IN_PROGRESS
Communication Vectors: 
Commvector Blue Agent 0 Message: [0, 0, 0, 0, 0, 0, 0, 0]
Commvector Blue Agent 1 Message: [0, 0, 0, 0, 0, 0, 0, 0]
Commvector Blue Agent 2 Message: [0, 0, 0, 0, 0, 0, 0, 0]
Commvector Blue Agent 3 Message: [0, 0, 0, 0, 0, 0, 0, 1]

 Suspicious Activity Detected: None",Analyse,host:public_access_zone_subnet_server_host_2,The previous analysis action is still in progress and needs to be completed to assess any potential threats.
"# OBSERVATION

Mission Phase: 2
Last Action : BlockTrafficZone subnet:admin_network
Last Action Status: FALSE
Communication Vectors: 
Commvector Blue Agent 0 Message: [0, 0, 0, 0, 0, 0, 0, 0]
Commvector Blue Agent 1 Message: [0, 0, 0, 0, 0, 0, 0, 0]
Commvector Blue Agent 2 Message: [0, 0, 0, 0, 0, 0, 0, 1]
Commvector Blue Agent 3 Message: [0, 0, 0, 0, 0, 0, 0, 0]

Suspicious Activity Detected:
- Hostname: public_access_zone_subnet_server_host_2 | IP: 10.0.193.41 | INFO: Connection to 10.0.99.252 | INFO: Connection to 10.0.99.252",Analyse,host:public_access_zone_subnet_server_host_2,Connection activity detected may indicate potential malicious behavior.
"# OBSERVATION

Mission Phase: 2
Last Action : BlockTrafficZone subnet:admin_network
Last Action Status: FALSE
Communication Vectors: 
Commvector Blue Agent 0 Message: [1, 0, 0, 0, 0, 1, 0, 1]
Commvector Blue Agent 1 Message: [0, 0, 0, 0, 0, 0, 0, 1]
Commvector Blue Agent 2 Message: [0, 0, 0, 0, 0, 0, 0, 0]
Commvector Blue Agent 3 Message: [0, 0, 0, 0, 0, 0, 0, 0]

 Suspicious Activity Detected: None",BlockTrafficZone,subnet:admin_network,Continuing to isolate the compromised subnet to prevent further access by red agents.
"# OBSERVATION

Mission Phase: 2
Last Action : AllowTrafficZone subnet:admin_network
Last Action Status: FALSE
Communication Vectors: 
Commvector Blue Agent 0 Message: [0, 0, 0, 0, 0, 0, 0, 0]
Commvector Blue Agent 1 Message: [0, 0, 0, 0, 0, 0, 0, 0]
Commvector Blue Agent 2 Message: [0, 0, 0, 0, 0, 0, 0, 1]
Commvector Blue Agent 3 Message: [0, 0, 0, 0, 0, 0, 0, 1]

 Suspicious Activity Detected: None",BlockTrafficZone,subnet:admin_network,"The last action to allow traffic was unsuccessful, indicating a potential compromise in the admin network that needs to be addressed."
"# OBSERVATION

Mission Phase: 2
Last Action : AllowTrafficZone subnet:admin_network
Last Action Status: FALSE
Communication Vectors: 
Commvector Blue Agent 0 Message: [0, 0, 0, 0, 0, 0, 0, 0]
Commvector Blue Agent 1 Message: [0, 0, 0, 0, 0, 0, 0, 0]
Commvector Blue Agent 2 Message: [0, 0, 0, 0, 0, 0, 0, 0]
Commvector Blue Agent 3 Message: [0, 0, 0, 0, 0, 0, 0, 0]

 Suspicious Activity Detected: None",AllowTrafficZone,subnet:admin_network,Traffic should be allowed to the admin network for operational needs.
"# OBSERVATION

Mission Phase: 2
Last Action : AllowTrafficZone subnet:admin_network
Last Action Status: FALSE
Communication Vectors: 
Commvector Blue Agent 0 Message: [0, 0, 0, 0, 0, 0, 0, 0]
Commvector Blue Agent 1 Message: [0, 0, 0, 0, 0, 0, 0, 1]
Commvector Blue Agent 2 Message: [0, 0, 0, 0, 0, 0, 0, 1]
Commvector Blue Agent 3 Message: [0, 0, 0, 0, 0, 0, 0, 1]

 Suspicious Activity Detected: None",AllowTrafficZone,subnet:admin_network,The zone is currently blocked and needs to allow traffic for operational integrity.
"# OBSERVATION

Mission Phase: 2
Last Action : BlockTrafficZone subnet:admin_network
Last Action Status: FALSE
Communication Vectors: 
Commvector Blue Agent 0 Message: [0, 0, 0, 0, 0, 0, 0, 0]
Commvector Blue Agent 1 Message: [0, 0, 0, 0, 0, 0, 0, 0]
Commvector Blue Agent 2 Message: [0, 0, 0, 0, 0, 0, 0, 1]
Commvector Blue Agent 3 Message: [0, 0, 0, 0, 0, 0, 0, 0]

 Suspicious Activity Detected: None",AllowTrafficZone,subnet:admin_network,"The last action to block traffic in the admin network was unsuccessful, indicating the zone may still allow traffic."
"# OBSERVATION

Mission Phase: 2
Last Action : BlockTrafficZone subnet:admin_network
Last Action Status: FALSE
Communication Vectors: 
Commvector Blue Agent 0 Message: [0, 0, 0, 0, 0, 0, 0, 0]
Commvector Blue Agent 1 Message: [0, 0, 0, 0, 0, 0, 0, 1]
Commvector Blue Agent 2 Message: [0, 0, 0, 0, 0, 0, 0, 0]
Commvector Blue Agent 3 Message: [0, 0, 0, 0, 0, 0, 0, 1]

Suspicious Activity Detected:
- Hostname: public_access_zone_subnet_server_host_1 | IP: 10.0.182.38 | INFO: Connection to 10.0.99.253 | INFO: Connection to 10.0.99.253",BlockTrafficZone,subnet:admin_network,To enforce a more secure state following the previous unsuccessful attempt to block traffic in the admin network.
"# OBSERVATION

Mission Phase: 2
Last Action : BlockTrafficZone subnet:admin_network
Last Action Status: FALSE
Communication Vectors: 
Commvector Blue Agent 0 Message: [0, 0, 0, 0, 0, 0, 0, 0]
Commvector Blue Agent 1 Message: [0, 0, 0, 0, 0, 0, 0, 0]
Commvector Blue Agent 2 Message: [0, 0, 0, 0, 0, 0, 0, 0]
Commvector Blue Agent 3 Message: [0, 0, 0, 0, 0, 0, 0, 0]

 Suspicious Activity Detected: None",BlockTrafficZone,subnet:admin_network,Maintaining security by ensuring the admin network remains blocked.
"# OBSERVATION

Mission Phase: 2
Last Action : Remove host:admin_network_subnet_server_host_2
Last Action Status: TRUE
Communication Vectors: 
Commvector Blue Agent 0 Message: [0, 0, 0, 0, 0, 0, 0, 0]
Commvector Blue Agent 1 Message: [0, 0, 0, 0, 0, 0, 0, 0]
Commvector Blue Agent 2 Message: [0, 0, 0, 0, 0, 0, 0, 1]
Commvector Blue Agent 3 Message: [0, 0, 0, 0, 0, 0, 0, 0]

 Suspicious Activity Detected: None",BlockTrafficZone,subnet:admin_network,To prevent potential future access by red agents during an active mission phase.
"# OBSERVATION

Mission Phase: 2
Last Action : Remove host:admin_network_subnet_server_host_2
Last Action Status: IN_PROGRESS
Communication Vectors: 
Commvector Blue Agent 0 Message: [0, 0, 0, 0, 0, 0, 0, 0]
Commvector Blue Agent 1 Message: [0, 0, 0, 0, 0, 0, 0, 0]
Commvector Blue Agent 2 Message: [0, 0, 0, 0, 0, 0, 0, 0]
Commvector Blue Agent 3 Message: [0, 0, 0, 0, 0, 0, 0, 0]

 Suspicious Activity Detected: None",Remove,host:admin_network_subnet_server_host_2,"The last action is still in progress, indicating ongoing mitigation against potential threats."
"# OBSERVATION

Mission Phase: 2
Last Action : Analyse host:admin_network_subnet_server_host_2
Last Action Status: IN_PROGRESS
Communication Vectors: 
Commvector Blue Agent 0 Message: [1, 0, 0, 0, 0, 1, 0, 1]
Commvector Blue Agent 1 Message: [0, 0, 0, 0, 0, 0, 0, 0]
Commvector Blue Agent 2 Message: [0, 0, 0, 0, 0, 0, 0, 0]
Commvector Blue Agent 3 Message: [0, 0, 0, 0, 0, 0, 0, 0]

 Suspicious Activity Detected: None",Remove,host:admin_network_subnet_server_host_2,"A red agent has been detected on the host, indicating a user-level compromise."
"# OBSERVATION

Mission Phase: 2
Last Action : Analyse host:admin_network_subnet_server_host_2
Last Action Status: IN_PROGRESS
Communication Vectors: 
Commvector Blue Agent 0 Message: [0, 0, 0, 0, 0, 0, 0, 0]
Commvector Blue Agent 1 Message: [0, 0, 0, 0, 0, 0, 0, 0]
Commvector Blue Agent 2 Message: [0, 0, 0, 0, 0, 0, 0, 1]
Commvector Blue Agent 3 Message: [0, 0, 0, 0, 0, 0, 0, 1]

 Suspicious Activity Detected: None",Analyse,host:admin_network_subnet_server_host_2,"The ongoing analysis may provide insights into potential threats or compromised states, although no suspicious activity has been detected yet."
"# OBSERVATION

Mission Phase: 2
Last Action : Analyse host:admin_network_subnet_server_host_2
Last Action Status: IN_PROGRESS
Communication Vectors: 
Commvector Blue Agent 0 Message: [0, 0, 0, 0, 0, 0, 0, 0]
Commvector Blue Agent 1 Message: [0, 0, 0, 0, 0, 0, 0, 0]
Commvector Blue Agent 2 Message: [0, 0, 0, 0, 0, 0, 0, 0]
Commvector Blue Agent 3 Message: [0, 0, 0, 0, 0, 0, 0, 0]

 Suspicious Activity Detected: None",Analyse,host:admin_network_subnet_server_host_2,Continuing the analysis of the host as the last action is still in progress and no suspicious activity has been confirmed.
"# OBSERVATION

Mission Phase: 2
Last Action : Analyse host:public_access_zone_subnet_server_host_1
Last Action Status: IN_PROGRESS
Communication Vectors: 
Commvector Blue Agent 0 Message: [0, 0, 0, 0, 0, 0, 0, 0]
Commvector Blue Agent 1 Message: [0, 0, 0, 0, 0, 0, 0, 1]
Commvector Blue Agent 2 Message: [0, 0, 0, 0, 0, 0, 0, 1]
Commvector Blue Agent 3 Message: [0, 0, 0, 0, 0, 0, 0, 1]

Suspicious Activity Detected:
- Hostname: admin_network_subnet_server_host_2 | IP: 10.0.232.105 | INFO: Connection to 10.0.232.252 | INFO: Connection to 10.0.232.252",Analyse,host:admin_network_subnet_server_host_2,Suspicious connections detected indicating possible red activity.
"# OBSERVATION

Mission Phase: 2
Last Action : Analyse host:public_access_zone_subnet_server_host_1
Last Action Status: IN_PROGRESS
Communication Vectors: 
Commvector Blue Agent 0 Message: [0, 0, 0, 0, 0, 0, 0, 0]
Commvector Blue Agent 1 Message: [0, 0, 0, 0, 0, 0, 0, 0]
Commvector Blue Agent 2 Message: [0, 0, 0, 0, 0, 0, 0, 0]
Commvector Blue Agent 3 Message: [0, 0, 0, 0, 0, 0, 0, 0]

 Suspicious Activity Detected: None",Analyse,host:public_access_zone_subnet_server_host_1,Continuing the analysis to ensure thorough investigation since the last action is in progress.
"# OBSERVATION

Mission Phase: 2
Last Action : Analyse host:public_access_zone_subnet_server_host_1
Last Action Status: IN_PROGRESS
Communication Vectors: 
Commvector Blue Agent 0 Message: [0, 0, 0, 0, 0, 0, 0, 0]
Commvector Blue Agent 1 Message: [0, 0, 0, 0, 0, 0, 0, 0]
Commvector Blue Agent 2 Message: [0, 0, 0, 0, 0, 0, 0, 1]
Commvector Blue Agent 3 Message: [0, 0, 0, 0, 0, 0, 0, 0]

 Suspicious Activity Detected: None",Analyse,host:public_access_zone_subnet_server_host_1,"Continuing the analysis on the host to gather more information, as the last action is still in progress."
"# OBSERVATION

Mission Phase: 2
Last Action : Analyse host:public_access_zone_subnet_server_host_1
Last Action Status: IN_PROGRESS
Communication Vectors: 
Commvector Blue Agent 0 Message: [0, 0, 0, 0, 0, 0, 0, 0]
Commvector Blue Agent 1 Message: [0, 0, 0, 0, 0, 0, 0, 1]
Commvector Blue Agent 2 Message: [0, 0, 0, 0, 0, 0, 0, 1]
Commvector Blue Agent 3 Message: [0, 0, 0, 0, 0, 0, 0, 1]

 Suspicious Activity Detected: None",Analyse,host:public_access_zone_subnet_server_host_1,"The analysis is still in progress, and further monitoring is required to confirm any potential malicious activity."
"# OBSERVATION

Mission Phase: 2
Last Action : Analyse host:public_access_zone_subnet_server_host_1
Last Action Status: IN_PROGRESS
Communication Vectors: 
Commvector Blue Agent 0 Message: [0, 0, 0, 0, 0, 0, 0, 0]
Commvector Blue Agent 1 Message: [0, 0, 0, 0, 0, 0, 0, 0]
Commvector Blue Agent 2 Message: [0, 0, 0, 0, 0, 0, 0, 0]
Commvector Blue Agent 3 Message: [0, 0, 0, 0, 0, 0, 0, 0]

 Suspicious Activity Detected: None",Analyse,host:public_access_zone_subnet_server_host_1,"The last analysis action is still in progress, therefore it is essential to wait for its completion before taking further actions."
"# OBSERVATION

Mission Phase: 2
Last Action : BlockTrafficZone subnet:office_network
Last Action Status: FALSE
Communication Vectors: 
Commvector Blue Agent 0 Message: [0, 0, 0, 0, 0, 0, 0, 0]
Commvector Blue Agent 1 Message: [0, 0, 0, 0, 0, 0, 0, 0]
Commvector Blue Agent 2 Message: [0, 0, 0, 0, 0, 0, 0, 1]
Commvector Blue Agent 3 Message: [0, 0, 0, 0, 0, 0, 0, 0]

Suspicious Activity Detected:
- Hostname: public_access_zone_subnet_server_host_1 | IP: 10.0.182.156 | INFO: Connection to 10.0.99.253 | INFO: Connection to 10.0.99.253",Analyse,host:public_access_zone_subnet_server_host_1,Suspicious connection activity detected on the host.
"# OBSERVATION

Mission Phase: 2
Last Action : AllowTrafficZone subnet:office_network
Last Action Status: FALSE
Communication Vectors: 
Commvector Blue Agent 0 Message: [0, 0, 0, 0, 0, 0, 0, 0]
Commvector Blue Agent 1 Message: [0, 0, 0, 0, 0, 0, 0, 0]
Commvector Blue Agent 2 Message: [0, 0, 0, 0, 0, 0, 0, 0]
Commvector Blue Agent 3 Message: [0, 0, 0, 0, 0, 0, 0, 1]

 Suspicious Activity Detected: None",BlockTrafficZone,subnet:office_network,"The last action to allow traffic was unsuccessful, indicating a need to secure the zone during the mission phase."
"# OBSERVATION

Mission Phase: 2
Last Action : BlockTrafficZone subnet:office_network
Last Action Status: FALSE
Communication Vectors: 
Commvector Blue Agent 0 Message: [0, 0, 0, 0, 0, 0, 0, 0]
Commvector Blue Agent 1 Message: [0, 0, 0, 0, 0, 0, 0, 1]
Commvector Blue Agent 2 Message: [0, 0, 0, 0, 0, 0, 0, 1]
Commvector Blue Agent 3 Message: [0, 0, 0, 0, 0, 0, 0, 0]

 Suspicious Activity Detected: None",AllowTrafficZone,subnet:office_network,"The zone was previously blocked, and the last action to block it was unsuccessful, allowing restoration of normal operations."
"# OBSERVATION

Mission Phase: 2
Last Action : AllowTrafficZone subnet:office_network
Last Action Status: FALSE
Communication Vectors: 
Commvector Blue Agent 0 Message: [0, 0, 0, 0, 0, 0, 0, 0]
Commvector Blue Agent 1 Message: [0, 0, 0, 0, 0, 0, 0, 0]
Commvector Blue Agent 2 Message: [0, 0, 0, 0, 0, 0, 0, 0]
Commvector Blue Agent 3 Message: [0, 0, 0, 0, 0, 0, 0, 0]

 Suspicious Activity Detected: None",BlockTrafficZone,subnet:office_network,"The last action to allow traffic was unsuccessful, indicating potential security concerns in the office network."
"# OBSERVATION

Mission Phase: 2
Last Action : AllowTrafficZone subnet:office_network
Last Action Status: FALSE
Communication Vectors: 
Commvector Blue Agent 0 Message: [0, 0, 0, 0, 0, 0, 0, 0]
Commvector Blue Agent 1 Message: [0, 0, 0, 0, 0, 0, 0, 1]
Commvector Blue Agent 2 Message: [0, 0, 0, 0, 0, 0, 0, 1]
Commvector Blue Agent 3 Message: [0, 0, 0, 0, 0, 0, 0, 0]

 Suspicious Activity Detected: None",AllowTrafficZone,subnet:office_network,"Attempting to adjust traffic flow to facilitate normal operations, but the previous action indicated the zone is already allowed."
"# OBSERVATION

Mission Phase: 2
Last Action : Analyse host:office_network_subnet_user_host_3
Last Action Status: IN_PROGRESS
Communication Vectors: 
Commvector Blue Agent 0 Message: [0, 0, 0, 0, 0, 0, 0, 0]
Commvector Blue Agent 1 Message: [0, 0, 0, 0, 0, 0, 0, 0]
Commvector Blue Agent 2 Message: [0, 0, 0, 0, 0, 0, 0, 0]
Commvector Blue Agent 3 Message: [0, 0, 0, 0, 0, 0, 0, 1]

 Suspicious Activity Detected: None",AllowTrafficZone,subnet:office_network,"The current action is in progress and there are no detected threats, allowing traffic can enhance connectivity."
"# OBSERVATION

Mission Phase: 2
Last Action : Remove host:public_access_zone
Last Action Status: FALSE
Communication Vectors: 
Commvector Blue Agent 0 Message: [0, 0, 0, 0, 0, 0, 0, 0]
Commvector Blue Agent 1 Message: [0, 0, 0, 0, 0, 0, 0, 1]
Commvector Blue Agent 2 Message: [0, 0, 0, 0, 0, 0, 0, 1]
Commvector Blue Agent 3 Message: [0, 0, 0, 0, 0, 0, 0, 0]

Suspicious Activity Detected:
- Hostname: office_network_subnet_user_host_3 | IP: 10.0.50.156",Analyse,host:office_network_subnet_user_host_3,Suspicious activity detected on host indicating potential red agent presence.
"# OBSERVATION

Mission Phase: 2
Last Action : AllowTrafficZone subnet:admin_network
Last Action Status: FALSE
Communication Vectors: 
Commvector Blue Agent 0 Message: [1, 0, 0, 0, 0, 1, 0, 0]
Commvector Blue Agent 1 Message: [0, 0, 0, 0, 0, 0, 0, 1]
Commvector Blue Agent 2 Message: [0, 0, 1, 0, 0, 1, 0, 0]
Commvector Blue Agent 3 Message: [0, 0, 0, 0, 0, 0, 0, 1]

 Suspicious Activity Detected: None",Remove,host:public_access_zone,"Malicious action detected in the public access zone, suggesting a compromise that needs immediate remediation."
"# OBSERVATION

Mission Phase: 2
Last Action : AllowTrafficZone subnet:admin_network
Last Action Status: FALSE
Communication Vectors: 
Commvector Blue Agent 0 Message: [0, 0, 0, 0, 0, 0, 0, 0]
Commvector Blue Agent 1 Message: [0, 0, 0, 0, 0, 0, 0, 0]
Commvector Blue Agent 2 Message: [0, 0, 0, 0, 0, 0, 0, 1]
Commvector Blue Agent 3 Message: [0, 0, 0, 0, 0, 0, 0, 0]

 Suspicious Activity Detected: None",AllowTrafficZone,subnet:admin_network,Previous attempt to allow traffic to this zone was unsuccessful.
"# OBSERVATION

Mission Phase: 2
Last Action : Analyse host:admin_network_subnet_server_host_1
Last Action Status: IN_PROGRESS
Communication Vectors: 
Commvector Blue Agent 0 Message: [0, 0, 0, 0, 0, 0, 0, 1]
Commvector Blue Agent 1 Message: [0, 0, 0, 0, 0, 0, 0, 0]
Commvector Blue Agent 2 Message: [0, 0, 0, 0, 0, 0, 0, 0]
Commvector Blue Agent 3 Message: [0, 0, 0, 0, 0, 0, 0, 1]

 Suspicious Activity Detected: None",AllowTrafficZone,subnet:admin_network,"No suspicious activity detected, and the action allows for normal operations in the admin zone."
"# OBSERVATION

Mission Phase: 2
Last Action : Analyse host:admin_network_subnet_server_host_1
Last Action Status: IN_PROGRESS
Communication Vectors: 
Commvector Blue Agent 0 Message: [0, 0, 0, 0, 0, 0, 0, 0]
Commvector Blue Agent 1 Message: [0, 0, 0, 0, 0, 0, 0, 0]
Commvector Blue Agent 2 Message: [0, 0, 0, 0, 0, 0, 0, 1]
Commvector Blue Agent 3 Message: [0, 0, 0, 0, 0, 0, 0, 0]

 Suspicious Activity Detected: None",Analyse,host:admin_network_subnet_server_host_1,The ongoing analysis is necessary to gather more information on any potential threats.
"# OBSERVATION

Mission Phase: 2
Last Action : AllowTrafficZone subnet:public_access_zone
Last Action Status: FALSE
Communication Vectors: 
Commvector Blue Agent 0 Message: [0, 0, 0, 0, 0, 0, 0, 0]
Commvector Blue Agent 1 Message: [0, 0, 0, 0, 0, 0, 0, 1]
Commvector Blue Agent 2 Message: [0, 0, 0, 0, 0, 0, 0, 0]
Commvector Blue Agent 3 Message: [0, 0, 0, 0, 0, 0, 0, 1]

Suspicious Activity Detected:
- Hostname: admin_network_subnet_server_host_1 | IP: 10.0.193.41 | INFO: Connection to 10.0.232.253 | INFO: Connection to 10.0.232.253",Analyse,host:admin_network_subnet_server_host_1,"Suspicious connections detected from the host, indicating potential red activity."
"# OBSERVATION

Mission Phase: 2
Last Action : AllowTrafficZone subnet:public_access_zone
Last Action Status: FALSE
Communication Vectors: 
Commvector Blue Agent 0 Message: [0, 0, 0, 0, 0, 0, 0, 0]
Commvector Blue Agent 1 Message: [0, 0, 0, 0, 0, 0, 0, 0]
Commvector Blue Agent 2 Message: [0, 0, 0, 0, 0, 0, 0, 1]
Commvector Blue Agent 3 Message: [0, 0, 0, 0, 0, 0, 0, 0]

 Suspicious Activity Detected: None",AllowTrafficZone,subnet:public_access_zone,"Traffic to the public access zone is currently blocked, and this is important for maintaining operational connectivity."
"# OBSERVATION

Mission Phase: 2
Last Action : DeployDecoy host:public_access_zone_subnet_server_host_0
Last Action Status: IN_PROGRESS
Communication Vectors: 
Commvector Blue Agent 0 Message: [0, 0, 0, 0, 0, 0, 0, 0]
Commvector Blue Agent 1 Message: [0, 0, 0, 0, 0, 0, 0, 1]
Commvector Blue Agent 2 Message: [0, 0, 0, 0, 0, 0, 0, 0]
Commvector Blue Agent 3 Message: [0, 0, 0, 0, 0, 0, 0, 0]

 Suspicious Activity Detected: None",AllowTrafficZone,subnet:public_access_zone,Ensuring network connectivity during mission phase as no suspicious activity is detected.
"# OBSERVATION

Mission Phase: 2
Last Action : DeployDecoy host:public_access_zone_subnet_server_host_0
Last Action Status: IN_PROGRESS
Communication Vectors: 
Commvector Blue Agent 0 Message: [0, 0, 0, 0, 0, 0, 0, 1]
Commvector Blue Agent 1 Message: [0, 0, 0, 0, 0, 0, 0, 1]
Commvector Blue Agent 2 Message: [0, 0, 0, 0, 0, 0, 0, 1]
Commvector Blue Agent 3 Message: [0, 0, 0, 0, 0, 0, 0, 0]

 Suspicious Activity Detected: None",DeployDecoy,host:public_access_zone_subnet_server_host_0,Continuing the deployment of decoys to enhance detection capabilities.
"# OBSERVATION

Mission Phase: 2
Last Action : Analyse host:admin_network_subnet_user_host_2
Last Action Status: IN_PROGRESS
Communication Vectors: 
Commvector Blue Agent 0 Message: [0, 0, 0, 0, 0, 0, 0, 0]
Commvector Blue Agent 1 Message: [0, 0, 0, 0, 0, 0, 0, 0]
Commvector Blue Agent 2 Message: [0, 0, 0, 0, 0, 0, 0, 0]
Commvector Blue Agent 3 Message: [0, 0, 0, 0, 0, 0, 0, 0]

Suspicious Activity Detected:
- Hostname: public_access_zone_subnet_server_host_0 | IP: 10.0.193.71 | INFO: Connection to 10.0.99.254 | INFO: Connection to 10.0.99.254",DeployDecoy,host:public_access_zone_subnet_server_host_0,To detect any potential red activity due to suspicious connections observed.
"# OBSERVATION

Mission Phase: 2
Last Action : Analyse host:admin_network_subnet_user_host_2
Last Action Status: IN_PROGRESS
Communication Vectors: 
Commvector Blue Agent 0 Message: [0, 0, 0, 0, 0, 0, 0, 0]
Commvector Blue Agent 1 Message: [0, 0, 0, 0, 0, 0, 0, 0]
Commvector Blue Agent 2 Message: [0, 0, 0, 0, 0, 0, 0, 1]
Commvector Blue Agent 3 Message: [0, 0, 0, 0, 0, 0, 0, 0]

 Suspicious Activity Detected: None",Analyse,host:admin_network_subnet_user_host_2,Continuing to investigate the host since the analysis action is still in progress.
"# OBSERVATION

Mission Phase: 2
Last Action : Analyse host:admin_network_subnet_user_host_2
Last Action Status: IN_PROGRESS
Communication Vectors: 
Commvector Blue Agent 0 Message: [0, 0, 0, 0, 0, 0, 0, 0]
Commvector Blue Agent 1 Message: [0, 0, 0, 0, 0, 0, 0, 0]
Commvector Blue Agent 2 Message: [0, 0, 0, 0, 0, 0, 0, 0]
Commvector Blue Agent 3 Message: [0, 0, 0, 0, 0, 0, 0, 1]

 Suspicious Activity Detected: None",Analyse,host:admin_network_subnet_user_host_2,"The analysis of the host is still in progress, indicating a need for further investigation."
"# OBSERVATION

Mission Phase: 2
Last Action : Analyse host:admin_network_subnet_user_host_2
Last Action Status: IN_PROGRESS
Communication Vectors: 
Commvector Blue Agent 0 Message: [0, 0, 0, 0, 0, 0, 0, 0]
Commvector Blue Agent 1 Message: [0, 0, 0, 0, 0, 0, 0, 0]
Commvector Blue Agent 2 Message: [0, 0, 0, 0, 0, 0, 0, 1]
Commvector Blue Agent 3 Message: [0, 0, 0, 0, 0, 0, 0, 0]

 Suspicious Activity Detected: None",Analyse,host:admin_network_subnet_user_host_2,Continuing to gather information as the last action is still in progress and no immediate threats were detected.
"# OBSERVATION

Mission Phase: 2
Last Action : Analyse host:admin_network_subnet_user_host_2
Last Action Status: IN_PROGRESS
Communication Vectors: 
Commvector Blue Agent 0 Message: [0, 0, 0, 0, 0, 0, 0, 0]
Commvector Blue Agent 1 Message: [0, 0, 0, 0, 0, 0, 0, 0]
Commvector Blue Agent 2 Message: [0, 0, 0, 0, 0, 0, 0, 0]
Commvector Blue Agent 3 Message: [0, 0, 0, 0, 0, 0, 0, 0]

 Suspicious Activity Detected: None",Analyse,host:admin_network_subnet_user_host_2,"The last action is still in progress, indicating ongoing analysis for potential suspicious activity."
"# OBSERVATION

Mission Phase: 2
Last Action : AllowTrafficZone subnet:admin_network
Last Action Status: FALSE
Communication Vectors: 
Commvector Blue Agent 0 Message: [0, 0, 0, 0, 0, 0, 0, 0]
Commvector Blue Agent 1 Message: [0, 0, 0, 0, 0, 0, 0, 0]
Commvector Blue Agent 2 Message: [0, 0, 0, 0, 0, 0, 0, 1]
Commvector Blue Agent 3 Message: [0, 0, 0, 0, 0, 0, 0, 1]

Suspicious Activity Detected:
- Hostname: admin_network_subnet_router | IP: 10.0.232.168 | INFO: Connection to 10.0.232.222 | INFO: Connection to 10.0.232.222
- Hostname: admin_network_subnet_user_host_2 | IP: 10.0.232.168 | INFO: Connection to 10.0.232.222 | INFO: Connection to 10.0.232.222 | INFO: Connection to 10.0.232.222 | INFO: Connection to 10.0.232.222 | INFO: Connection to 10.0.232.222 | INFO: Connection to 10.0.232.222 | INFO: Connection to 10.0.232.222 | INFO: Connection to 10.0.232.222 | INFO: Connection to 10.0.232.222 | INFO: Connection to 10.0.232.222 | INFO: Connection to 10.0.232.222 | INFO: Connection to 10.0.232.222 | INFO: Connection to 10.0.232.222 | INFO: Connection to 10.0.232.222 | INFO: Connection to 10.0.232.222 | INFO: Connection to 10.0.232.222 | INFO: Connection to 10.0.232.222 | INFO: Connection to 10.0.232.222 | INFO: Connection to 10.0.232.222 | INFO: Connection to 10.0.232.222 | INFO: Connection to 10.0.232.222 | INFO: Connection to 10.0.232.222 | WARNING: Suspicious process detected
- Hostname: admin_network_subnet_user_host_3 | IP: 10.0.232.168 | INFO: Connection to 10.0.232.222 | INFO: Connection to 10.0.232.222",Analyse,host:admin_network_subnet_user_host_2,Host shows multiple suspicious connections which may indicate potential red activity.
"# OBSERVATION

Mission Phase: 2
Last Action : AllowTrafficZone subnet:admin_network
Last Action Status: FALSE
Communication Vectors: 
Commvector Blue Agent 0 Message: [0, 0, 0, 0, 0, 0, 0, 0]
Commvector Blue Agent 1 Message: [0, 0, 0, 0, 0, 0, 0, 1]
Commvector Blue Agent 2 Message: [0, 0, 0, 0, 0, 0, 0, 0]
Commvector Blue Agent 3 Message: [0, 0, 0, 0, 0, 0, 0, 0]

 Suspicious Activity Detected: None",AllowTrafficZone,subnet:admin_network,Need to ensure communication is permitted in the admin network as the last action was unsuccessful.
"# OBSERVATION

Mission Phase: 2
Last Action : BlockTrafficZone subnet:admin_network
Last Action Status: FALSE
Communication Vectors: 
Commvector Blue Agent 0 Message: [0, 0, 0, 0, 0, 0, 0, 0]
Commvector Blue Agent 1 Message: [0, 0, 0, 0, 0, 0, 0, 1]
Commvector Blue Agent 2 Message: [0, 0, 0, 0, 0, 0, 0, 1]
Commvector Blue Agent 3 Message: [0, 0, 0, 0, 0, 0, 0, 0]

 Suspicious Activity Detected: None",AllowTrafficZone,subnet:admin_network,"The previous attempt to block traffic to the admin network was unsuccessful, so allowing traffic is necessary for normal operations."
"# OBSERVATION

Mission Phase: 2
Last Action : AllowTrafficZone subnet:admin_network
Last Action Status: FALSE
Communication Vectors: 
Commvector Blue Agent 0 Message: [0, 0, 0, 0, 0, 0, 0, 0]
Commvector Blue Agent 1 Message: [0, 0, 0, 0, 0, 0, 0, 0]
Commvector Blue Agent 2 Message: [0, 0, 0, 0, 0, 0, 0, 0]
Commvector Blue Agent 3 Message: [0, 0, 0, 0, 0, 0, 0, 1]

 Suspicious Activity Detected: None",BlockTrafficZone,subnet:admin_network,Traffic to the admin network should be blocked to prevent potential risks during the active mission phase.
"# OBSERVATION

Mission Phase: 2
Last Action : AllowTrafficZone subnet:admin_network
Last Action Status: FALSE
Communication Vectors: 
Commvector Blue Agent 0 Message: [0, 0, 0, 0, 0, 0, 0, 0]
Commvector Blue Agent 1 Message: [0, 0, 0, 0, 0, 0, 0, 0]
Commvector Blue Agent 2 Message: [0, 0, 0, 0, 0, 0, 0, 1]
Commvector Blue Agent 3 Message: [0, 0, 0, 0, 0, 0, 0, 0]

 Suspicious Activity Detected: None",AllowTrafficZone,subnet:admin_network,The zone is currently blocked and needs to allow traffic for proper network functionality.
"# OBSERVATION

Mission Phase: 2
Last Action : BlockTrafficZone subnet:admin_network
Last Action Status: FALSE
Communication Vectors: 
Commvector Blue Agent 0 Message: [0, 0, 0, 0, 0, 0, 0, 0]
Commvector Blue Agent 1 Message: [0, 0, 0, 0, 0, 0, 0, 1]
Commvector Blue Agent 2 Message: [0, 0, 0, 0, 0, 0, 0, 0]
Commvector Blue Agent 3 Message: [0, 0, 0, 1, 0, 1, 0, 1]

 Suspicious Activity Detected: None",AllowTrafficZone,subnet:admin_network,"The attempt to block traffic to the admin network was unsuccessful, indicating a need to allow traffic."
"# OBSERVATION

Mission Phase: 2
Last Action : AllowTrafficZone subnet:admin_network
Last Action Status: FALSE
Communication Vectors: 
Commvector Blue Agent 0 Message: [0, 0, 0, 0, 0, 0, 0, 0]
Commvector Blue Agent 1 Message: [0, 0, 0, 0, 0, 0, 0, 0]
Commvector Blue Agent 2 Message: [0, 0, 0, 0, 0, 0, 0, 1]
Commvector Blue Agent 3 Message: [0, 0, 0, 0, 0, 0, 0, 0]

 Suspicious Activity Detected: None",BlockTrafficZone,subnet:admin_network,"The last action to allow traffic was unsuccessful, indicating potential security concerns."
"# OBSERVATION

Mission Phase: 2
Last Action : AllowTrafficZone subnet:admin_network
Last Action Status: FALSE
Communication Vectors: 
Commvector Blue Agent 0 Message: [0, 0, 0, 0, 0, 0, 0, 0]
Commvector Blue Agent 1 Message: [0, 0, 0, 0, 0, 0, 0, 1]
Commvector Blue Agent 2 Message: [0, 0, 0, 0, 0, 0, 0, 0]
Commvector Blue Agent 3 Message: [0, 0, 0, 0, 0, 0, 0, 0]

 Suspicious Activity Detected: None",AllowTrafficZone,subnet:admin_network,"The last action to allow traffic to the admin network was unsuccessful, and it is necessary to ensure connectivity."
"# OBSERVATION

Mission Phase: 2
Last Action : Analyse host:admin_network_subnet_user_host_2
Last Action Status: IN_PROGRESS
Communication Vectors: 
Commvector Blue Agent 0 Message: [0, 0, 0, 0, 0, 0, 0, 0]
Commvector Blue Agent 1 Message: [0, 0, 0, 0, 0, 0, 0, 0]
Commvector Blue Agent 2 Message: [0, 0, 0, 0, 0, 0, 0, 1]
Commvector Blue Agent 3 Message: [0, 0, 0, 0, 0, 0, 0, 1]

 Suspicious Activity Detected: None",AllowTrafficZone,subnet:admin_network,There is no suspicious activity detected and connectivity may need to be ensured for operations.
"# OBSERVATION

Mission Phase: 2
Last Action : Analyse host:admin_network_subnet_user_host_2
Last Action Status: IN_PROGRESS
Communication Vectors: 
Commvector Blue Agent 0 Message: [0, 0, 0, 0, 0, 0, 0, 0]
Commvector Blue Agent 1 Message: [0, 0, 0, 0, 0, 0, 0, 0]
Commvector Blue Agent 2 Message: [0, 0, 0, 0, 0, 0, 0, 0]
Commvector Blue Agent 3 Message: [0, 0, 0, 0, 0, 0, 0, 0]

 Suspicious Activity Detected: None",Analyse,host:admin_network_subnet_user_host_2,Continuing investigation as the analysis is currently in progress.
"# OBSERVATION

Mission Phase: 2
Last Action : Analyse host:admin_network_subnet_server_host_0
Last Action Status: IN_PROGRESS
Communication Vectors: 
Commvector Blue Agent 0 Message: [0, 0, 0, 0, 0, 0, 0, 0]
Commvector Blue Agent 1 Message: [0, 0, 0, 0, 0, 0, 0, 0]
Commvector Blue Agent 2 Message: [0, 0, 0, 0, 0, 0, 0, 0]
Commvector Blue Agent 3 Message: [0, 0, 0, 0, 0, 0, 0, 0]

Suspicious Activity Detected:
- Hostname: admin_network_subnet_user_host_2 | IP: 10.0.232.168",Analyse,host:admin_network_subnet_user_host_2,"Suspicious activity detected on the host, requiring further investigation."
"# OBSERVATION

Mission Phase: 2
Last Action : Analyse host:admin_network_subnet_server_host_0
Last Action Status: IN_PROGRESS
Communication Vectors: 
Commvector Blue Agent 0 Message: [0, 0, 0, 0, 0, 0, 0, 0]
Commvector Blue Agent 1 Message: [0, 0, 0, 0, 0, 0, 0, 0]
Commvector Blue Agent 2 Message: [0, 0, 0, 0, 0, 0, 0, 0]
Commvector Blue Agent 3 Message: [0, 0, 0, 0, 0, 0, 0, 0]

 Suspicious Activity Detected: None",Analyse,host:admin_network_subnet_server_host_0,Continuing analysis to gather more information on the potential threat as the last action is still in progress.
"# OBSERVATION

Mission Phase: 2
Last Action : Analyse host:admin_network_subnet_server_host_0
Last Action Status: IN_PROGRESS
Communication Vectors: 
Commvector Blue Agent 0 Message: [0, 0, 0, 0, 0, 0, 0, 0]
Commvector Blue Agent 1 Message: [0, 0, 0, 0, 0, 0, 0, 0]
Commvector Blue Agent 2 Message: [0, 0, 0, 0, 0, 0, 0, 1]
Commvector Blue Agent 3 Message: [0, 0, 0, 0, 0, 0, 0, 0]

 Suspicious Activity Detected: None",Analyse,host:admin_network_subnet_server_host_0,Continuing analysis action is in progress to gather further information on suspicious activities.
"# OBSERVATION

Mission Phase: 2
Last Action : Analyse host:admin_network_subnet_server_host_0
Last Action Status: IN_PROGRESS
Communication Vectors: 
Commvector Blue Agent 0 Message: [0, 0, 0, 0, 0, 0, 0, 1]
Commvector Blue Agent 1 Message: [0, 0, 0, 0, 0, 0, 0, 1]
Commvector Blue Agent 2 Message: [0, 0, 0, 0, 0, 0, 0, 0]
Commvector Blue Agent 3 Message: [0, 0, 0, 0, 0, 0, 0, 0]

 Suspicious Activity Detected: None",Analyse,host:admin_network_subnet_server_host_0,Continuing analysis is crucial to determine any potential threat on the host.
"# OBSERVATION

Mission Phase: 2
Last Action : BlockTrafficZone subnet:admin_network
Last Action Status: FALSE
Communication Vectors: 
Commvector Blue Agent 0 Message: [0, 0, 0, 0, 0, 0, 0, 0]
Commvector Blue Agent 1 Message: [0, 0, 0, 0, 0, 0, 0, 0]
Commvector Blue Agent 2 Message: [0, 0, 0, 0, 0, 0, 0, 1]
Commvector Blue Agent 3 Message: [0, 0, 0, 0, 0, 0, 0, 0]

Suspicious Activity Detected:
- Hostname: admin_network_subnet_server_host_0 | IP: 10.0.193.145 | INFO: Connection to 10.0.232.254 | INFO: Connection to 10.0.232.254",Analyse,host:admin_network_subnet_server_host_0,There is suspicious activity detected on the host indicating potential red agent presence.
"# OBSERVATION

Mission Phase: 2
Last Action : BlockTrafficZone subnet:admin_network
Last Action Status: FALSE
Communication Vectors: 
Commvector Blue Agent 0 Message: [1, 0, 0, 0, 0, 1, 0, 1]
Commvector Blue Agent 1 Message: [0, 0, 0, 0, 0, 0, 0, 0]
Commvector Blue Agent 2 Message: [0, 0, 0, 0, 0, 0, 0, 0]
Commvector Blue Agent 3 Message: [0, 0, 0, 0, 0, 0, 0, 0]

 Suspicious Activity Detected: None",BlockTrafficZone,subnet:admin_network,To ensure the admin network remains secure during the active mission phase.
"# OBSERVATION

Mission Phase: 2
Last Action : BlockTrafficZone subnet:admin_network
Last Action Status: FALSE
Communication Vectors: 
Commvector Blue Agent 0 Message: [0, 0, 0, 0, 0, 0, 0, 0]
Commvector Blue Agent 1 Message: [0, 0, 0, 0, 0, 0, 0, 0]
Commvector Blue Agent 2 Message: [0, 0, 0, 0, 0, 0, 0, 1]
Commvector Blue Agent 3 Message: [0, 0, 0, 0, 0, 0, 0, 1]

 Suspicious Activity Detected: None",BlockTrafficZone,subnet:admin_network,The zone is already in the desired blocked state due to the last action being unsuccessful.
"# OBSERVATION

Mission Phase: 2
Last Action : AllowTrafficZone subnet:admin_network
Last Action Status: FALSE
Communication Vectors: 
Commvector Blue Agent 0 Message: [0, 0, 0, 0, 0, 0, 0, 0]
Commvector Blue Agent 1 Message: [0, 0, 0, 0, 0, 0, 0, 1]
Commvector Blue Agent 2 Message: [0, 0, 0, 0, 0, 0, 0, 0]
Commvector Blue Agent 3 Message: [0, 0, 0, 0, 0, 0, 0, 0]

 Suspicious Activity Detected: None",BlockTrafficZone,subnet:admin_network,"The last action to allow traffic was unsuccessful, indicating that the zone may be compromised."
"# OBSERVATION

Mission Phase: 2
Last Action : BlockTrafficZone subnet:admin_network
Last Action Status: FALSE
Communication Vectors: 
Commvector Blue Agent 0 Message: [0, 0, 0, 0, 0, 0, 0, 0]
Commvector Blue Agent 1 Message: [0, 0, 0, 0, 0, 0, 0, 0]
Commvector Blue Agent 2 Message: [0, 0, 0, 0, 0, 0, 0, 1]
Commvector Blue Agent 3 Message: [0, 0, 0, 0, 0, 0, 0, 1]

 Suspicious Activity Detected: None",AllowTrafficZone,subnet:admin_network,"The previous action to block traffic was unsuccessful, and allowing access is necessary to ensure connectivity during mission phase."
"# OBSERVATION

Mission Phase: 2
Last Action : BlockTrafficZone subnet:admin_network
Last Action Status: FALSE
Communication Vectors: 
Commvector Blue Agent 0 Message: [0, 0, 0, 0, 0, 0, 0, 1]
Commvector Blue Agent 1 Message: [0, 0, 0, 0, 0, 0, 0, 0]
Commvector Blue Agent 2 Message: [0, 0, 1, 0, 0, 1, 0, 0]
Commvector Blue Agent 3 Message: [0, 0, 0, 0, 0, 0, 0, 0]

 Suspicious Activity Detected: None",BlockTrafficZone,subnet:admin_network,The admin network is at risk due to a previously detected malicious action.
"# OBSERVATION

Mission Phase: 2
Last Action : AllowTrafficZone subnet:admin_network
Last Action Status: FALSE
Communication Vectors: 
Commvector Blue Agent 0 Message: [0, 0, 0, 0, 0, 0, 0, 0]
Commvector Blue Agent 1 Message: [0, 0, 0, 0, 0, 0, 0, 1]
Commvector Blue Agent 2 Message: [0, 0, 0, 0, 0, 0, 0, 1]
Commvector Blue Agent 3 Message: [0, 0, 0, 0, 0, 0, 0, 0]

 Suspicious Activity Detected: None",BlockTrafficZone,subnet:admin_network,"The previous action to allow traffic was unsuccessful, indicating a need to reinforce security in the admin network during an active mission phase."
"# OBSERVATION

Mission Phase: 2
Last Action : AllowTrafficZone subnet:admin_network
Last Action Status: FALSE
Communication Vectors: 
Commvector Blue Agent 0 Message: [0, 0, 0, 0, 0, 0, 0, 1]
Commvector Blue Agent 1 Message: [0, 0, 0, 0, 0, 0, 0, 0]
Commvector Blue Agent 2 Message: [0, 0, 0, 0, 0, 0, 0, 0]
Commvector Blue Agent 3 Message: [0, 0, 0, 0, 0, 0, 0, 1]

 Suspicious Activity Detected: None",AllowTrafficZone,subnet:admin_network,"The last action to allow traffic was unsuccessful, indicating that the zone is still blocked and needs to be opened for proper network functionality."
"# OBSERVATION

Mission Phase: 2
Last Action : AllowTrafficZone subnet:admin_network
Last Action Status: FALSE
Communication Vectors: 
Commvector Blue Agent 0 Message: [0, 0, 0, 0, 0, 0, 0, 0]
Commvector Blue Agent 1 Message: [0, 0, 0, 0, 0, 0, 0, 0]
Commvector Blue Agent 2 Message: [0, 0, 0, 0, 0, 0, 0, 1]
Commvector Blue Agent 3 Message: [0, 0, 0, 0, 0, 0, 0, 0]

 Suspicious Activity Detected: None",AllowTrafficZone,subnet:admin_network,"The last action to allow traffic was unsuccessful, indicating the zone is still blocked."
"# OBSERVATION

Mission Phase: 2
Last Action : AllowTrafficZone subnet:admin_network
Last Action Status: FALSE
Communication Vectors: 
Commvector Blue Agent 0 Message: [0, 0, 0, 0, 0, 0, 0, 0]
Commvector Blue Agent 1 Message: [0, 0, 0, 0, 0, 0, 0, 1]
Commvector Blue Agent 2 Message: [0, 0, 0, 0, 0, 0, 0, 0]
Commvector Blue Agent 3 Message: [0, 0, 0, 0, 0, 0, 0, 1]

 Suspicious Activity Detected: None",AllowTrafficZone,subnet:admin_network,"The last action to allow traffic was unsuccessful, indicating that the zone is still blocked and needs to be allowed for proper connectivity."
"# OBSERVATION

Mission Phase: 2
Last Action : AllowTrafficZone subnet:admin_network
Last Action Status: FALSE
Communication Vectors: 
Commvector Blue Agent 0 Message: [0, 0, 0, 0, 0, 0, 0, 0]
Commvector Blue Agent 1 Message: [0, 0, 0, 0, 0, 0, 0, 0]
Commvector Blue Agent 2 Message: [0, 0, 0, 0, 0, 0, 0, 1]
Commvector Blue Agent 3 Message: [0, 0, 0, 0, 0, 0, 0, 0]

 Suspicious Activity Detected: None",AllowTrafficZone,subnet:admin_network,To ensure necessary connectivity in the admin zone during an active mission phase.
"# OBSERVATION

Mission Phase: 2
Last Action : AllowTrafficZone subnet:admin_network
Last Action Status: FALSE
Communication Vectors: 
Commvector Blue Agent 0 Message: [0, 0, 0, 0, 0, 0, 0, 0]
Commvector Blue Agent 1 Message: [0, 0, 0, 0, 0, 0, 0, 1]
Commvector Blue Agent 2 Message: [0, 0, 0, 0, 0, 0, 0, 0]
Commvector Blue Agent 3 Message: [0, 0, 0, 0, 0, 0, 0, 0]

 Suspicious Activity Detected: None",AllowTrafficZone,subnet:admin_network,"The last action was unsuccessful, indicating the need to allow traffic to the admin zone."
"# OBSERVATION

Mission Phase: 2
Last Action : BlockTrafficZone subnet:admin_network
Last Action Status: FALSE
Communication Vectors: 
Commvector Blue Agent 0 Message: [0, 0, 0, 0, 0, 0, 0, 1]
Commvector Blue Agent 1 Message: [0, 0, 0, 0, 0, 0, 0, 0]
Commvector Blue Agent 2 Message: [0, 0, 0, 0, 0, 0, 0, 1]
Commvector Blue Agent 3 Message: [0, 0, 0, 0, 0, 0, 0, 1]

 Suspicious Activity Detected: None",AllowTrafficZone,subnet:admin_network,Traffic to the admin network is currently blocked and needs to be allowed for operational continuity.
"# OBSERVATION

Mission Phase: 2
Last Action : AllowTrafficZone subnet:admin_network
Last Action Status: FALSE
Communication Vectors: 
Commvector Blue Agent 0 Message: [0, 0, 0, 0, 0, 0, 0, 1]
Commvector Blue Agent 1 Message: [0, 0, 0, 0, 0, 0, 0, 0]
Commvector Blue Agent 2 Message: [0, 0, 0, 0, 0, 0, 0, 0]
Commvector Blue Agent 3 Message: [0, 0, 0, 0, 0, 0, 0, 1]

 Suspicious Activity Detected: None",BlockTrafficZone,subnet:admin_network,"The last action to allow traffic was unsuccessful, indicating potential issues that require blocking traffic to safeguard the network."
"# OBSERVATION

Mission Phase: 2
Last Action : Analyse host:admin_network_subnet_server_host_0
Last Action Status: IN_PROGRESS
Communication Vectors: 
Commvector Blue Agent 0 Message: [0, 0, 0, 0, 0, 0, 0, 0]
Commvector Blue Agent 1 Message: [0, 0, 0, 0, 0, 0, 0, 1]
Commvector Blue Agent 2 Message: [0, 0, 0, 0, 0, 0, 0, 1]
Commvector Blue Agent 3 Message: [0, 0, 0, 0, 0, 0, 0, 0]

 Suspicious Activity Detected: None",AllowTrafficZone,subnet:admin_network,"No suspicious activity detected, and the current action is still in progress."
"# OBSERVATION

Mission Phase: 1
Last Action : Analyse host:admin_network_subnet_server_host_0
Last Action Status: IN_PROGRESS
Communication Vectors: 
Commvector Blue Agent 0 Message: [0, 0, 0, 0, 0, 0, 0, 0]
Commvector Blue Agent 1 Message: [0, 0, 0, 0, 0, 0, 0, 0]
Commvector Blue Agent 2 Message: [0, 0, 0, 0, 0, 0, 0, 0]
Commvector Blue Agent 3 Message: [0, 0, 0, 0, 0, 0, 0, 0]

 Suspicious Activity Detected: None",Analyse,host:admin_network_subnet_server_host_0,Continuing analysis on the host to determine if any red activity is detected.
"# OBSERVATION

Mission Phase: 1
Last Action : Analyse host:admin_network_subnet_server_host_0
Last Action Status: IN_PROGRESS
Communication Vectors: 
Commvector Blue Agent 0 Message: [0, 0, 0, 0, 0, 0, 0, 1]
Commvector Blue Agent 1 Message: [0, 0, 0, 0, 0, 0, 0, 0]
Commvector Blue Agent 2 Message: [0, 0, 0, 0, 0, 0, 0, 1]
Commvector Blue Agent 3 Message: [0, 0, 0, 0, 0, 0, 0, 0]

 Suspicious Activity Detected: None",Analyse,host:admin_network_subnet_server_host_0,Continuing to monitor the host as the last analysis is still in progress.
"# OBSERVATION

Mission Phase: 1
Last Action : Analyse host:admin_network_subnet_server_host_0
Last Action Status: IN_PROGRESS
Communication Vectors: 
Commvector Blue Agent 0 Message: [0, 0, 0, 0, 0, 0, 0, 1]
Commvector Blue Agent 1 Message: [0, 0, 0, 0, 0, 0, 0, 1]
Commvector Blue Agent 2 Message: [0, 0, 0, 0, 0, 0, 0, 0]
Commvector Blue Agent 3 Message: [0, 0, 0, 0, 0, 0, 0, 1]

 Suspicious Activity Detected: None",Analyse,host:admin_network_subnet_server_host_0,Continuing the analysis on the host to gather more information.
"# OBSERVATION

Mission Phase: 1
Last Action : Analyse host:admin_network_subnet_server_host_0
Last Action Status: IN_PROGRESS
Communication Vectors: 
Commvector Blue Agent 0 Message: [0, 0, 0, 0, 0, 0, 0, 0]
Commvector Blue Agent 1 Message: [0, 0, 0, 0, 0, 0, 0, 0]
Commvector Blue Agent 2 Message: [0, 0, 0, 0, 0, 0, 0, 1]
Commvector Blue Agent 3 Message: [0, 0, 0, 0, 0, 0, 0, 0]

 Suspicious Activity Detected: None",Analyse,host:admin_network_subnet_server_host_0,"Last action is still in progress, indicating further information gathering is needed."
"# OBSERVATION

Mission Phase: 1
Last Action : Analyse host:admin_network_subnet_server_host_0
Last Action Status: IN_PROGRESS
Communication Vectors: 
Commvector Blue Agent 0 Message: [0, 0, 0, 0, 0, 0, 0, 0]
Commvector Blue Agent 1 Message: [0, 0, 0, 0, 0, 0, 0, 1]
Commvector Blue Agent 2 Message: [0, 0, 0, 0, 0, 0, 0, 0]
Commvector Blue Agent 3 Message: [0, 0, 0, 0, 0, 0, 0, 0]

 Suspicious Activity Detected: None",Analyse,host:admin_network_subnet_server_host_0,Continuing analysis as the last action is still in progress and no suspicious activity has been detected.
"# OBSERVATION

Mission Phase: 1
Last Action : Analyse host:admin_network_subnet_server_host_0
Last Action Status: IN_PROGRESS
Communication Vectors: 
Commvector Blue Agent 0 Message: [0, 0, 0, 0, 0, 0, 0, 1]
Commvector Blue Agent 1 Message: [0, 0, 0, 0, 0, 0, 0, 0]
Commvector Blue Agent 2 Message: [0, 0, 0, 0, 0, 0, 0, 1]
Commvector Blue Agent 3 Message: [0, 0, 0, 0, 0, 0, 0, 0]

 Suspicious Activity Detected: None",Analyse,host:admin_network_subnet_server_host_0,Last action is still in progress to gather more information about potential suspicious activity.
"# OBSERVATION

Mission Phase: 1
Last Action : Analyse host:admin_network_subnet_server_host_0
Last Action Status: IN_PROGRESS
Communication Vectors: 
Commvector Blue Agent 0 Message: [0, 0, 0, 0, 0, 0, 0, 1]
Commvector Blue Agent 1 Message: [0, 0, 0, 0, 0, 0, 0, 1]
Commvector Blue Agent 2 Message: [0, 0, 0, 0, 0, 0, 0, 0]
Commvector Blue Agent 3 Message: [0, 0, 0, 0, 0, 0, 0, 0]

 Suspicious Activity Detected: None",Analyse,host:admin_network_subnet_server_host_0,Continuing the analysis as the previous action is still in progress and no suspicious activity has been detected.
"# OBSERVATION

Mission Phase: 1
Last Action : Analyse host:admin_network_subnet_server_host_0
Last Action Status: IN_PROGRESS
Communication Vectors: 
Commvector Blue Agent 0 Message: [0, 0, 0, 0, 0, 0, 0, 0]
Commvector Blue Agent 1 Message: [0, 0, 0, 0, 0, 0, 0, 0]
Commvector Blue Agent 2 Message: [0, 0, 0, 0, 0, 0, 0, 1]
Commvector Blue Agent 3 Message: [0, 0, 0, 0, 0, 0, 0, 0]

 Suspicious Activity Detected: None",Analyse,host:admin_network_subnet_server_host_0,"The last action is still in progress, indicating further monitoring is required."
"# OBSERVATION

Mission Phase: 1
Last Action : Analyse host:admin_network_subnet_server_host_0
Last Action Status: IN_PROGRESS
Communication Vectors: 
Commvector Blue Agent 0 Message: [0, 0, 0, 0, 0, 0, 0, 1]
Commvector Blue Agent 1 Message: [0, 0, 0, 0, 0, 0, 0, 1]
Commvector Blue Agent 2 Message: [0, 0, 0, 0, 0, 0, 0, 0]
Commvector Blue Agent 3 Message: [0, 0, 0, 0, 0, 0, 0, 0]

 Suspicious Activity Detected: None",Analyse,host:admin_network_subnet_server_host_0,Continuing to gather information about the host as the previous analysis is still in progress.
"# OBSERVATION

Mission Phase: 1
Last Action : Analyse host:admin_network_subnet_server_host_0
Last Action Status: IN_PROGRESS
Communication Vectors: 
Commvector Blue Agent 0 Message: [0, 0, 0, 0, 0, 0, 0, 0]
Commvector Blue Agent 1 Message: [0, 0, 0, 0, 0, 0, 0, 0]
Commvector Blue Agent 2 Message: [0, 0, 0, 0, 0, 0, 0, 1]
Commvector Blue Agent 3 Message: [0, 0, 0, 0, 0, 0, 0, 0]

 Suspicious Activity Detected: None",Analyse,host:admin_network_subnet_server_host_0,The ongoing analysis is crucial to determine if any red agents are present or if any suspicious activity emerges in the admin network.
"# OBSERVATION

Mission Phase: 1
Last Action : Analyse host:admin_network_subnet_server_host_0
Last Action Status: IN_PROGRESS
Communication Vectors: 
Commvector Blue Agent 0 Message: [0, 0, 0, 0, 0, 0, 0, 1]
Commvector Blue Agent 1 Message: [0, 0, 0, 0, 0, 0, 0, 0]
Commvector Blue Agent 2 Message: [0, 0, 0, 0, 0, 0, 0, 0]
Commvector Blue Agent 3 Message: [0, 0, 0, 0, 0, 0, 0, 1]

 Suspicious Activity Detected: None",Analyse,host:admin_network_subnet_server_host_0,"The last analysis action is still in progress, suggesting ongoing investigation is required."
"# OBSERVATION

Mission Phase: 1
Last Action : Analyse host:admin_network_subnet_server_host_0
Last Action Status: IN_PROGRESS
Communication Vectors: 
Commvector Blue Agent 0 Message: [0, 0, 0, 0, 0, 0, 0, 0]
Commvector Blue Agent 1 Message: [0, 0, 0, 0, 0, 0, 0, 0]
Commvector Blue Agent 2 Message: [0, 0, 0, 0, 0, 0, 0, 1]
Commvector Blue Agent 3 Message: [0, 0, 0, 0, 0, 0, 0, 0]

 Suspicious Activity Detected: None",Analyse,host:admin_network_subnet_server_host_0,Continuing the analysis of the host to ensure there is no red activity present.
"# OBSERVATION

Mission Phase: 1
Last Action : Analyse host:admin_network_subnet_server_host_0
Last Action Status: IN_PROGRESS
Communication Vectors: 
Commvector Blue Agent 0 Message: [0, 0, 0, 0, 0, 0, 0, 1]
Commvector Blue Agent 1 Message: [0, 0, 0, 0, 0, 0, 0, 0]
Commvector Blue Agent 2 Message: [0, 0, 0, 0, 0, 0, 0, 0]
Commvector Blue Agent 3 Message: [0, 0, 0, 0, 0, 0, 0, 0]

 Suspicious Activity Detected: None",Analyse,host:admin_network_subnet_server_host_0,Continuing to analyze the host for any suspicious activity as the last action is still in progress.
"# OBSERVATION

Mission Phase: 1
Last Action : Analyse host:admin_network_subnet_server_host_0
Last Action Status: IN_PROGRESS
Communication Vectors: 
Commvector Blue Agent 0 Message: [0, 0, 0, 0, 0, 0, 0, 1]
Commvector Blue Agent 1 Message: [0, 0, 0, 0, 0, 0, 0, 1]
Commvector Blue Agent 2 Message: [0, 0, 0, 0, 0, 0, 0, 1]
Commvector Blue Agent 3 Message: [0, 0, 0, 0, 0, 0, 0, 0]

 Suspicious Activity Detected: None",Analyse,host:admin_network_subnet_server_host_0,Continuing the analysis since the last action is still in progress.
"# OBSERVATION

Mission Phase: 1
Last Action : Analyse host:admin_network_subnet_server_host_0
Last Action Status: IN_PROGRESS
Communication Vectors: 
Commvector Blue Agent 0 Message: [0, 0, 0, 0, 0, 0, 0, 0]
Commvector Blue Agent 1 Message: [0, 0, 0, 0, 0, 0, 0, 0]
Commvector Blue Agent 2 Message: [0, 0, 0, 0, 0, 0, 0, 0]
Commvector Blue Agent 3 Message: [0, 0, 0, 0, 0, 0, 0, 0]

 Suspicious Activity Detected: None",Analyse,host:admin_network_subnet_server_host_0,"The previous analysis action is still in progress, indicating ongoing investigation of the host."
"# OBSERVATION

Mission Phase: 1
Last Action : Analyse host:admin_network_subnet_server_host_0
Last Action Status: IN_PROGRESS
Communication Vectors: 
Commvector Blue Agent 0 Message: [0, 0, 0, 0, 0, 0, 0, 0]
Commvector Blue Agent 1 Message: [0, 0, 0, 0, 0, 0, 0, 1]
Commvector Blue Agent 2 Message: [0, 0, 0, 0, 0, 0, 0, 1]
Commvector Blue Agent 3 Message: [0, 0, 0, 0, 0, 0, 0, 0]

 Suspicious Activity Detected: None",Analyse,host:admin_network_subnet_server_host_0,"The last analysis action is still in progress, and no new suspicious activity has been detected."
"# OBSERVATION

Mission Phase: 1
Last Action : Analyse host:admin_network_subnet_server_host_0
Last Action Status: IN_PROGRESS
Communication Vectors: 
Commvector Blue Agent 0 Message: [0, 0, 0, 0, 0, 0, 0, 0]
Commvector Blue Agent 1 Message: [0, 0, 0, 0, 0, 0, 0, 0]
Commvector Blue Agent 2 Message: [0, 0, 0, 0, 0, 0, 0, 0]
Commvector Blue Agent 3 Message: [0, 0, 0, 0, 0, 0, 0, 1]

 Suspicious Activity Detected: None",Analyse,host:admin_network_subnet_server_host_0,Continuing to monitor the host while the last analysis action is in progress.
"# OBSERVATION

Mission Phase: 1
Last Action : Analyse host:admin_network_subnet_server_host_0
Last Action Status: IN_PROGRESS
Communication Vectors: 
Commvector Blue Agent 0 Message: [0, 0, 0, 0, 0, 0, 0, 1]
Commvector Blue Agent 1 Message: [0, 0, 0, 0, 0, 0, 0, 0]
Commvector Blue Agent 2 Message: [0, 0, 0, 0, 0, 0, 0, 1]
Commvector Blue Agent 3 Message: [0, 0, 0, 0, 0, 0, 0, 0]

 Suspicious Activity Detected: None",Analyse,host:admin_network_subnet_server_host_0,Continuing the analysis on the host to determine if any suspicious activity is present.
"# OBSERVATION

Mission Phase: 1
Last Action : Analyse host:admin_network_subnet_server_host_0
Last Action Status: IN_PROGRESS
Communication Vectors: 
Commvector Blue Agent 0 Message: [0, 0, 0, 0, 0, 0, 0, 0]
Commvector Blue Agent 1 Message: [0, 0, 0, 0, 0, 0, 0, 0]
Commvector Blue Agent 2 Message: [0, 0, 0, 0, 0, 0, 0, 0]
Commvector Blue Agent 3 Message: [0, 0, 0, 0, 0, 0, 0, 1]

 Suspicious Activity Detected: None",Analyse,host:admin_network_subnet_server_host_0,"The last analysis action is still in progress, and no suspicious activity has been detected; continuing to monitor the host is crucial."
"# OBSERVATION

Mission Phase: 1
Last Action : Analyse host:admin_network_subnet_server_host_0
Last Action Status: IN_PROGRESS
Communication Vectors: 
Commvector Blue Agent 0 Message: [0, 0, 0, 0, 0, 0, 0, 1]
Commvector Blue Agent 1 Message: [0, 0, 0, 0, 0, 0, 0, 0]
Commvector Blue Agent 2 Message: [0, 0, 0, 0, 0, 0, 0, 1]
Commvector Blue Agent 3 Message: [0, 0, 0, 0, 0, 0, 0, 0]

 Suspicious Activity Detected: None",Analyse,host:admin_network_subnet_server_host_0,Continuing with the analysis to further investigate potential threats.
"# OBSERVATION

Mission Phase: 1
Last Action : Analyse host:admin_network_subnet_server_host_0
Last Action Status: IN_PROGRESS
Communication Vectors: 
Commvector Blue Agent 0 Message: [0, 0, 0, 0, 0, 0, 0, 0]
Commvector Blue Agent 1 Message: [0, 0, 0, 0, 0, 0, 0, 0]
Commvector Blue Agent 2 Message: [0, 0, 0, 0, 0, 0, 0, 0]
Commvector Blue Agent 3 Message: [0, 0, 0, 0, 0, 0, 0, 1]

 Suspicious Activity Detected: None",Analyse,host:admin_network_subnet_server_host_0,Continuing the analysis on the host to gather information on potential risks while the last action is still in progress.
"# OBSERVATION

Mission Phase: 1
Last Action : Analyse host:admin_network_subnet_server_host_0
Last Action Status: IN_PROGRESS
Communication Vectors: 
Commvector Blue Agent 0 Message: [0, 0, 0, 0, 0, 0, 0, 0]
Commvector Blue Agent 1 Message: [0, 0, 0, 0, 0, 0, 0, 0]
Commvector Blue Agent 2 Message: [0, 0, 0, 0, 0, 0, 0, 1]
Commvector Blue Agent 3 Message: [0, 0, 0, 0, 0, 0, 0, 0]

 Suspicious Activity Detected: None",Analyse,host:admin_network_subnet_server_host_0,Further analysis is already in progress to determine any potential issues.
"# OBSERVATION

Mission Phase: 1
Last Action : Analyse host:admin_network_subnet_server_host_0
Last Action Status: IN_PROGRESS
Communication Vectors: 
Commvector Blue Agent 0 Message: [0, 0, 0, 0, 0, 0, 0, 1]
Commvector Blue Agent 1 Message: [0, 0, 0, 0, 0, 0, 0, 1]
Commvector Blue Agent 2 Message: [0, 0, 0, 0, 0, 0, 0, 0]
Commvector Blue Agent 3 Message: [0, 0, 0, 0, 0, 0, 0, 0]

 Suspicious Activity Detected: None",Analyse,host:admin_network_subnet_server_host_0,"The last analysis action is still in progress, and there is a need to continue monitoring the host for any suspicious activity."
"# OBSERVATION

Mission Phase: 1
Last Action : Analyse host:admin_network_subnet_server_host_0
Last Action Status: IN_PROGRESS
Communication Vectors: 
Commvector Blue Agent 0 Message: [0, 0, 0, 0, 0, 0, 0, 0]
Commvector Blue Agent 1 Message: [0, 0, 0, 0, 0, 0, 0, 0]
Commvector Blue Agent 2 Message: [0, 0, 0, 0, 0, 0, 0, 1]
Commvector Blue Agent 3 Message: [0, 0, 0, 0, 0, 0, 0, 0]

 Suspicious Activity Detected: None",Analyse,host:admin_network_subnet_server_host_0,Continuing the analysis as the last action is still in progress and no suspicious activity has been detected.
"# OBSERVATION

Mission Phase: 1
Last Action : Analyse host:admin_network_subnet_server_host_0
Last Action Status: IN_PROGRESS
Communication Vectors: 
Commvector Blue Agent 0 Message: [0, 0, 0, 0, 0, 0, 0, 1]
Commvector Blue Agent 1 Message: [0, 0, 0, 0, 0, 0, 0, 1]
Commvector Blue Agent 2 Message: [0, 0, 0, 0, 0, 0, 0, 0]
Commvector Blue Agent 3 Message: [0, 0, 0, 0, 0, 0, 0, 0]

 Suspicious Activity Detected: None",Analyse,host:admin_network_subnet_server_host_0,Continuing the analysis of the host to gather further information on its security status as the last action is still in progress.
"# OBSERVATION

Mission Phase: 1
Last Action : Analyse host:admin_network_subnet_server_host_0
Last Action Status: IN_PROGRESS
Communication Vectors: 
Commvector Blue Agent 0 Message: [0, 0, 0, 0, 0, 0, 0, 1]
Commvector Blue Agent 1 Message: [0, 0, 0, 0, 0, 0, 0, 0]
Commvector Blue Agent 2 Message: [0, 0, 0, 0, 0, 0, 0, 1]
Commvector Blue Agent 3 Message: [0, 0, 0, 0, 0, 0, 0, 1]

 Suspicious Activity Detected: None",Analyse,host:admin_network_subnet_server_host_0,The last action is still in progress to gather information on potential threats.
"# OBSERVATION

Mission Phase: 1
Last Action : Analyse host:admin_network_subnet_server_host_0
Last Action Status: IN_PROGRESS
Communication Vectors: 
Commvector Blue Agent 0 Message: [0, 0, 0, 0, 0, 0, 0, 0]
Commvector Blue Agent 1 Message: [0, 0, 0, 0, 0, 0, 0, 1]
Commvector Blue Agent 2 Message: [0, 0, 0, 0, 0, 0, 0, 0]
Commvector Blue Agent 3 Message: [0, 0, 0, 0, 0, 0, 0, 0]

 Suspicious Activity Detected: None",Analyse,host:admin_network_subnet_server_host_0,"The previous analysis is still in progress, but no additional suspicious activity has been detected."
"# OBSERVATION

Mission Phase: 1
Last Action : Analyse host:admin_network_subnet_server_host_0
Last Action Status: IN_PROGRESS
Communication Vectors: 
Commvector Blue Agent 0 Message: [0, 0, 0, 0, 0, 0, 0, 1]
Commvector Blue Agent 1 Message: [0, 0, 0, 0, 0, 0, 0, 0]
Commvector Blue Agent 2 Message: [0, 0, 0, 0, 0, 0, 0, 1]
Commvector Blue Agent 3 Message: [0, 0, 0, 0, 0, 0, 0, 0]

 Suspicious Activity Detected: None",Analyse,host:admin_network_subnet_server_host_0,"The previous analysis is still in progress, and no suspicious activity has been detected."
"# OBSERVATION

Mission Phase: 1
Last Action : Analyse host:admin_network_subnet_server_host_0
Last Action Status: IN_PROGRESS
Communication Vectors: 
Commvector Blue Agent 0 Message: [0, 0, 0, 0, 0, 0, 0, 1]
Commvector Blue Agent 1 Message: [0, 0, 0, 0, 0, 0, 0, 0]
Commvector Blue Agent 2 Message: [0, 0, 0, 0, 0, 0, 0, 0]
Commvector Blue Agent 3 Message: [0, 0, 0, 0, 0, 0, 0, 0]

 Suspicious Activity Detected: None",Analyse,host:admin_network_subnet_server_host_0,The last action is still in progress and needs to be completed to gather more information on potential suspicious activity.
"# OBSERVATION

Mission Phase: 1
Last Action : Analyse host:admin_network_subnet_server_host_0
Last Action Status: IN_PROGRESS
Communication Vectors: 
Commvector Blue Agent 0 Message: [0, 0, 0, 0, 0, 0, 0, 0]
Commvector Blue Agent 1 Message: [0, 0, 0, 0, 0, 0, 0, 0]
Commvector Blue Agent 2 Message: [0, 0, 0, 0, 0, 0, 0, 1]
Commvector Blue Agent 3 Message: [0, 0, 0, 0, 0, 0, 0, 0]

 Suspicious Activity Detected: None",Analyse,host:admin_network_subnet_server_host_0,Continuing the analysis on the host as the last action is still in progress.
"# OBSERVATION

Mission Phase: 1
Last Action : Analyse host:public_access_zone_subnet_server_host_3
Last Action Status: IN_PROGRESS
Communication Vectors: 
Commvector Blue Agent 0 Message: [1, 0, 0, 0, 0, 1, 0, 0]
Commvector Blue Agent 1 Message: [0, 0, 0, 0, 0, 0, 0, 0]
Commvector Blue Agent 2 Message: [0, 0, 0, 0, 0, 0, 0, 0]
Commvector Blue Agent 3 Message: [0, 0, 0, 0, 0, 0, 0, 0]

Suspicious Activity Detected:
- Hostname: admin_network_subnet_server_host_0 | IP: 10.0.22.156 | INFO: Connection to 10.0.232.254 | INFO: Connection to 10.0.232.254",Analyse,host:admin_network_subnet_server_host_0,Suspicious activity detected on the host with connections that may indicate potential red activity.
"# OBSERVATION

Mission Phase: 1
Last Action : Analyse host:public_access_zone_subnet_server_host_3
Last Action Status: IN_PROGRESS
Communication Vectors: 
Commvector Blue Agent 0 Message: [0, 0, 0, 0, 0, 0, 0, 0]
Commvector Blue Agent 1 Message: [0, 0, 0, 0, 0, 0, 0, 1]
Commvector Blue Agent 2 Message: [0, 0, 0, 0, 0, 0, 0, 1]
Commvector Blue Agent 3 Message: [0, 0, 0, 0, 0, 0, 0, 1]

 Suspicious Activity Detected: None",Analyse,host:public_access_zone_subnet_server_host_3,"Continuation of the analysis to confirm the status of potential threats, as the last action is still in progress."
"# OBSERVATION

Mission Phase: 1
Last Action : Analyse host:public_access_zone_subnet_server_host_3
Last Action Status: IN_PROGRESS
Communication Vectors: 
Commvector Blue Agent 0 Message: [0, 0, 0, 0, 0, 0, 0, 0]
Commvector Blue Agent 1 Message: [0, 0, 0, 0, 0, 0, 0, 0]
Commvector Blue Agent 2 Message: [0, 0, 0, 0, 0, 0, 0, 0]
Commvector Blue Agent 3 Message: [0, 0, 0, 0, 0, 0, 0, 0]

 Suspicious Activity Detected: None",Analyse,host:public_access_zone_subnet_server_host_3,Continuing the analysis to gather more information on the host where suspicious activity is suspected.
"# OBSERVATION

Mission Phase: 1
Last Action : AllowTrafficZone subnet:public_access_zone
Last Action Status: FALSE
Communication Vectors: 
Commvector Blue Agent 0 Message: [0, 0, 0, 0, 0, 0, 0, 0]
Commvector Blue Agent 1 Message: [0, 0, 0, 0, 0, 0, 0, 0]
Commvector Blue Agent 2 Message: [0, 0, 0, 0, 0, 0, 0, 1]
Commvector Blue Agent 3 Message: [0, 0, 0, 0, 0, 0, 0, 0]

Suspicious Activity Detected:
- Hostname: public_access_zone_subnet_server_host_3 | IP: 10.0.22.144 | INFO: Connection to 10.0.99.251 | INFO: Connection to 10.0.99.251",Analyse,host:public_access_zone_subnet_server_host_3,"Suspicious connections detected on the host, indicating potential red activity."
"# OBSERVATION

Mission Phase: 1
Last Action : AllowTrafficZone subnet:public_access_zone
Last Action Status: FALSE
Communication Vectors: 
Commvector Blue Agent 0 Message: [0, 0, 0, 0, 0, 0, 0, 0]
Commvector Blue Agent 1 Message: [0, 0, 0, 0, 0, 0, 0, 1]
Commvector Blue Agent 2 Message: [0, 0, 0, 0, 0, 0, 0, 0]
Commvector Blue Agent 3 Message: [0, 0, 0, 0, 0, 0, 0, 0]

 Suspicious Activity Detected: None",AllowTrafficZone,subnet:public_access_zone,"The action to allow traffic was unsuccessful, and no malicious activity is currently detected."
"# OBSERVATION

Mission Phase: 1
Last Action : AllowTrafficZone subnet:public_access_zone
Last Action Status: FALSE
Communication Vectors: 
Commvector Blue Agent 0 Message: [0, 0, 0, 0, 0, 0, 0, 1]
Commvector Blue Agent 1 Message: [0, 0, 0, 0, 0, 0, 0, 0]
Commvector Blue Agent 2 Message: [0, 0, 0, 0, 0, 0, 0, 1]
Commvector Blue Agent 3 Message: [0, 0, 0, 0, 0, 0, 0, 0]

 Suspicious Activity Detected: None",AllowTrafficZone,subnet:public_access_zone,"The last action to allow traffic was unsuccessful, indicating a potential need to reattempt it."
"# OBSERVATION

Mission Phase: 1
Last Action : BlockTrafficZone subnet:public_access_zone
Last Action Status: FALSE
Communication Vectors: 
Commvector Blue Agent 0 Message: [0, 0, 0, 0, 0, 0, 0, 1]
Commvector Blue Agent 1 Message: [0, 0, 0, 0, 0, 0, 0, 1]
Commvector Blue Agent 2 Message: [0, 0, 0, 0, 0, 0, 0, 0]
Commvector Blue Agent 3 Message: [0, 0, 0, 0, 0, 0, 0, 0]

 Suspicious Activity Detected: None",AllowTrafficZone,subnet:public_access_zone,"The last block action was unsuccessful, and allowing traffic is essential during the pre-planning phase."
"# OBSERVATION

Mission Phase: 1
Last Action : BlockTrafficZone subnet:public_access_zone
Last Action Status: FALSE
Communication Vectors: 
Commvector Blue Agent 0 Message: [0, 0, 0, 0, 0, 0, 0, 0]
Commvector Blue Agent 1 Message: [0, 0, 0, 0, 0, 0, 0, 0]
Commvector Blue Agent 2 Message: [0, 0, 0, 0, 0, 0, 0, 1]
Commvector Blue Agent 3 Message: [0, 0, 0, 0, 0, 0, 0, 0]

 Suspicious Activity Detected: None",BlockTrafficZone,subnet:public_access_zone,"The public access zone is currently in a vulnerable state due to a failed attempt to block traffic, which could lead to potential threats."
"# OBSERVATION

Mission Phase: 1
Last Action : BlockTrafficZone subnet:public_access_zone
Last Action Status: FALSE
Communication Vectors: 
Commvector Blue Agent 0 Message: [0, 0, 0, 0, 0, 0, 0, 1]
Commvector Blue Agent 1 Message: [0, 0, 0, 0, 0, 0, 0, 0]
Commvector Blue Agent 2 Message: [0, 0, 0, 0, 0, 0, 0, 0]
Commvector Blue Agent 3 Message: [0, 0, 0, 0, 0, 0, 0, 0]

 Suspicious Activity Detected: None",BlockTrafficZone,subnet:public_access_zone,Need to ensure the public access zone remains secured during the pre-planning phase.
"# OBSERVATION

Mission Phase: 1
Last Action : AllowTrafficZone subnet:public_access_zone
Last Action Status: FALSE
Communication Vectors: 
Commvector Blue Agent 0 Message: [0, 0, 0, 0, 0, 0, 0, 0]
Commvector Blue Agent 1 Message: [0, 0, 0, 0, 0, 0, 0, 1]
Commvector Blue Agent 2 Message: [0, 0, 0, 0, 0, 0, 0, 1]
Commvector Blue Agent 3 Message: [0, 0, 0, 0, 0, 0, 0, 0]

 Suspicious Activity Detected: None",BlockTrafficZone,subnet:public_access_zone,To prevent any potential red agent access since the last action to allow traffic was unsuccessful.
"# OBSERVATION

Mission Phase: 1
Last Action : AllowTrafficZone subnet:public_access_zone
Last Action Status: FALSE
Communication Vectors: 
Commvector Blue Agent 0 Message: [0, 0, 0, 0, 0, 0, 0, 1]
Commvector Blue Agent 1 Message: [0, 0, 0, 0, 0, 0, 0, 0]
Commvector Blue Agent 2 Message: [0, 0, 0, 0, 0, 0, 0, 0]
Commvector Blue Agent 3 Message: [0, 0, 0, 0, 0, 0, 0, 0]

 Suspicious Activity Detected: None",AllowTrafficZone,subnet:public_access_zone,"The last action was unsuccessful, indicating a need to re-establish connectivity in the public access zone."
"# OBSERVATION

Mission Phase: 1
Last Action : AllowTrafficZone subnet:public_access_zone
Last Action Status: FALSE
Communication Vectors: 
Commvector Blue Agent 0 Message: [0, 0, 0, 0, 0, 0, 0, 1]
Commvector Blue Agent 1 Message: [0, 0, 0, 0, 0, 0, 0, 1]
Commvector Blue Agent 2 Message: [0, 0, 0, 0, 0, 0, 0, 1]
Commvector Blue Agent 3 Message: [0, 0, 0, 0, 0, 0, 0, 1]

 Suspicious Activity Detected: None",AllowTrafficZone,subnet:public_access_zone,"The last action to allow traffic was unsuccessful, indicating the zone might still be blocked."
"# OBSERVATION

Mission Phase: 1
Last Action : AllowTrafficZone subnet:public_access_zone
Last Action Status: FALSE
Communication Vectors: 
Commvector Blue Agent 0 Message: [0, 0, 0, 0, 0, 0, 0, 0]
Commvector Blue Agent 1 Message: [0, 0, 0, 0, 0, 0, 0, 0]
Commvector Blue Agent 2 Message: [0, 0, 0, 0, 0, 0, 0, 0]
Commvector Blue Agent 3 Message: [0, 0, 0, 0, 0, 0, 0, 1]

 Suspicious Activity Detected: None",AllowTrafficZone,subnet:public_access_zone,"The last action was unsuccessful, indicating the zone is still blocked and needs to be accessible."
"# OBSERVATION

Mission Phase: 1
Last Action : AllowTrafficZone subnet:public_access_zone
Last Action Status: FALSE
Communication Vectors: 
Commvector Blue Agent 0 Message: [0, 0, 0, 0, 0, 0, 0, 0]
Commvector Blue Agent 1 Message: [0, 0, 0, 0, 0, 0, 0, 1]
Commvector Blue Agent 2 Message: [0, 0, 0, 0, 0, 0, 0, 1]
Commvector Blue Agent 3 Message: [0, 0, 0, 0, 0, 0, 0, 0]

 Suspicious Activity Detected: None",AllowTrafficZone,subnet:public_access_zone,"The action was unsuccessful and the zone remains blocked, indicating a need to establish connectivity."
"# OBSERVATION

Mission Phase: 1
Last Action : Analyse host:public_access_zone_subnet_user_host_3
Last Action Status: IN_PROGRESS
Communication Vectors: 
Commvector Blue Agent 0 Message: [0, 0, 0, 0, 0, 0, 0, 1]
Commvector Blue Agent 1 Message: [0, 0, 0, 0, 0, 0, 0, 0]
Commvector Blue Agent 2 Message: [0, 0, 0, 0, 0, 0, 0, 0]
Commvector Blue Agent 3 Message: [0, 0, 0, 0, 0, 0, 0, 1]

 Suspicious Activity Detected: None",AllowTrafficZone,subnet:public_access_zone,Standard network connectivity is required during Phase 1.
"# OBSERVATION

Mission Phase: 1
Last Action : Analyse host:public_access_zone_subnet_user_host_3
Last Action Status: IN_PROGRESS
Communication Vectors: 
Commvector Blue Agent 0 Message: [0, 0, 0, 0, 0, 0, 0, 0]
Commvector Blue Agent 1 Message: [0, 0, 0, 0, 0, 0, 0, 1]
Commvector Blue Agent 2 Message: [0, 0, 0, 0, 0, 0, 0, 1]
Commvector Blue Agent 3 Message: [0, 0, 0, 0, 0, 0, 0, 1]

 Suspicious Activity Detected: None",Analyse,host:public_access_zone_subnet_user_host_3,Continuing the analysis on the host as the last action is still in progress.
"# OBSERVATION

Mission Phase: 1
Last Action : Analyse host:public_access_zone_subnet_user_host_3
Last Action Status: IN_PROGRESS
Communication Vectors: 
Commvector Blue Agent 0 Message: [0, 0, 0, 0, 0, 0, 0, 0]
Commvector Blue Agent 1 Message: [0, 0, 0, 0, 0, 0, 0, 0]
Commvector Blue Agent 2 Message: [0, 0, 0, 0, 0, 0, 0, 0]
Commvector Blue Agent 3 Message: [0, 0, 0, 1, 0, 1, 0, 0]

 Suspicious Activity Detected: None",Analyse,host:public_access_zone_subnet_user_host_3,Continuing the analysis of the host as the previous action is still in progress.
"# OBSERVATION

Mission Phase: 1
Last Action : Analyse host:public_access_zone_subnet_user_host_3
Last Action Status: IN_PROGRESS
Communication Vectors: 
Commvector Blue Agent 0 Message: [1, 0, 0, 0, 0, 1, 0, 1]
Commvector Blue Agent 1 Message: [0, 0, 0, 0, 0, 0, 0, 0]
Commvector Blue Agent 2 Message: [0, 0, 0, 0, 0, 0, 0, 1]
Commvector Blue Agent 3 Message: [0, 0, 0, 0, 0, 0, 0, 1]

 Suspicious Activity Detected: None",Analyse,host:public_access_zone_subnet_user_host_3,Continuing the analysis of the host as the last action is still in progress.
"# OBSERVATION

Mission Phase: 1
Last Action : Analyse host:public_access_zone_subnet_user_host_3
Last Action Status: IN_PROGRESS
Communication Vectors: 
Commvector Blue Agent 0 Message: [0, 0, 0, 0, 0, 0, 0, 1]
Commvector Blue Agent 1 Message: [0, 0, 0, 0, 0, 0, 0, 0]
Commvector Blue Agent 2 Message: [0, 0, 0, 0, 0, 0, 0, 0]
Commvector Blue Agent 3 Message: [0, 0, 0, 0, 0, 0, 0, 0]

 Suspicious Activity Detected: None",Analyse,host:public_access_zone_subnet_user_host_3,"The last action is still in progress, indicating that further analysis is ongoing."
"# OBSERVATION

Mission Phase: 1
Last Action : Analyse host:public_access_zone_subnet_user_host_3
Last Action Status: IN_PROGRESS
Communication Vectors: 
Commvector Blue Agent 0 Message: [0, 0, 0, 0, 0, 0, 0, 0]
Commvector Blue Agent 1 Message: [0, 0, 0, 0, 0, 0, 0, 1]
Commvector Blue Agent 2 Message: [0, 0, 0, 0, 0, 0, 0, 1]
Commvector Blue Agent 3 Message: [0, 0, 0, 0, 0, 0, 0, 0]

 Suspicious Activity Detected: None",Analyse,host:public_access_zone_subnet_user_host_3,Continuing the analysis on the host to determine if any suspicious activity is present.
"# OBSERVATION

Mission Phase: 1
Last Action : Analyse host:public_access_zone_subnet_user_host_3
Last Action Status: IN_PROGRESS
Communication Vectors: 
Commvector Blue Agent 0 Message: [0, 0, 0, 0, 0, 0, 0, 0]
Commvector Blue Agent 1 Message: [0, 0, 0, 0, 0, 0, 0, 0]
Commvector Blue Agent 2 Message: [0, 0, 0, 0, 0, 0, 0, 0]
Commvector Blue Agent 3 Message: [0, 0, 0, 0, 0, 0, 0, 0]

 Suspicious Activity Detected: None",Analyse,host:public_access_zone_subnet_user_host_3,"The previous analysis action is still in progress, and no suspicious activity has been detected."
"# OBSERVATION

Mission Phase: 1
Last Action : Analyse host:office_network_subnet_user_host_3
Last Action Status: IN_PROGRESS
Communication Vectors: 
Commvector Blue Agent 0 Message: [0, 0, 0, 0, 0, 0, 0, 1]
Commvector Blue Agent 1 Message: [0, 0, 0, 0, 0, 0, 0, 0]
Commvector Blue Agent 2 Message: [0, 0, 0, 0, 0, 0, 0, 1]
Commvector Blue Agent 3 Message: [0, 0, 0, 0, 0, 0, 0, 1]

Suspicious Activity Detected:
- Hostname: public_access_zone_subnet_user_host_3 | IP: 10.0.99.135",Analyse,host:public_access_zone_subnet_user_host_3,Suspicious activity detected on the host indicating potential user-level compromise.
"# OBSERVATION

Mission Phase: 1
Last Action : Analyse host:office_network_subnet_user_host_3
Last Action Status: IN_PROGRESS
Communication Vectors: 
Commvector Blue Agent 0 Message: [0, 0, 0, 0, 0, 0, 0, 0]
Commvector Blue Agent 1 Message: [0, 0, 0, 0, 0, 0, 0, 0]
Commvector Blue Agent 2 Message: [0, 0, 0, 0, 0, 0, 0, 0]
Commvector Blue Agent 3 Message: [0, 0, 0, 0, 0, 0, 0, 0]

 Suspicious Activity Detected: None",Analyse,host:office_network_subnet_user_host_3,The ongoing analysis could provide insights into potential threats.
"# OBSERVATION

Mission Phase: 1
Last Action : Analyse host:office_network_subnet_user_host_3
Last Action Status: IN_PROGRESS
Communication Vectors: 
Commvector Blue Agent 0 Message: [0, 0, 0, 0, 0, 0, 0, 0]
Commvector Blue Agent 1 Message: [0, 0, 0, 0, 0, 0, 0, 1]
Commvector Blue Agent 2 Message: [0, 0, 0, 0, 0, 0, 0, 1]
Commvector Blue Agent 3 Message: [0, 0, 0, 0, 0, 0, 0, 0]

 Suspicious Activity Detected: None",Analyse,host:office_network_subnet_user_host_3,"The previous analysis action is still in progress, indicating further monitoring is required on this host."
"# OBSERVATION

Mission Phase: 1
Last Action : Analyse host:office_network_subnet_user_host_3
Last Action Status: IN_PROGRESS
Communication Vectors: 
Commvector Blue Agent 0 Message: [0, 0, 0, 0, 0, 0, 0, 1]
Commvector Blue Agent 1 Message: [0, 0, 0, 0, 0, 0, 0, 0]
Commvector Blue Agent 2 Message: [0, 0, 0, 0, 0, 0, 0, 0]
Commvector Blue Agent 3 Message: [0, 0, 0, 0, 0, 0, 0, 0]

 Suspicious Activity Detected: None",Analyse,host:office_network_subnet_user_host_3,The analysis is still in progress and needs to be completed to gather more information.
"# OBSERVATION

Mission Phase: 1
Last Action : Analyse host:office_network_subnet_user_host_5
Last Action Status: IN_PROGRESS
Communication Vectors: 
Commvector Blue Agent 0 Message: [0, 0, 0, 0, 0, 0, 0, 1]
Commvector Blue Agent 1 Message: [0, 0, 0, 0, 0, 0, 0, 0]
Commvector Blue Agent 2 Message: [0, 0, 0, 0, 0, 0, 0, 1]
Commvector Blue Agent 3 Message: [0, 0, 0, 0, 0, 0, 0, 1]

Suspicious Activity Detected:
- Hostname: office_network_subnet_user_host_3 | IP: 10.0.50.156",Analyse,host:office_network_subnet_user_host_3,Suspicious activity detected on this host.
"# OBSERVATION

Mission Phase: 1
Last Action : Analyse host:office_network_subnet_user_host_5
Last Action Status: IN_PROGRESS
Communication Vectors: 
Commvector Blue Agent 0 Message: [0, 0, 0, 0, 0, 0, 0, 0]
Commvector Blue Agent 1 Message: [0, 0, 0, 0, 0, 0, 0, 1]
Commvector Blue Agent 2 Message: [0, 0, 0, 0, 0, 0, 0, 0]
Commvector Blue Agent 3 Message: [0, 0, 0, 0, 0, 0, 0, 0]

 Suspicious Activity Detected: None",Analyse,host:office_network_subnet_user_host_5,Continuing analysis on the host as the last action is in progress and no suspicious activity is detected.
"# OBSERVATION

Mission Phase: 1
Last Action : Analyse host:office_network_subnet_user_host_5
Last Action Status: IN_PROGRESS
Communication Vectors: 
Commvector Blue Agent 0 Message: [0, 0, 0, 0, 0, 0, 0, 1]
Commvector Blue Agent 1 Message: [0, 0, 0, 0, 0, 0, 0, 0]
Commvector Blue Agent 2 Message: [0, 0, 0, 0, 0, 0, 0, 1]
Commvector Blue Agent 3 Message: [0, 0, 0, 0, 0, 0, 0, 0]

 Suspicious Activity Detected: None",Analyse,host:office_network_subnet_user_host_5,"The previous analysis is still in progress, indicating ongoing monitoring is necessary."
"# OBSERVATION

Mission Phase: 1
Last Action : Analyse host:office_network_subnet_user_host_5
Last Action Status: IN_PROGRESS
Communication Vectors: 
Commvector Blue Agent 0 Message: [1, 0, 0, 0, 0, 1, 0, 0]
Commvector Blue Agent 1 Message: [0, 0, 0, 0, 0, 0, 0, 0]
Commvector Blue Agent 2 Message: [0, 0, 0, 0, 0, 0, 0, 0]
Commvector Blue Agent 3 Message: [0, 0, 0, 0, 0, 0, 0, 0]

 Suspicious Activity Detected: None",Analyse,host:office_network_subnet_user_host_5,Continuing the analysis on the host to determine the presence of red activity.
"# OBSERVATION

Mission Phase: 1
Last Action : Analyse host:office_network_subnet_user_host_5
Last Action Status: IN_PROGRESS
Communication Vectors: 
Commvector Blue Agent 0 Message: [0, 0, 0, 0, 0, 0, 0, 0]
Commvector Blue Agent 1 Message: [0, 0, 0, 0, 0, 0, 0, 1]
Commvector Blue Agent 2 Message: [0, 0, 0, 0, 0, 0, 0, 1]
Commvector Blue Agent 3 Message: [0, 0, 0, 0, 0, 0, 0, 1]

 Suspicious Activity Detected: None",Analyse,host:office_network_subnet_user_host_5,"The analysis is still in progress, and further investigation is necessary to ensure no malicious activity is present."
"# OBSERVATION

Mission Phase: 1
Last Action : Analyse host:office_network_subnet_user_host_5
Last Action Status: IN_PROGRESS
Communication Vectors: 
Commvector Blue Agent 0 Message: [0, 0, 0, 0, 0, 0, 0, 1]
Commvector Blue Agent 1 Message: [0, 0, 0, 0, 0, 0, 0, 1]
Commvector Blue Agent 2 Message: [0, 0, 0, 0, 0, 0, 0, 0]
Commvector Blue Agent 3 Message: [0, 0, 0, 0, 0, 0, 0, 0]

 Suspicious Activity Detected: None",Analyse,host:office_network_subnet_user_host_5,"The last action is still in progress, indicating ongoing monitoring for potential threats."
"# OBSERVATION

Mission Phase: 1
Last Action : Analyse host:office_network_subnet_user_host_5
Last Action Status: IN_PROGRESS
Communication Vectors: 
Commvector Blue Agent 0 Message: [0, 0, 0, 0, 0, 0, 0, 1]
Commvector Blue Agent 1 Message: [0, 0, 0, 0, 0, 0, 0, 0]
Commvector Blue Agent 2 Message: [0, 0, 0, 0, 0, 0, 0, 1]
Commvector Blue Agent 3 Message: [0, 0, 0, 0, 0, 0, 0, 0]

 Suspicious Activity Detected: None",Analyse,host:office_network_subnet_user_host_5,"The last action is still in progress, and further analysis is needed to confirm the status of suspicious activity."
"# OBSERVATION

Mission Phase: 1
Last Action : Analyse host:office_network_subnet_user_host_5
Last Action Status: IN_PROGRESS
Communication Vectors: 
Commvector Blue Agent 0 Message: [0, 0, 0, 0, 0, 0, 0, 0]
Commvector Blue Agent 1 Message: [0, 0, 0, 0, 0, 0, 0, 0]
Commvector Blue Agent 2 Message: [0, 0, 0, 0, 0, 0, 0, 0]
Commvector Blue Agent 3 Message: [0, 0, 0, 0, 0, 0, 0, 0]

 Suspicious Activity Detected: None",Analyse,host:office_network_subnet_user_host_5,"The previous analysis action is still in progress, monitoring for suspicious activity."
"# OBSERVATION

Mission Phase: 1
Last Action : Analyse host:office_network_subnet_user_host_5
Last Action Status: IN_PROGRESS
Communication Vectors: 
Commvector Blue Agent 0 Message: [0, 0, 0, 0, 0, 0, 0, 1]
Commvector Blue Agent 1 Message: [0, 0, 0, 0, 0, 0, 0, 0]
Commvector Blue Agent 2 Message: [0, 0, 0, 0, 0, 0, 0, 1]
Commvector Blue Agent 3 Message: [0, 0, 0, 0, 0, 0, 0, 1]

 Suspicious Activity Detected: None",Analyse,host:office_network_subnet_user_host_5,Continuing to gather information while the current analysis is in progress.
"# OBSERVATION

Mission Phase: 1
Last Action : Analyse host:office_network_subnet_user_host_5
Last Action Status: IN_PROGRESS
Communication Vectors: 
Commvector Blue Agent 0 Message: [0, 0, 0, 0, 0, 0, 0, 1]
Commvector Blue Agent 1 Message: [0, 0, 0, 0, 0, 0, 0, 0]
Commvector Blue Agent 2 Message: [0, 0, 0, 0, 0, 0, 0, 0]
Commvector Blue Agent 3 Message: [0, 0, 0, 0, 0, 0, 0, 0]

 Suspicious Activity Detected: None",Analyse,host:office_network_subnet_user_host_5,Continuing the analysis to gather more information on the host's state.
"# OBSERVATION

Mission Phase: 1
Last Action : Analyse host:office_network_subnet_user_host_5
Last Action Status: IN_PROGRESS
Communication Vectors: 
Commvector Blue Agent 0 Message: [0, 0, 0, 0, 0, 0, 0, 0]
Commvector Blue Agent 1 Message: [0, 0, 0, 0, 0, 0, 0, 0]
Commvector Blue Agent 2 Message: [0, 0, 0, 0, 0, 0, 0, 1]
Commvector Blue Agent 3 Message: [0, 0, 0, 0, 0, 0, 0, 1]

 Suspicious Activity Detected: None",Analyse,host:office_network_subnet_user_host_5,Continuing with the ongoing analysis to determine the status of the host.
"# OBSERVATION

Mission Phase: 1
Last Action : Analyse host:office_network_subnet_user_host_5
Last Action Status: IN_PROGRESS
Communication Vectors: 
Commvector Blue Agent 0 Message: [0, 0, 0, 0, 0, 0, 0, 1]
Commvector Blue Agent 1 Message: [0, 0, 0, 0, 0, 0, 0, 0]
Commvector Blue Agent 2 Message: [0, 0, 0, 0, 0, 0, 0, 0]
Commvector Blue Agent 3 Message: [0, 0, 0, 0, 0, 0, 0, 0]

 Suspicious Activity Detected: None",Analyse,host:office_network_subnet_user_host_5,Continuing analysis as the last action is still in progress.
"# OBSERVATION

Mission Phase: 1
Last Action : Analyse host:office_network_subnet_user_host_5
Last Action Status: IN_PROGRESS
Communication Vectors: 
Commvector Blue Agent 0 Message: [0, 0, 0, 0, 0, 0, 0, 1]
Commvector Blue Agent 1 Message: [0, 0, 0, 0, 0, 0, 0, 1]
Commvector Blue Agent 2 Message: [0, 0, 0, 0, 0, 0, 0, 1]
Commvector Blue Agent 3 Message: [0, 0, 0, 0, 0, 0, 0, 0]

 Suspicious Activity Detected: None",Analyse,host:office_network_subnet_user_host_5,Continuing to monitor suspicious activity as the last action is still in progress.
"# OBSERVATION

Mission Phase: 1
Last Action : Analyse host:office_network_subnet_user_host_5
Last Action Status: IN_PROGRESS
Communication Vectors: 
Commvector Blue Agent 0 Message: [0, 0, 0, 0, 0, 0, 0, 0]
Commvector Blue Agent 1 Message: [0, 0, 0, 0, 0, 0, 0, 0]
Commvector Blue Agent 2 Message: [0, 0, 1, 0, 0, 1, 0, 0]
Commvector Blue Agent 3 Message: [0, 0, 0, 0, 0, 0, 0, 1]

 Suspicious Activity Detected: None",Analyse,host:office_network_subnet_user_host_5,Continuing to investigate the host for potential suspicious activity as the last analysis is still in progress.
"# OBSERVATION

Mission Phase: 1
Last Action : Analyse host:office_network_subnet_user_host_5
Last Action Status: IN_PROGRESS
Communication Vectors: 
Commvector Blue Agent 0 Message: [0, 0, 0, 0, 0, 0, 0, 1]
Commvector Blue Agent 1 Message: [0, 0, 0, 0, 0, 0, 0, 0]
Commvector Blue Agent 2 Message: [0, 0, 0, 0, 0, 0, 0, 1]
Commvector Blue Agent 3 Message: [0, 0, 0, 0, 0, 0, 0, 0]

 Suspicious Activity Detected: None",Analyse,host:office_network_subnet_user_host_5,"Last action is still in progress, further analysis may yield additional insights."
"# OBSERVATION

Mission Phase: 1
Last Action : Analyse host:office_network_subnet_user_host_5
Last Action Status: IN_PROGRESS
Communication Vectors: 
Commvector Blue Agent 0 Message: [0, 0, 0, 0, 0, 0, 0, 1]
Commvector Blue Agent 1 Message: [0, 0, 0, 0, 0, 0, 0, 1]
Commvector Blue Agent 2 Message: [0, 0, 0, 0, 0, 0, 0, 0]
Commvector Blue Agent 3 Message: [0, 0, 0, 0, 0, 0, 0, 1]

 Suspicious Activity Detected: None",Analyse,host:office_network_subnet_user_host_5,The previous analysis action is still in progress and needs completion to assess the host's status.
"# OBSERVATION

Mission Phase: 1
Last Action : Analyse host:office_network_subnet_user_host_5
Last Action Status: IN_PROGRESS
Communication Vectors: 
Commvector Blue Agent 0 Message: [0, 0, 0, 0, 0, 0, 0, 0]
Commvector Blue Agent 1 Message: [0, 0, 0, 0, 0, 0, 0, 0]
Commvector Blue Agent 2 Message: [0, 0, 0, 0, 0, 0, 0, 1]
Commvector Blue Agent 3 Message: [0, 0, 0, 0, 0, 0, 0, 0]

 Suspicious Activity Detected: None",Analyse,host:office_network_subnet_user_host_5,"The previous analysis is still in progress, and no suspicious activity has been detected."
"# OBSERVATION

Mission Phase: 1
Last Action : Analyse host:office_network_subnet_user_host_5
Last Action Status: IN_PROGRESS
Communication Vectors: 
Commvector Blue Agent 0 Message: [0, 0, 0, 0, 0, 0, 0, 0]
Commvector Blue Agent 1 Message: [0, 0, 0, 0, 0, 0, 0, 1]
Commvector Blue Agent 2 Message: [0, 0, 0, 0, 0, 0, 0, 0]
Commvector Blue Agent 3 Message: [0, 0, 0, 0, 0, 0, 0, 0]

 Suspicious Activity Detected: None",Analyse,host:office_network_subnet_user_host_5,"The last action is still in progress, indicating ongoing investigation on this host."
"# OBSERVATION

Mission Phase: 1
Last Action : Analyse host:office_network_subnet_user_host_5
Last Action Status: IN_PROGRESS
Communication Vectors: 
Commvector Blue Agent 0 Message: [0, 0, 0, 0, 0, 0, 0, 0]
Commvector Blue Agent 1 Message: [0, 0, 0, 0, 0, 0, 0, 0]
Commvector Blue Agent 2 Message: [0, 0, 0, 0, 0, 0, 0, 1]
Commvector Blue Agent 3 Message: [0, 0, 0, 0, 0, 0, 0, 0]

 Suspicious Activity Detected: None",Analyse,host:office_network_subnet_user_host_5,Continuing the analysis since the last action is still in progress.
"# OBSERVATION

Mission Phase: 1
Last Action : Analyse host:office_network_subnet_user_host_5
Last Action Status: IN_PROGRESS
Communication Vectors: 
Commvector Blue Agent 0 Message: [0, 0, 0, 0, 0, 0, 0, 0]
Commvector Blue Agent 1 Message: [0, 0, 0, 0, 0, 0, 0, 0]
Commvector Blue Agent 2 Message: [0, 0, 0, 0, 0, 0, 0, 0]
Commvector Blue Agent 3 Message: [0, 0, 0, 0, 0, 0, 0, 0]

 Suspicious Activity Detected: None",Analyse,host:office_network_subnet_user_host_5,The analysis is still in progress and further information is needed to determine the state of the host.
"# OBSERVATION

Mission Phase: 1
Last Action : Analyse host:office_network_subnet_user_host_5
Last Action Status: IN_PROGRESS
Communication Vectors: 
Commvector Blue Agent 0 Message: [0, 0, 0, 0, 0, 0, 0, 1]
Commvector Blue Agent 1 Message: [0, 0, 0, 0, 0, 0, 0, 0]
Commvector Blue Agent 2 Message: [0, 0, 0, 0, 0, 0, 0, 1]
Commvector Blue Agent 3 Message: [0, 0, 0, 0, 0, 0, 0, 1]

 Suspicious Activity Detected: None",Analyse,host:office_network_subnet_user_host_5,"Last action is still in progress, indicating further analysis is needed."
"# OBSERVATION

Mission Phase: 1
Last Action : Analyse host:office_network_subnet_user_host_5
Last Action Status: IN_PROGRESS
Communication Vectors: 
Commvector Blue Agent 0 Message: [0, 0, 0, 0, 0, 0, 0, 0]
Commvector Blue Agent 1 Message: [0, 0, 0, 0, 0, 0, 0, 0]
Commvector Blue Agent 2 Message: [0, 0, 0, 0, 0, 0, 0, 1]
Commvector Blue Agent 3 Message: [0, 0, 0, 0, 0, 0, 0, 0]

 Suspicious Activity Detected: None",Analyse,host:office_network_subnet_user_host_5,"The previous analyse action is still in progress, and no suspicious activity has been detected."
"# OBSERVATION

Mission Phase: 1
Last Action : Analyse host:office_network_subnet_user_host_5
Last Action Status: IN_PROGRESS
Communication Vectors: 
Commvector Blue Agent 0 Message: [0, 0, 0, 0, 0, 0, 0, 0]
Commvector Blue Agent 1 Message: [0, 0, 0, 0, 0, 0, 0, 0]
Commvector Blue Agent 2 Message: [0, 0, 0, 0, 0, 0, 0, 0]
Commvector Blue Agent 3 Message: [0, 0, 0, 0, 0, 0, 0, 0]

 Suspicious Activity Detected: None",Analyse,host:office_network_subnet_user_host_5,Continuing the analysis of the host that is already being analyzed for potential suspicious activity.
"# OBSERVATION

Mission Phase: 1
Last Action : Analyse host:office_network_subnet_user_host_5
Last Action Status: IN_PROGRESS
Communication Vectors: 
Commvector Blue Agent 0 Message: [0, 0, 0, 0, 0, 0, 0, 1]
Commvector Blue Agent 1 Message: [0, 0, 0, 0, 0, 0, 0, 0]
Commvector Blue Agent 2 Message: [0, 0, 0, 0, 0, 0, 0, 1]
Commvector Blue Agent 3 Message: [0, 0, 0, 0, 0, 0, 0, 0]

 Suspicious Activity Detected: None",Analyse,host:office_network_subnet_user_host_5,Continuing to gather information on the host as the analysis is in progress.
"# OBSERVATION

Mission Phase: 1
Last Action : Analyse host:office_network_subnet_user_host_5
Last Action Status: IN_PROGRESS
Communication Vectors: 
Commvector Blue Agent 0 Message: [0, 0, 0, 0, 0, 0, 0, 0]
Commvector Blue Agent 1 Message: [0, 0, 0, 0, 0, 0, 0, 0]
Commvector Blue Agent 2 Message: [0, 0, 0, 0, 0, 0, 0, 0]
Commvector Blue Agent 3 Message: [0, 0, 0, 0, 0, 0, 0, 0]

 Suspicious Activity Detected: None",Analyse,host:office_network_subnet_user_host_5,Current action is still in progress; no further action needed at this time.
"# OBSERVATION

Mission Phase: 1
Last Action : Analyse host:office_network_subnet_user_host_5
Last Action Status: IN_PROGRESS
Communication Vectors: 
Commvector Blue Agent 0 Message: [0, 0, 0, 0, 0, 0, 0, 1]
Commvector Blue Agent 1 Message: [0, 0, 0, 0, 0, 0, 0, 0]
Commvector Blue Agent 2 Message: [0, 0, 0, 0, 0, 0, 0, 1]
Commvector Blue Agent 3 Message: [0, 0, 0, 0, 0, 0, 0, 0]

 Suspicious Activity Detected: None",Analyse,host:office_network_subnet_user_host_5,The last action is currently in progress to gather more information about potential threats.
"# OBSERVATION

Mission Phase: 1
Last Action : Analyse host:office_network_subnet_user_host_5
Last Action Status: IN_PROGRESS
Communication Vectors: 
Commvector Blue Agent 0 Message: [0, 0, 0, 0, 0, 0, 0, 0]
Commvector Blue Agent 1 Message: [0, 0, 0, 0, 0, 0, 0, 0]
Commvector Blue Agent 2 Message: [0, 0, 0, 0, 0, 0, 0, 0]
Commvector Blue Agent 3 Message: [0, 0, 0, 0, 0, 0, 0, 0]

 Suspicious Activity Detected: None",Analyse,host:office_network_subnet_user_host_5,"The analysis is already in progress, and completing it will help determine if there are any underlying issues with the host."
"# OBSERVATION

Mission Phase: 1
Last Action : Analyse host:office_network_subnet_user_host_5
Last Action Status: IN_PROGRESS
Communication Vectors: 
Commvector Blue Agent 0 Message: [0, 0, 0, 0, 0, 0, 0, 1]
Commvector Blue Agent 1 Message: [0, 0, 0, 0, 0, 0, 0, 0]
Commvector Blue Agent 2 Message: [0, 0, 0, 0, 0, 0, 0, 1]
Commvector Blue Agent 3 Message: [0, 0, 0, 0, 0, 0, 0, 0]

 Suspicious Activity Detected: None",Analyse,host:office_network_subnet_user_host_5,The analysis is already in progress to gather more information.
"# OBSERVATION

Mission Phase: 1
Last Action : Analyse host:office_network_subnet_user_host_5
Last Action Status: IN_PROGRESS
Communication Vectors: 
Commvector Blue Agent 0 Message: [0, 0, 0, 0, 0, 0, 0, 0]
Commvector Blue Agent 1 Message: [0, 0, 0, 0, 0, 0, 0, 0]
Commvector Blue Agent 2 Message: [0, 0, 0, 0, 0, 0, 0, 0]
Commvector Blue Agent 3 Message: [0, 0, 0, 0, 0, 0, 0, 1]

 Suspicious Activity Detected: None",Analyse,host:office_network_subnet_user_host_5,Continuing the analysis of the host to determine any potential compromise.
"# OBSERVATION

Mission Phase: 1
Last Action : Analyse host:office_network_subnet_user_host_5
Last Action Status: IN_PROGRESS
Communication Vectors: 
Commvector Blue Agent 0 Message: [0, 0, 0, 0, 0, 0, 0, 1]
Commvector Blue Agent 1 Message: [0, 0, 0, 0, 0, 0, 0, 1]
Commvector Blue Agent 2 Message: [0, 0, 0, 0, 0, 0, 0, 0]
Commvector Blue Agent 3 Message: [0, 0, 0, 0, 0, 0, 0, 0]

 Suspicious Activity Detected: None",Analyse,host:office_network_subnet_user_host_5,Last action is still in progress to understand the status of the host.
"# OBSERVATION

Mission Phase: 1
Last Action : Analyse host:admin_network_subnet_server_host_1
Last Action Status: IN_PROGRESS
Communication Vectors: 
Commvector Blue Agent 0 Message: [0, 0, 0, 0, 0, 0, 0, 1]
Commvector Blue Agent 1 Message: [0, 0, 0, 0, 0, 0, 0, 0]
Commvector Blue Agent 2 Message: [0, 0, 0, 0, 0, 0, 0, 1]
Commvector Blue Agent 3 Message: [0, 0, 0, 0, 0, 0, 0, 0]

Suspicious Activity Detected:
- Hostname: office_network_subnet_router | IP: 10.0.50.14 | INFO: Connection to 10.0.50.71 | INFO: Connection to 10.0.50.71
- Hostname: office_network_subnet_user_host_4 | IP: 10.0.50.14 | INFO: Connection to 10.0.50.71 | INFO: Connection to 10.0.50.71 | INFO: Connection to 10.0.50.71 | INFO: Connection to 10.0.50.71 | INFO: Connection to 10.0.50.71 | INFO: Connection to 10.0.50.71 | INFO: Connection to 10.0.50.71 | INFO: Connection to 10.0.50.71 | INFO: Connection to 10.0.50.71 | INFO: Connection to 10.0.50.71 | INFO: Connection to 10.0.50.71 | INFO: Connection to 10.0.50.71 | INFO: Connection to 10.0.50.71 | INFO: Connection to 10.0.50.71 | INFO: Connection to 10.0.50.71 | INFO: Connection to 10.0.50.71 | INFO: Connection to 10.0.50.71 | INFO: Connection to 10.0.50.71 | INFO: Connection to 10.0.50.71 | INFO: Connection to 10.0.50.71 | INFO: Connection to 10.0.50.71 | INFO: Connection to 10.0.50.71 | WARNING: Suspicious process detected
- Hostname: office_network_subnet_user_host_5 | IP: 10.0.50.14 | INFO: Connection to 10.0.50.71 | INFO: Connection to 10.0.50.71",Analyse,host:office_network_subnet_user_host_5,Further analysis is needed due to multiple INFO connections and a WARNING for suspicious activity.
"# OBSERVATION

Mission Phase: 1
Last Action : Analyse host:admin_network_subnet_server_host_1
Last Action Status: IN_PROGRESS
Communication Vectors: 
Commvector Blue Agent 0 Message: [0, 0, 0, 0, 0, 0, 0, 0]
Commvector Blue Agent 1 Message: [0, 0, 0, 0, 0, 0, 0, 0]
Commvector Blue Agent 2 Message: [0, 0, 0, 0, 0, 0, 0, 0]
Commvector Blue Agent 3 Message: [0, 0, 0, 0, 0, 0, 0, 1]

 Suspicious Activity Detected: None",Analyse,host:admin_network_subnet_server_host_1,The last action is still in progress and no suspicious activity has been detected.
"# OBSERVATION

Mission Phase: 1
Last Action : Analyse host:admin_network_subnet_server_host_1
Last Action Status: IN_PROGRESS
Communication Vectors: 
Commvector Blue Agent 0 Message: [0, 0, 0, 0, 0, 0, 0, 0]
Commvector Blue Agent 1 Message: [0, 0, 0, 0, 0, 0, 0, 0]
Commvector Blue Agent 2 Message: [0, 0, 1, 0, 0, 1, 0, 1]
Commvector Blue Agent 3 Message: [0, 0, 0, 0, 0, 0, 0, 0]

 Suspicious Activity Detected: None",Analyse,host:admin_network_subnet_server_host_1,Continuing the analysis of the host to determine any potential threats as the last action is still in progress.
"# OBSERVATION

Mission Phase: 1
Last Action : Analyse host:admin_network_subnet_server_host_1
Last Action Status: IN_PROGRESS
Communication Vectors: 
Commvector Blue Agent 0 Message: [0, 0, 0, 0, 0, 0, 0, 1]
Commvector Blue Agent 1 Message: [0, 0, 0, 0, 0, 0, 0, 0]
Commvector Blue Agent 2 Message: [0, 0, 0, 0, 0, 0, 0, 0]
Commvector Blue Agent 3 Message: [0, 0, 0, 1, 0, 1, 0, 1]

 Suspicious Activity Detected: None",Analyse,host:admin_network_subnet_server_host_1,"The previous analysis is still in progress, indicating ongoing assessment is necessary before taking further actions."
"# OBSERVATION

Mission Phase: 1
Last Action : Analyse host:admin_network_subnet_server_host_1
Last Action Status: IN_PROGRESS
Communication Vectors: 
Commvector Blue Agent 0 Message: [0, 0, 0, 0, 0, 0, 0, 0]
Commvector Blue Agent 1 Message: [0, 0, 0, 0, 0, 0, 0, 0]
Commvector Blue Agent 2 Message: [0, 0, 0, 0, 0, 0, 0, 1]
Commvector Blue Agent 3 Message: [0, 0, 0, 0, 0, 0, 0, 0]

 Suspicious Activity Detected: None",Analyse,host:admin_network_subnet_server_host_1,"The current analysis on the host is still in progress, indicating that further monitoring is necessary."
"# OBSERVATION

Mission Phase: 1
Last Action : Analyse host:admin_network_subnet_server_host_1
Last Action Status: IN_PROGRESS
Communication Vectors: 
Commvector Blue Agent 0 Message: [0, 0, 0, 0, 0, 0, 0, 0]
Commvector Blue Agent 1 Message: [0, 0, 0, 0, 0, 0, 0, 0]
Commvector Blue Agent 2 Message: [0, 0, 0, 0, 0, 0, 0, 0]
Commvector Blue Agent 3 Message: [0, 0, 0, 0, 0, 0, 0, 0]

 Suspicious Activity Detected: None",Analyse,host:admin_network_subnet_server_host_1,"The previous analysis is still in progress, and no further action is currently required."
"# OBSERVATION

Mission Phase: 1
Last Action : Analyse host:admin_network_subnet_server_host_1
Last Action Status: IN_PROGRESS
Communication Vectors: 
Commvector Blue Agent 0 Message: [1, 0, 0, 0, 0, 1, 0, 0]
Commvector Blue Agent 1 Message: [0, 0, 0, 0, 0, 0, 0, 0]
Commvector Blue Agent 2 Message: [0, 0, 0, 0, 0, 0, 0, 1]
Commvector Blue Agent 3 Message: [0, 0, 0, 0, 0, 0, 0, 1]

 Suspicious Activity Detected: None",Analyse,host:admin_network_subnet_server_host_1,"The previous analysis is still in progress, and no suspicious activity has been detected."
"# OBSERVATION

Mission Phase: 1
Last Action : Analyse host:admin_network_subnet_server_host_1
Last Action Status: IN_PROGRESS
Communication Vectors: 
Commvector Blue Agent 0 Message: [0, 0, 0, 0, 0, 0, 0, 0]
Commvector Blue Agent 1 Message: [0, 0, 0, 0, 0, 0, 0, 0]
Commvector Blue Agent 2 Message: [0, 0, 0, 0, 0, 0, 0, 0]
Commvector Blue Agent 3 Message: [0, 0, 0, 0, 0, 0, 0, 0]

 Suspicious Activity Detected: None",Analyse,host:admin_network_subnet_server_host_1,"The previous analysis is still in progress, indicating ongoing investigation into the host."
"# OBSERVATION

Mission Phase: 1
Last Action : Analyse host:public_access_zone_subnet_server_host_2
Last Action Status: IN_PROGRESS
Communication Vectors: 
Commvector Blue Agent 0 Message: [0, 0, 0, 0, 0, 0, 0, 1]
Commvector Blue Agent 1 Message: [0, 0, 0, 0, 0, 0, 0, 0]
Commvector Blue Agent 2 Message: [0, 0, 0, 0, 0, 0, 0, 1]
Commvector Blue Agent 3 Message: [0, 0, 0, 0, 0, 0, 0, 0]

Suspicious Activity Detected:
- Hostname: admin_network_subnet_server_host_1 | IP: 10.0.22.70 | INFO: Connection to 10.0.232.253 | INFO: Connection to 10.0.232.253",Analyse,host:admin_network_subnet_server_host_1,Suspicious connections detected on the host that may require further investigation.
"# OBSERVATION

Mission Phase: 1
Last Action : Analyse host:public_access_zone_subnet_server_host_2
Last Action Status: IN_PROGRESS
Communication Vectors: 
Commvector Blue Agent 0 Message: [0, 0, 0, 0, 0, 0, 0, 0]
Commvector Blue Agent 1 Message: [0, 0, 0, 0, 0, 0, 0, 1]
Commvector Blue Agent 2 Message: [0, 0, 0, 0, 0, 0, 0, 0]
Commvector Blue Agent 3 Message: [0, 0, 0, 0, 0, 0, 0, 0]

 Suspicious Activity Detected: None",Analyse,host:public_access_zone_subnet_server_host_2,Reassessment needed as the previous action is still in progress.
"# OBSERVATION

Mission Phase: 1
Last Action : Analyse host:public_access_zone_subnet_server_host_2
Last Action Status: IN_PROGRESS
Communication Vectors: 
Commvector Blue Agent 0 Message: [0, 0, 0, 0, 0, 0, 0, 0]
Commvector Blue Agent 1 Message: [0, 0, 0, 0, 0, 0, 0, 0]
Commvector Blue Agent 2 Message: [0, 0, 0, 0, 0, 0, 0, 1]
Commvector Blue Agent 3 Message: [0, 0, 0, 0, 0, 0, 0, 0]

 Suspicious Activity Detected: None",Analyse,host:public_access_zone_subnet_server_host_2,The analysis is still in progress and needs to be completed to evaluate the situation.
"# OBSERVATION

Mission Phase: 1
Last Action : Analyse host:admin_network_subnet_server_host_1
Last Action Status: IN_PROGRESS
Communication Vectors: 
Commvector Blue Agent 0 Message: [0, 0, 0, 0, 0, 0, 0, 1]
Commvector Blue Agent 1 Message: [0, 0, 0, 0, 0, 0, 0, 0]
Commvector Blue Agent 2 Message: [0, 0, 0, 0, 0, 0, 0, 0]
Commvector Blue Agent 3 Message: [0, 0, 0, 0, 0, 0, 0, 1]

Suspicious Activity Detected:
- Hostname: public_access_zone_subnet_server_host_2 | IP: 10.0.99.252 | INFO: Connection to 10.0.99.183 | INFO: Connection to 10.0.99.183 | INFO: Connection to 10.0.99.183 | INFO: Connection to 10.0.99.183",Analyse,host:public_access_zone_subnet_server_host_2,"Suspicious connections detected, need to assess for potential red activity."
"# OBSERVATION

Mission Phase: 1
Last Action : Analyse host:public_access_zone_subnet_user_host_5
Last Action Status: IN_PROGRESS
Communication Vectors: 
Commvector Blue Agent 0 Message: [0, 0, 0, 0, 0, 0, 0, 0]
Commvector Blue Agent 1 Message: [0, 0, 0, 0, 0, 0, 0, 1]
Commvector Blue Agent 2 Message: [0, 0, 0, 0, 0, 0, 0, 0]
Commvector Blue Agent 3 Message: [0, 0, 0, 0, 0, 0, 0, 0]

Suspicious Activity Detected:
- Hostname: admin_network_subnet_server_host_1 | IP: 10.0.193.22 | INFO: Connection to 10.0.232.253 | INFO: Connection to 10.0.232.253",Analyse,host:admin_network_subnet_server_host_1,"Suspicious connections detected on the host, requiring further investigation."
"# OBSERVATION

Mission Phase: 1
Last Action : Analyse host:public_access_zone_subnet_user_host_5
Last Action Status: IN_PROGRESS
Communication Vectors: 
Commvector Blue Agent 0 Message: [0, 0, 0, 0, 0, 0, 0, 0]
Commvector Blue Agent 1 Message: [0, 0, 0, 0, 0, 0, 0, 0]
Commvector Blue Agent 2 Message: [0, 0, 0, 0, 0, 0, 0, 1]
Commvector Blue Agent 3 Message: [0, 0, 0, 0, 0, 0, 0, 0]

 Suspicious Activity Detected: None",Analyse,host:public_access_zone_subnet_user_host_5,"The previous analysis is still in progress, ensuring that the host is monitored for any suspicious activity."
"# OBSERVATION

Mission Phase: 1
Last Action : Remove host:public_access_zone_subnet_user_host_5
Last Action Status: TRUE
Communication Vectors: 
Commvector Blue Agent 0 Message: [0, 0, 0, 0, 0, 0, 0, 0]
Commvector Blue Agent 1 Message: [0, 0, 0, 0, 0, 0, 0, 1]
Commvector Blue Agent 2 Message: [0, 0, 0, 0, 0, 0, 0, 0]
Commvector Blue Agent 3 Message: [0, 0, 0, 0, 0, 0, 0, 0]

 Suspicious Activity Detected: None",Analyse,host:public_access_zone_subnet_user_host_5,Further analysis is needed to confirm the integrity of the host after the recent removal action.
"# OBSERVATION

Mission Phase: 1
Last Action : Remove host:public_access_zone_subnet_user_host_5
Last Action Status: IN_PROGRESS
Communication Vectors: 
Commvector Blue Agent 0 Message: [0, 0, 0, 0, 0, 0, 0, 1]
Commvector Blue Agent 1 Message: [0, 0, 0, 0, 0, 0, 0, 1]
Commvector Blue Agent 2 Message: [0, 0, 0, 0, 0, 0, 0, 1]
Commvector Blue Agent 3 Message: [0, 0, 0, 0, 0, 0, 0, 0]

 Suspicious Activity Detected: None",Remove,host:public_access_zone_subnet_user_host_5,The previous removal action is in progress for a potential compromise.
"# OBSERVATION

Mission Phase: 1
Last Action : AllowTrafficZone subnet:public_access_zone
Last Action Status: FALSE
Communication Vectors: 
Commvector Blue Agent 0 Message: [0, 0, 0, 0, 0, 0, 0, 0]
Commvector Blue Agent 1 Message: [0, 0, 0, 0, 0, 0, 0, 0]
Commvector Blue Agent 2 Message: [0, 0, 0, 0, 0, 0, 0, 0]
Commvector Blue Agent 3 Message: [0, 0, 0, 0, 0, 0, 0, 1]

Suspicious Activity Detected:
- Hostname: public_access_zone_subnet_user_host_5 | IP: 10.0.99.101",Remove,host:public_access_zone_subnet_user_host_5,"A red agent has been detected on the host, indicating a user-level compromise."
"# OBSERVATION

Mission Phase: 1
Last Action : AllowTrafficZone subnet:public_access_zone
Last Action Status: FALSE
Communication Vectors: 
Commvector Blue Agent 0 Message: [0, 0, 0, 0, 0, 0, 0, 0]
Commvector Blue Agent 1 Message: [0, 0, 0, 0, 0, 0, 0, 0]
Commvector Blue Agent 2 Message: [0, 0, 0, 0, 0, 0, 0, 0]
Commvector Blue Agent 3 Message: [0, 0, 0, 0, 0, 0, 0, 0]

 Suspicious Activity Detected: None",AllowTrafficZone,subnet:public_access_zone,"The last action was unsuccessful, indicating the zone was already in the desired state."
"# OBSERVATION

Mission Phase: 1
Last Action : AllowTrafficZone subnet:public_access_zone
Last Action Status: FALSE
Communication Vectors: 
Commvector Blue Agent 0 Message: [0, 0, 0, 0, 0, 0, 0, 0]
Commvector Blue Agent 1 Message: [0, 0, 0, 0, 0, 0, 0, 0]
Commvector Blue Agent 2 Message: [0, 0, 0, 0, 0, 0, 0, 1]
Commvector Blue Agent 3 Message: [0, 0, 0, 0, 0, 0, 0, 0]

 Suspicious Activity Detected: None",AllowTrafficZone,subnet:public_access_zone,The zone is currently blocked and needs to be accessible without any detected suspicious activity.
"# OBSERVATION

Mission Phase: 1
Last Action : AllowTrafficZone subnet:public_access_zone
Last Action Status: FALSE
Communication Vectors: 
Commvector Blue Agent 0 Message: [0, 0, 0, 0, 0, 0, 0, 1]
Commvector Blue Agent 1 Message: [0, 0, 0, 0, 0, 0, 0, 0]
Commvector Blue Agent 2 Message: [0, 0, 0, 0, 0, 0, 0, 0]
Commvector Blue Agent 3 Message: [0, 0, 0, 0, 0, 0, 0, 0]

 Suspicious Activity Detected: None",AllowTrafficZone,subnet:public_access_zone,The zone is not currently blocked and this action can facilitate necessary connectivity.
"# OBSERVATION

Mission Phase: 1
Last Action : AllowTrafficZone subnet:public_access_zone
Last Action Status: FALSE
Communication Vectors: 
Commvector Blue Agent 0 Message: [0, 0, 0, 0, 0, 0, 0, 0]
Commvector Blue Agent 1 Message: [0, 0, 0, 0, 0, 0, 0, 0]
Commvector Blue Agent 2 Message: [0, 0, 0, 0, 0, 0, 0, 1]
Commvector Blue Agent 3 Message: [0, 0, 0, 0, 0, 0, 0, 0]

 Suspicious Activity Detected: None",AllowTrafficZone,subnet:public_access_zone,The previous action to allow traffic was unsuccessful; the zone requires connectivity.
"# OBSERVATION

Mission Phase: 1
Last Action : AllowTrafficZone subnet:public_access_zone
Last Action Status: FALSE
Communication Vectors: 
Commvector Blue Agent 0 Message: [0, 0, 0, 0, 0, 0, 0, 0]
Commvector Blue Agent 1 Message: [0, 0, 0, 0, 0, 0, 0, 0]
Commvector Blue Agent 2 Message: [0, 0, 0, 0, 0, 0, 0, 0]
Commvector Blue Agent 3 Message: [0, 0, 0, 0, 0, 0, 0, 0]

 Suspicious Activity Detected: None",AllowTrafficZone,subnet:public_access_zone,The zone is currently blocked and needs to be accessible for necessary operations.
"# OBSERVATION

Mission Phase: 1
Last Action : AllowTrafficZone subnet:public_access_zone
Last Action Status: FALSE
Communication Vectors: 
Commvector Blue Agent 0 Message: [0, 0, 0, 0, 0, 0, 0, 0]
Commvector Blue Agent 1 Message: [0, 0, 0, 0, 0, 0, 0, 0]
Commvector Blue Agent 2 Message: [0, 0, 0, 0, 0, 0, 0, 1]
Commvector Blue Agent 3 Message: [0, 0, 0, 0, 0, 0, 0, 0]

 Suspicious Activity Detected: None",AllowTrafficZone,subnet:public_access_zone,"Currently in Phase 1, and the last action was unsuccessful, indicating a need to ensure connectivity."
"# OBSERVATION

Mission Phase: 1
Last Action : AllowTrafficZone subnet:public_access_zone
Last Action Status: FALSE
Communication Vectors: 
Commvector Blue Agent 0 Message: [0, 0, 0, 0, 0, 0, 0, 1]
Commvector Blue Agent 1 Message: [0, 0, 0, 0, 0, 0, 0, 1]
Commvector Blue Agent 2 Message: [0, 0, 0, 0, 0, 0, 0, 0]
Commvector Blue Agent 3 Message: [0, 0, 0, 0, 0, 0, 0, 0]

 Suspicious Activity Detected: None",AllowTrafficZone,subnet:public_access_zone,The zone is currently blocked and requires connectivity for proper operation.
"# OBSERVATION

Mission Phase: 1
Last Action : AllowTrafficZone subnet:public_access_zone
Last Action Status: FALSE
Communication Vectors: 
Commvector Blue Agent 0 Message: [0, 0, 0, 0, 0, 0, 0, 0]
Commvector Blue Agent 1 Message: [0, 0, 0, 0, 0, 0, 0, 0]
Commvector Blue Agent 2 Message: [0, 0, 0, 0, 0, 0, 0, 1]
Commvector Blue Agent 3 Message: [0, 0, 0, 0, 0, 0, 0, 0]

 Suspicious Activity Detected: None",AllowTrafficZone,subnet:public_access_zone,"The action was not successful, indicating that the zone is still blocked and requires re-establishment of connectivity."
"# OBSERVATION

Mission Phase: 1
Last Action : AllowTrafficZone subnet:public_access_zone
Last Action Status: FALSE
Communication Vectors: 
Commvector Blue Agent 0 Message: [0, 0, 0, 0, 0, 0, 0, 0]
Commvector Blue Agent 1 Message: [0, 0, 0, 0, 0, 0, 0, 0]
Commvector Blue Agent 2 Message: [0, 0, 0, 0, 0, 0, 0, 0]
Commvector Blue Agent 3 Message: [0, 0, 0, 0, 0, 0, 0, 0]

 Suspicious Activity Detected: None",AllowTrafficZone,subnet:public_access_zone,Action was unsuccessful previously and needs to be completed to ensure connectivity in the public access zone.
"# OBSERVATION

Mission Phase: 1
Last Action : Analyse host:public_access_zone_subnet_user_host_2
Last Action Status: IN_PROGRESS
Communication Vectors: 
Commvector Blue Agent 0 Message: [0, 0, 0, 0, 0, 0, 0, 0]
Commvector Blue Agent 1 Message: [0, 0, 0, 0, 0, 0, 0, 0]
Commvector Blue Agent 2 Message: [0, 0, 0, 0, 0, 0, 0, 1]
Commvector Blue Agent 3 Message: [0, 0, 0, 0, 0, 0, 0, 0]

 Suspicious Activity Detected: None",AllowTrafficZone,subnet:public_access_zone,"Standard network connectivity is required in Phase 1, and no suspicious activity has been detected."
"# OBSERVATION

Mission Phase: 1
Last Action : Analyse host:public_access_zone_subnet_user_host_2
Last Action Status: IN_PROGRESS
Communication Vectors: 
Commvector Blue Agent 0 Message: [0, 0, 0, 0, 0, 0, 0, 1]
Commvector Blue Agent 1 Message: [0, 0, 0, 0, 0, 0, 0, 0]
Commvector Blue Agent 2 Message: [0, 0, 0, 0, 0, 0, 0, 0]
Commvector Blue Agent 3 Message: [0, 0, 0, 0, 0, 0, 0, 0]

 Suspicious Activity Detected: None",Analyse,host:public_access_zone_subnet_user_host_2,Continuing to investigate the ongoing analysis of the host as no suspicious activity has been detected.
"# OBSERVATION

Mission Phase: 1
Last Action : Analyse host:public_access_zone_subnet_user_host_2
Last Action Status: IN_PROGRESS
Communication Vectors: 
Commvector Blue Agent 0 Message: [0, 0, 0, 0, 0, 0, 0, 1]
Commvector Blue Agent 1 Message: [0, 0, 0, 0, 0, 0, 0, 0]
Commvector Blue Agent 2 Message: [0, 0, 0, 0, 0, 0, 0, 1]
Commvector Blue Agent 3 Message: [0, 0, 0, 0, 0, 0, 0, 0]

 Suspicious Activity Detected: None",Analyse,host:public_access_zone_subnet_user_host_2,Continuing the analysis of the host to gather more information as the last action is in progress.
"# OBSERVATION

Mission Phase: 1
Last Action : Analyse host:public_access_zone_subnet_user_host_2
Last Action Status: IN_PROGRESS
Communication Vectors: 
Commvector Blue Agent 0 Message: [0, 0, 0, 0, 0, 0, 0, 0]
Commvector Blue Agent 1 Message: [0, 0, 0, 0, 0, 0, 0, 0]
Commvector Blue Agent 2 Message: [0, 0, 0, 0, 0, 0, 0, 0]
Commvector Blue Agent 3 Message: [0, 0, 0, 0, 0, 0, 0, 0]

 Suspicious Activity Detected: None",Analyse,host:public_access_zone_subnet_user_host_2,Continuing the analysis of the host to further investigate potential issues.
"# OBSERVATION

Mission Phase: 1
Last Action : Analyse host:public_access_zone_subnet_user_host_2
Last Action Status: IN_PROGRESS
Communication Vectors: 
Commvector Blue Agent 0 Message: [0, 0, 0, 0, 0, 0, 0, 1]
Commvector Blue Agent 1 Message: [0, 0, 0, 0, 0, 0, 0, 0]
Commvector Blue Agent 2 Message: [0, 0, 0, 0, 0, 0, 0, 1]
Commvector Blue Agent 3 Message: [0, 0, 0, 0, 0, 0, 0, 0]

 Suspicious Activity Detected: None",Analyse,host:public_access_zone_subnet_user_host_2,The previous analysis is still in progress and no suspicious activity is detected.
"# OBSERVATION

Mission Phase: 1
Last Action : Analyse host:public_access_zone_subnet_user_host_2
Last Action Status: IN_PROGRESS
Communication Vectors: 
Commvector Blue Agent 0 Message: [0, 0, 0, 0, 0, 0, 0, 0]
Commvector Blue Agent 1 Message: [0, 0, 0, 0, 0, 0, 0, 0]
Commvector Blue Agent 2 Message: [0, 0, 0, 0, 0, 0, 0, 0]
Commvector Blue Agent 3 Message: [0, 0, 0, 0, 0, 0, 0, 1]

 Suspicious Activity Detected: None",Analyse,host:public_access_zone_subnet_user_host_2,"Last action is still in progress, indicating ongoing evaluation of the host's security status."
"# OBSERVATION

Mission Phase: 1
Last Action : Analyse host:public_access_zone_subnet_user_host_2
Last Action Status: IN_PROGRESS
Communication Vectors: 
Commvector Blue Agent 0 Message: [0, 0, 0, 0, 0, 0, 0, 0]
Commvector Blue Agent 1 Message: [0, 0, 0, 0, 0, 0, 0, 1]
Commvector Blue Agent 2 Message: [0, 0, 0, 0, 0, 0, 0, 1]
Commvector Blue Agent 3 Message: [0, 0, 0, 0, 0, 0, 0, 0]

 Suspicious Activity Detected: None",Analyse,host:public_access_zone_subnet_user_host_2,The analysis of the host is still in progress and no suspicious activity has been detected.
"# OBSERVATION

Mission Phase: 1
Last Action : Analyse host:public_access_zone_subnet_user_host_2
Last Action Status: IN_PROGRESS
Communication Vectors: 
Commvector Blue Agent 0 Message: [0, 0, 0, 0, 0, 0, 0, 1]
Commvector Blue Agent 1 Message: [0, 0, 0, 0, 0, 0, 0, 0]
Commvector Blue Agent 2 Message: [0, 0, 0, 0, 0, 0, 0, 0]
Commvector Blue Agent 3 Message: [0, 0, 0, 0, 0, 0, 0, 0]

 Suspicious Activity Detected: None",Analyse,host:public_access_zone_subnet_user_host_2,Continuing the analysis to determine if there are any indications of red activity.
"# OBSERVATION

Mission Phase: 1
Last Action : Analyse host:public_access_zone_subnet_user_host_3
Last Action Status: IN_PROGRESS
Communication Vectors: 
Commvector Blue Agent 0 Message: [0, 0, 0, 0, 0, 0, 0, 0]
Commvector Blue Agent 1 Message: [0, 0, 0, 0, 0, 0, 0, 1]
Commvector Blue Agent 2 Message: [0, 0, 0, 0, 0, 0, 0, 1]
Commvector Blue Agent 3 Message: [0, 0, 0, 0, 0, 0, 0, 0]

Suspicious Activity Detected:
- Hostname: public_access_zone_subnet_user_host_2 | IP: 10.0.99.144 | INFO: Connection to 10.0.50.89 | INFO: Connection to 10.0.50.89 | INFO: Connection to 10.0.50.89 | INFO: Connection to 10.0.50.89 | INFO: Connection to 10.0.50.89 | INFO: Connection to 10.0.50.89 | INFO: Connection to 10.0.50.89 | INFO: Connection to 10.0.50.89",Analyse,host:public_access_zone_subnet_user_host_2,"Suspicious activity detected on the host, requiring further analysis to determine if red agents are present."
"# OBSERVATION

Mission Phase: 1
Last Action : Analyse host:public_access_zone_subnet_user_host_3
Last Action Status: IN_PROGRESS
Communication Vectors: 
Commvector Blue Agent 0 Message: [0, 0, 0, 0, 0, 0, 0, 1]
Commvector Blue Agent 1 Message: [0, 0, 0, 0, 0, 0, 0, 0]
Commvector Blue Agent 2 Message: [0, 0, 0, 0, 0, 0, 0, 0]
Commvector Blue Agent 3 Message: [0, 0, 0, 0, 0, 0, 0, 1]

 Suspicious Activity Detected: None",Analyse,host:public_access_zone_subnet_user_host_3,Continuing analysis to ensure no threats are present since the last action is still in progress.
"# OBSERVATION

Mission Phase: 1
Last Action : Analyse host:public_access_zone_subnet_user_host_2
Last Action Status: IN_PROGRESS
Communication Vectors: 
Commvector Blue Agent 0 Message: [0, 0, 0, 0, 0, 0, 0, 0]
Commvector Blue Agent 1 Message: [0, 0, 0, 0, 0, 0, 0, 0]
Commvector Blue Agent 2 Message: [0, 0, 0, 0, 0, 0, 0, 0]
Commvector Blue Agent 3 Message: [0, 0, 0, 0, 0, 0, 0, 0]

Suspicious Activity Detected:
- Hostname: public_access_zone_subnet_router | IP: 10.0.99.135 | INFO: Connection to 10.0.232.222 | INFO: Connection to 10.0.232.222
- Hostname: public_access_zone_subnet_user_host_3 | IP: 10.0.99.135 | INFO: Connection to 10.0.232.222 | INFO: Connection to 10.0.232.222 | INFO: Connection to 10.0.232.222 | INFO: Connection to 10.0.232.222 | INFO: Connection to 10.0.232.222 | INFO: Connection to 10.0.232.222 | INFO: Connection to 10.0.232.222 | INFO: Connection to 10.0.232.222 | INFO: Connection to 10.0.232.222 | INFO: Connection to 10.0.232.222 | INFO: Connection to 10.0.232.222 | INFO: Connection to 10.0.232.222 | INFO: Connection to 10.0.232.222 | INFO: Connection to 10.0.232.222 | INFO: Connection to 10.0.232.222 | INFO: Connection to 10.0.232.222 | INFO: Connection to 10.0.232.222 | INFO: Connection to 10.0.232.222 | INFO: Connection to 10.0.232.222 | INFO: Connection to 10.0.232.222 | INFO: Connection to 10.0.232.222 | INFO: Connection to 10.0.232.222 | WARNING: Suspicious process detected
- Hostname: admin_network_subnet_router | IP: 10.0.99.135 | INFO: Connection to 10.0.232.222 | INFO: Connection to 10.0.232.222
- Hostname: admin_network_subnet_user_host_3 | IP: 10.0.99.135 | INFO: Connection to 10.0.232.222 | INFO: Connection to 10.0.232.222",Analyse,host:public_access_zone_subnet_user_host_3,Host has detected a suspicious process indicating potential red activity.
"# OBSERVATION

Mission Phase: 1
Last Action : Analyse host:public_access_zone_subnet_user_host_2
Last Action Status: IN_PROGRESS
Communication Vectors: 
Commvector Blue Agent 0 Message: [0, 0, 0, 0, 0, 0, 0, 1]
Commvector Blue Agent 1 Message: [0, 0, 0, 0, 0, 0, 0, 0]
Commvector Blue Agent 2 Message: [0, 0, 0, 0, 0, 0, 0, 1]
Commvector Blue Agent 3 Message: [0, 0, 0, 0, 0, 0, 0, 1]

 Suspicious Activity Detected: None",Analyse,host:public_access_zone_subnet_user_host_2,"The last action is still in progress, and no suspicious activity has been detected, indicating a need for further analysis."
"# OBSERVATION

Mission Phase: 1
Last Action : Analyse host:public_access_zone_subnet_user_host_2
Last Action Status: IN_PROGRESS
Communication Vectors: 
Commvector Blue Agent 0 Message: [0, 0, 0, 0, 0, 0, 0, 0]
Commvector Blue Agent 1 Message: [0, 0, 0, 0, 0, 0, 0, 0]
Commvector Blue Agent 2 Message: [0, 0, 0, 0, 0, 0, 0, 0]
Commvector Blue Agent 3 Message: [0, 0, 0, 0, 0, 0, 0, 0]

 Suspicious Activity Detected: None",Analyse,host:public_access_zone_subnet_user_host_2,The analysis is still in progress to determine the presence of any suspicious activity.
"# OBSERVATION

Mission Phase: 1
Last Action : Analyse host:public_access_zone_subnet_server_host_3
Last Action Status: IN_PROGRESS
Communication Vectors: 
Commvector Blue Agent 0 Message: [0, 0, 0, 0, 0, 0, 0, 0]
Commvector Blue Agent 1 Message: [0, 0, 0, 0, 0, 0, 0, 0]
Commvector Blue Agent 2 Message: [0, 0, 0, 0, 0, 0, 0, 1]
Commvector Blue Agent 3 Message: [0, 0, 0, 0, 0, 0, 0, 1]

Suspicious Activity Detected:
- Hostname: public_access_zone_subnet_user_host_2 | IP: 10.0.99.144",Analyse,host:public_access_zone_subnet_user_host_2,"Suspicious activity detected on the host, requiring further investigation."
"# OBSERVATION

Mission Phase: 1
Last Action : Analyse host:public_access_zone_subnet_server_host_3
Last Action Status: IN_PROGRESS
Communication Vectors: 
Commvector Blue Agent 0 Message: [0, 0, 0, 0, 0, 0, 0, 1]
Commvector Blue Agent 1 Message: [0, 0, 0, 0, 0, 0, 0, 0]
Commvector Blue Agent 2 Message: [0, 0, 0, 0, 0, 0, 0, 0]
Commvector Blue Agent 3 Message: [0, 0, 0, 0, 0, 0, 0, 0]

 Suspicious Activity Detected: None",Analyse,host:public_access_zone_subnet_server_host_3,Continuing analysis on the host to gather more information as the last action is still in progress.
"# OBSERVATION

Mission Phase: 1
Last Action : Analyse host:public_access_zone_subnet_server_host_3
Last Action Status: IN_PROGRESS
Communication Vectors: 
Commvector Blue Agent 0 Message: [0, 0, 0, 0, 0, 0, 0, 0]
Commvector Blue Agent 1 Message: [0, 0, 0, 0, 0, 0, 0, 0]
Commvector Blue Agent 2 Message: [0, 0, 0, 0, 0, 0, 0, 1]
Commvector Blue Agent 3 Message: [0, 0, 0, 0, 0, 0, 0, 0]

 Suspicious Activity Detected: None",Analyse,host:public_access_zone_subnet_server_host_3,Continuing the analysis as the last action is still in progress.
"# OBSERVATION

Mission Phase: 1
Last Action : Analyse host:public_access_zone_subnet_server_host_3
Last Action Status: IN_PROGRESS
Communication Vectors: 
Commvector Blue Agent 0 Message: [0, 0, 0, 0, 0, 0, 0, 0]
Commvector Blue Agent 1 Message: [0, 0, 0, 0, 0, 0, 0, 0]
Commvector Blue Agent 2 Message: [0, 0, 0, 0, 0, 0, 0, 0]
Commvector Blue Agent 3 Message: [0, 0, 0, 0, 0, 0, 0, 0]

 Suspicious Activity Detected: None",Analyse,host:public_access_zone_subnet_server_host_3,Continuing the analysis of the host to gather further information while the previous action is in progress.
"# OBSERVATION

Mission Phase: 1
Last Action : Analyse host:public_access_zone_subnet_server_host_3
Last Action Status: IN_PROGRESS
Communication Vectors: 
Commvector Blue Agent 0 Message: [0, 0, 0, 0, 0, 0, 0, 1]
Commvector Blue Agent 1 Message: [0, 0, 0, 0, 0, 0, 0, 1]
Commvector Blue Agent 2 Message: [0, 0, 0, 0, 0, 0, 0, 1]
Commvector Blue Agent 3 Message: [0, 0, 0, 0, 0, 0, 0, 0]

 Suspicious Activity Detected: None",Analyse,host:public_access_zone_subnet_server_host_3,Further investigation is underway to determine if there is any suspicious activity since no alerts or warnings have been detected.
"# OBSERVATION

Mission Phase: 1
Last Action : Analyse host:public_access_zone_subnet_server_host_3
Last Action Status: IN_PROGRESS
Communication Vectors: 
Commvector Blue Agent 0 Message: [0, 0, 0, 0, 0, 0, 0, 0]
Commvector Blue Agent 1 Message: [0, 0, 0, 0, 0, 0, 0, 0]
Commvector Blue Agent 2 Message: [0, 0, 0, 0, 0, 0, 0, 0]
Commvector Blue Agent 3 Message: [0, 0, 0, 0, 0, 0, 0, 0]

 Suspicious Activity Detected: None",Analyse,host:public_access_zone_subnet_server_host_3,The analysis is currently in progress to ensure the host is secure.
"# OBSERVATION

Mission Phase: 1
Last Action : Analyse host:public_access_zone_subnet_server_host_3
Last Action Status: IN_PROGRESS
Communication Vectors: 
Commvector Blue Agent 0 Message: [0, 0, 0, 0, 0, 0, 0, 0]
Commvector Blue Agent 1 Message: [0, 0, 0, 0, 0, 0, 0, 1]
Commvector Blue Agent 2 Message: [0, 0, 0, 0, 0, 0, 0, 1]
Commvector Blue Agent 3 Message: [0, 0, 0, 0, 0, 0, 0, 0]

 Suspicious Activity Detected: None",Analyse,host:public_access_zone_subnet_server_host_3,Continuing the analysis to determine the state of the host as the last action was still in progress.
"# OBSERVATION

Mission Phase: 1
Last Action : Analyse host:public_access_zone_subnet_server_host_3
Last Action Status: IN_PROGRESS
Communication Vectors: 
Commvector Blue Agent 0 Message: [0, 0, 0, 0, 0, 0, 0, 1]
Commvector Blue Agent 1 Message: [0, 0, 0, 0, 0, 0, 0, 0]
Commvector Blue Agent 2 Message: [0, 0, 0, 0, 0, 0, 0, 0]
Commvector Blue Agent 3 Message: [0, 0, 0, 0, 0, 0, 0, 1]

 Suspicious Activity Detected: None",Analyse,host:public_access_zone_subnet_server_host_3,Continuing to investigate potential suspicious activity as the last action is still in progress.
"# OBSERVATION

Mission Phase: 1
Last Action : Analyse host:public_access_zone_subnet_server_host_3
Last Action Status: IN_PROGRESS
Communication Vectors: 
Commvector Blue Agent 0 Message: [0, 0, 0, 0, 0, 0, 0, 0]
Commvector Blue Agent 1 Message: [0, 0, 0, 0, 0, 0, 0, 0]
Commvector Blue Agent 2 Message: [0, 0, 0, 0, 0, 0, 0, 1]
Commvector Blue Agent 3 Message: [0, 0, 0, 0, 0, 0, 0, 0]

 Suspicious Activity Detected: None",Analyse,host:public_access_zone_subnet_server_host_3,"The last action is still in progress and no new suspicious activity has been detected, indicating the need to complete the ongoing analysis."
"# OBSERVATION

Mission Phase: 1
Last Action : Analyse host:public_access_zone_subnet_server_host_3
Last Action Status: IN_PROGRESS
Communication Vectors: 
Commvector Blue Agent 0 Message: [0, 0, 0, 0, 0, 0, 0, 1]
Commvector Blue Agent 1 Message: [0, 0, 0, 0, 0, 0, 0, 0]
Commvector Blue Agent 2 Message: [0, 0, 0, 0, 0, 0, 0, 0]
Commvector Blue Agent 3 Message: [0, 0, 0, 0, 0, 0, 0, 1]

 Suspicious Activity Detected: None",Analyse,host:public_access_zone_subnet_server_host_3,Continuing to analyze the host as the last action is still in progress and no new suspicious activity has been detected.
"# OBSERVATION

Mission Phase: 1
Last Action : Analyse host:public_access_zone_subnet_server_host_3
Last Action Status: IN_PROGRESS
Communication Vectors: 
Commvector Blue Agent 0 Message: [0, 0, 0, 0, 0, 0, 0, 1]
Commvector Blue Agent 1 Message: [0, 0, 0, 0, 0, 0, 0, 0]
Commvector Blue Agent 2 Message: [0, 0, 0, 0, 0, 0, 0, 1]
Commvector Blue Agent 3 Message: [0, 0, 0, 0, 0, 0, 0, 0]

 Suspicious Activity Detected: None",Analyse,host:public_access_zone_subnet_server_host_3,Continuing to gather information on the host where suspicious activity may be detected.
"# OBSERVATION

Mission Phase: 1
Last Action : Analyse host:public_access_zone_subnet_server_host_3
Last Action Status: IN_PROGRESS
Communication Vectors: 
Commvector Blue Agent 0 Message: [0, 0, 0, 0, 0, 0, 0, 0]
Commvector Blue Agent 1 Message: [0, 0, 0, 0, 0, 0, 0, 0]
Commvector Blue Agent 2 Message: [0, 0, 0, 0, 0, 0, 0, 0]
Commvector Blue Agent 3 Message: [0, 0, 0, 0, 0, 0, 0, 1]

 Suspicious Activity Detected: None",Analyse,host:public_access_zone_subnet_server_host_3,"The last analysis action is still in progress, and no new suspicious activity has been detected."
"# OBSERVATION

Mission Phase: 1
Last Action : Analyse host:public_access_zone_subnet_server_host_3
Last Action Status: IN_PROGRESS
Communication Vectors: 
Commvector Blue Agent 0 Message: [0, 0, 0, 0, 0, 0, 0, 1]
Commvector Blue Agent 1 Message: [0, 0, 0, 0, 0, 0, 0, 0]
Commvector Blue Agent 2 Message: [0, 0, 0, 0, 0, 0, 0, 0]
Commvector Blue Agent 3 Message: [0, 0, 0, 0, 0, 0, 0, 1]

 Suspicious Activity Detected: None",Analyse,host:public_access_zone_subnet_server_host_3,Continuing to analyze the host is necessary as the last action is still in progress and no suspicious activity has been detected.
"# OBSERVATION

Mission Phase: 1
Last Action : Analyse host:public_access_zone_subnet_server_host_3
Last Action Status: IN_PROGRESS
Communication Vectors: 
Commvector Blue Agent 0 Message: [0, 0, 0, 0, 0, 0, 0, 0]
Commvector Blue Agent 1 Message: [0, 0, 0, 0, 0, 0, 0, 1]
Commvector Blue Agent 2 Message: [0, 0, 0, 0, 0, 0, 0, 0]
Commvector Blue Agent 3 Message: [0, 0, 0, 0, 0, 0, 0, 0]

 Suspicious Activity Detected: None",Analyse,host:public_access_zone_subnet_server_host_3,Continuing the analysis on the host is crucial to determine if any suspicious activity is present.
"# OBSERVATION

Mission Phase: 1
Last Action : Analyse host:public_access_zone_subnet_server_host_3
Last Action Status: IN_PROGRESS
Communication Vectors: 
Commvector Blue Agent 0 Message: [0, 0, 0, 0, 0, 0, 0, 0]
Commvector Blue Agent 1 Message: [0, 0, 0, 0, 0, 0, 0, 1]
Commvector Blue Agent 2 Message: [0, 0, 0, 0, 0, 0, 0, 1]
Commvector Blue Agent 3 Message: [0, 0, 0, 0, 0, 0, 0, 0]

 Suspicious Activity Detected: None",Analyse,host:public_access_zone_subnet_server_host_3,The last action to analyze the host is still in progress to collect more information.
"# OBSERVATION

Mission Phase: 1
Last Action : Analyse host:public_access_zone_subnet_server_host_3
Last Action Status: IN_PROGRESS
Communication Vectors: 
Commvector Blue Agent 0 Message: [0, 0, 0, 0, 0, 0, 0, 1]
Commvector Blue Agent 1 Message: [0, 0, 0, 0, 0, 0, 0, 0]
Commvector Blue Agent 2 Message: [0, 0, 0, 0, 0, 0, 0, 0]
Commvector Blue Agent 3 Message: [0, 0, 0, 0, 0, 0, 0, 0]

 Suspicious Activity Detected: None",Analyse,host:public_access_zone_subnet_server_host_3,"Last action is in progress, continuing analysis of the host to gather further information."
"# OBSERVATION

Mission Phase: 1
Last Action : Analyse host:public_access_zone_subnet_server_host_3
Last Action Status: IN_PROGRESS
Communication Vectors: 
Commvector Blue Agent 0 Message: [0, 0, 0, 0, 0, 0, 0, 0]
Commvector Blue Agent 1 Message: [0, 1, 0, 0, 0, 1, 0, 1]
Commvector Blue Agent 2 Message: [0, 0, 0, 0, 0, 0, 0, 1]
Commvector Blue Agent 3 Message: [0, 0, 0, 0, 0, 0, 0, 1]

 Suspicious Activity Detected: None",Analyse,host:public_access_zone_subnet_server_host_3,"Continuing analysis on the host to determine if red activity is present, as the last action is still in progress."
"# OBSERVATION

Mission Phase: 1
Last Action : Analyse host:public_access_zone_subnet_server_host_1
Last Action Status: IN_PROGRESS
Communication Vectors: 
Commvector Blue Agent 0 Message: [0, 0, 0, 0, 0, 0, 0, 1]
Commvector Blue Agent 1 Message: [0, 0, 0, 0, 0, 0, 0, 0]
Commvector Blue Agent 2 Message: [0, 0, 0, 0, 0, 0, 0, 0]
Commvector Blue Agent 3 Message: [0, 0, 0, 0, 0, 0, 0, 0]

Suspicious Activity Detected:
- Hostname: public_access_zone_subnet_server_host_3 | IP: 10.0.193.41 | INFO: Connection to 10.0.99.251 | INFO: Connection to 10.0.99.251",Analyse,host:public_access_zone_subnet_server_host_3,Suspicious activity detected on the host with connections that may indicate potential red agent activity.
"# OBSERVATION

Mission Phase: 1
Last Action : Analyse host:public_access_zone_subnet_server_host_1
Last Action Status: IN_PROGRESS
Communication Vectors: 
Commvector Blue Agent 0 Message: [0, 0, 0, 0, 0, 0, 0, 1]
Commvector Blue Agent 1 Message: [0, 0, 0, 0, 0, 0, 0, 0]
Commvector Blue Agent 2 Message: [0, 0, 0, 0, 0, 0, 0, 1]
Commvector Blue Agent 3 Message: [0, 0, 0, 0, 0, 0, 0, 0]

 Suspicious Activity Detected: None",Analyse,host:public_access_zone_subnet_server_host_1,Further analysis is needed as the last action is still in progress.
"# OBSERVATION

Mission Phase: 1
Last Action : Analyse host:public_access_zone_subnet_server_host_1
Last Action Status: IN_PROGRESS
Communication Vectors: 
Commvector Blue Agent 0 Message: [0, 0, 0, 0, 0, 0, 0, 0]
Commvector Blue Agent 1 Message: [0, 0, 0, 0, 0, 0, 0, 0]
Commvector Blue Agent 2 Message: [0, 0, 1, 0, 0, 1, 0, 0]
Commvector Blue Agent 3 Message: [0, 0, 0, 0, 0, 0, 0, 0]

 Suspicious Activity Detected: None",Analyse,host:public_access_zone_subnet_server_host_1,Continuing analysis on a potentially suspicious host in progress.
"# OBSERVATION

Mission Phase: 1
Last Action : Analyse host:public_access_zone_subnet_server_host_1
Last Action Status: IN_PROGRESS
Communication Vectors: 
Commvector Blue Agent 0 Message: [0, 0, 0, 0, 0, 0, 0, 1]
Commvector Blue Agent 1 Message: [0, 0, 0, 0, 0, 0, 0, 0]
Commvector Blue Agent 2 Message: [0, 0, 0, 0, 0, 0, 0, 1]
Commvector Blue Agent 3 Message: [0, 0, 0, 0, 0, 0, 0, 1]

 Suspicious Activity Detected: None",Analyse,host:public_access_zone_subnet_server_host_1,Continuing the analysis of the host where suspicious activity is being investigated.
"# OBSERVATION

Mission Phase: 1
Last Action : AllowTrafficZone subnet:admin_network
Last Action Status: FALSE
Communication Vectors: 
Commvector Blue Agent 0 Message: [0, 0, 0, 0, 0, 0, 0, 0]
Commvector Blue Agent 1 Message: [0, 0, 0, 0, 0, 0, 0, 0]
Commvector Blue Agent 2 Message: [0, 0, 0, 0, 0, 0, 0, 0]
Commvector Blue Agent 3 Message: [0, 0, 0, 0, 0, 0, 0, 0]

Suspicious Activity Detected:
- Hostname: public_access_zone_subnet_server_host_1 | IP: 10.0.99.253 | INFO: Connection to 10.0.50.89 | INFO: Connection to 10.0.50.89 | INFO: Connection to 10.0.50.89 | INFO: Connection to 10.0.50.89",Analyse,host:public_access_zone_subnet_server_host_1,"Connection attempts detected, indicating potential suspicious activity."
"# OBSERVATION

Mission Phase: 1
Last Action : AllowTrafficZone subnet:admin_network
Last Action Status: FALSE
Communication Vectors: 
Commvector Blue Agent 0 Message: [0, 0, 0, 0, 0, 0, 0, 0]
Commvector Blue Agent 1 Message: [0, 0, 0, 0, 0, 0, 0, 1]
Commvector Blue Agent 2 Message: [0, 0, 0, 0, 0, 0, 0, 1]
Commvector Blue Agent 3 Message: [0, 0, 0, 0, 0, 0, 0, 0]

 Suspicious Activity Detected: None",AllowTrafficZone,subnet:admin_network,Ensuring proper connectivity for the admin network during the pre-planning phase.
"# OBSERVATION

Mission Phase: 1
Last Action : AllowTrafficZone subnet:admin_network
Last Action Status: FALSE
Communication Vectors: 
Commvector Blue Agent 0 Message: [0, 0, 0, 0, 0, 0, 0, 1]
Commvector Blue Agent 1 Message: [0, 0, 0, 0, 0, 0, 0, 0]
Commvector Blue Agent 2 Message: [0, 0, 0, 0, 0, 0, 0, 0]
Commvector Blue Agent 3 Message: [0, 0, 0, 0, 0, 0, 0, 0]

 Suspicious Activity Detected: None",AllowTrafficZone,subnet:admin_network,Zone already in desired state; no suspicious activity detected.
"# OBSERVATION

Mission Phase: 1
Last Action : AllowTrafficZone subnet:admin_network
Last Action Status: FALSE
Communication Vectors: 
Commvector Blue Agent 0 Message: [0, 0, 0, 0, 0, 0, 0, 0]
Commvector Blue Agent 1 Message: [0, 0, 0, 0, 0, 0, 0, 0]
Commvector Blue Agent 2 Message: [0, 0, 0, 0, 0, 0, 0, 0]
Commvector Blue Agent 3 Message: [0, 0, 0, 0, 0, 0, 0, 0]

 Suspicious Activity Detected: None",AllowTrafficZone,subnet:admin_network,"The traffic to the admin network is currently blocked, and allowing it is necessary for operational purposes."
"# OBSERVATION

Mission Phase: 1
Last Action : AllowTrafficZone subnet:admin_network
Last Action Status: FALSE
Communication Vectors: 
Commvector Blue Agent 0 Message: [0, 0, 0, 0, 0, 0, 0, 1]
Commvector Blue Agent 1 Message: [0, 0, 0, 0, 0, 0, 0, 0]
Commvector Blue Agent 2 Message: [0, 0, 0, 0, 0, 0, 0, 1]
Commvector Blue Agent 3 Message: [0, 0, 0, 0, 0, 0, 0, 1]

 Suspicious Activity Detected: None",AllowTrafficZone,subnet:admin_network,"The last action was unsuccessful, and allowing traffic is needed for standard connectivity."
"# OBSERVATION

Mission Phase: 1
Last Action : AllowTrafficZone subnet:admin_network
Last Action Status: FALSE
Communication Vectors: 
Commvector Blue Agent 0 Message: [0, 0, 0, 0, 0, 0, 0, 0]
Commvector Blue Agent 1 Message: [0, 0, 0, 0, 0, 0, 0, 0]
Commvector Blue Agent 2 Message: [0, 0, 0, 0, 0, 0, 0, 1]
Commvector Blue Agent 3 Message: [0, 0, 0, 0, 0, 0, 0, 1]

 Suspicious Activity Detected: None",AllowTrafficZone,subnet:admin_network,"The last action was unsuccessful, and it is important to ensure the admin network traffic is permitted."
"# OBSERVATION

Mission Phase: 1
Last Action : AllowTrafficZone subnet:admin_network
Last Action Status: FALSE
Communication Vectors: 
Commvector Blue Agent 0 Message: [0, 0, 0, 0, 0, 0, 0, 0]
Commvector Blue Agent 1 Message: [0, 0, 0, 0, 0, 0, 0, 0]
Commvector Blue Agent 2 Message: [0, 0, 0, 0, 0, 0, 0, 0]
Commvector Blue Agent 3 Message: [0, 0, 0, 0, 0, 0, 0, 0]

 Suspicious Activity Detected: None",AllowTrafficZone,subnet:admin_network,"The previous attempt to allow traffic in the admin network failed, indicating it may currently be blocked."
"# OBSERVATION

Mission Phase: 1
Last Action : AllowTrafficZone subnet:admin_network
Last Action Status: FALSE
Communication Vectors: 
Commvector Blue Agent 0 Message: [0, 0, 0, 0, 0, 0, 0, 1]
Commvector Blue Agent 1 Message: [0, 0, 0, 0, 0, 0, 0, 1]
Commvector Blue Agent 2 Message: [0, 0, 0, 0, 0, 0, 0, 1]
Commvector Blue Agent 3 Message: [0, 0, 0, 0, 0, 0, 0, 0]

 Suspicious Activity Detected: None",AllowTrafficZone,subnet:admin_network,"The last action to allow traffic was unsuccessful, indicating the zone was already in the desired state."
"# OBSERVATION

Mission Phase: 1
Last Action : AllowTrafficZone subnet:admin_network
Last Action Status: FALSE
Communication Vectors: 
Commvector Blue Agent 0 Message: [0, 0, 0, 0, 0, 0, 0, 1]
Commvector Blue Agent 1 Message: [0, 0, 0, 0, 0, 0, 0, 0]
Commvector Blue Agent 2 Message: [0, 0, 0, 0, 0, 0, 0, 0]
Commvector Blue Agent 3 Message: [0, 0, 0, 1, 0, 1, 0, 1]

 Suspicious Activity Detected: None",AllowTrafficZone,subnet:admin_network,"The last action to allow traffic was unsuccessful, indicating a need to confirm connectivity."
"# OBSERVATION

Mission Phase: 1
Last Action : BlockTrafficZone subnet:admin_network
Last Action Status: FALSE
Communication Vectors: 
Commvector Blue Agent 0 Message: [0, 0, 0, 0, 0, 0, 0, 0]
Commvector Blue Agent 1 Message: [0, 0, 0, 0, 0, 0, 0, 0]
Commvector Blue Agent 2 Message: [0, 0, 0, 0, 0, 0, 0, 1]
Commvector Blue Agent 3 Message: [0, 0, 0, 0, 0, 0, 0, 0]

 Suspicious Activity Detected: None",AllowTrafficZone,subnet:admin_network,"The previous action to block the traffic zone was unsuccessful, and allowing traffic is necessary for standard operations."
"# OBSERVATION

Mission Phase: 1
Last Action : Analyse host:admin_network_subnet_user_host_1
Last Action Status: IN_PROGRESS
Communication Vectors: 
Commvector Blue Agent 0 Message: [0, 0, 0, 0, 0, 0, 0, 1]
Commvector Blue Agent 1 Message: [0, 0, 0, 0, 0, 0, 0, 0]
Commvector Blue Agent 2 Message: [0, 0, 0, 0, 0, 0, 0, 0]
Commvector Blue Agent 3 Message: [0, 0, 0, 0, 0, 0, 0, 0]

 Suspicious Activity Detected: None",BlockTrafficZone,subnet:admin_network,Prevent potential unauthorized access during the analysis of the host.
"# OBSERVATION

Mission Phase: 1
Last Action : Analyse host:admin_network_subnet_user_host_1
Last Action Status: IN_PROGRESS
Communication Vectors: 
Commvector Blue Agent 0 Message: [0, 0, 0, 0, 0, 0, 0, 0]
Commvector Blue Agent 1 Message: [0, 0, 0, 0, 0, 0, 0, 0]
Commvector Blue Agent 2 Message: [0, 0, 0, 0, 0, 0, 0, 1]
Commvector Blue Agent 3 Message: [0, 0, 0, 0, 0, 0, 0, 0]

 Suspicious Activity Detected: None",Analyse,host:admin_network_subnet_user_host_1,Continuing analysis to confirm network integrity as last action is in progress.
"# OBSERVATION

Mission Phase: 1
Last Action : Analyse host:admin_network_subnet_user_host_1
Last Action Status: IN_PROGRESS
Communication Vectors: 
Commvector Blue Agent 0 Message: [0, 0, 0, 0, 0, 0, 0, 1]
Commvector Blue Agent 1 Message: [0, 0, 0, 0, 0, 0, 0, 1]
Commvector Blue Agent 2 Message: [0, 0, 0, 0, 0, 0, 0, 0]
Commvector Blue Agent 3 Message: [0, 0, 0, 0, 0, 0, 0, 1]

 Suspicious Activity Detected: None",Analyse,host:admin_network_subnet_user_host_1,Continuing the analysis of the host to identify any potential threats as the last action is still in progress.
"# OBSERVATION

Mission Phase: 1
Last Action : Analyse host:admin_network_subnet_user_host_1
Last Action Status: IN_PROGRESS
Communication Vectors: 
Commvector Blue Agent 0 Message: [0, 0, 0, 0, 0, 0, 0, 1]
Commvector Blue Agent 1 Message: [0, 0, 0, 0, 0, 0, 0, 0]
Commvector Blue Agent 2 Message: [0, 0, 0, 0, 0, 0, 0, 1]
Commvector Blue Agent 3 Message: [0, 0, 0, 0, 0, 0, 0, 0]

 Suspicious Activity Detected: None",Analyse,host:admin_network_subnet_user_host_1,"The previous analysis action is still in progress, and no suspicious activity has been detected."
"# OBSERVATION

Mission Phase: 1
Last Action : Analyse host:admin_network_subnet_user_host_1
Last Action Status: IN_PROGRESS
Communication Vectors: 
Commvector Blue Agent 0 Message: [0, 0, 0, 0, 0, 0, 0, 0]
Commvector Blue Agent 1 Message: [0, 0, 0, 0, 0, 0, 0, 0]
Commvector Blue Agent 2 Message: [0, 0, 0, 0, 0, 0, 0, 0]
Commvector Blue Agent 3 Message: [0, 0, 0, 0, 0, 0, 0, 0]

 Suspicious Activity Detected: None",Analyse,host:admin_network_subnet_user_host_1,Continuing to gather information while the previous analysis is in progress.
"# OBSERVATION

Mission Phase: 1
Last Action : Analyse host:admin_network_subnet_server_host_1
Last Action Status: IN_PROGRESS
Communication Vectors: 
Commvector Blue Agent 0 Message: [0, 0, 0, 0, 0, 0, 0, 1]
Commvector Blue Agent 1 Message: [0, 0, 0, 0, 0, 0, 0, 0]
Commvector Blue Agent 2 Message: [0, 0, 0, 0, 0, 0, 0, 1]
Commvector Blue Agent 3 Message: [0, 0, 0, 0, 0, 0, 0, 0]

Suspicious Activity Detected:
- Hostname: public_access_zone_subnet_router | IP: 10.0.232.186 | INFO: Connection to 10.0.50.156 | INFO: Connection to 10.0.50.156
- Hostname: admin_network_subnet_router | IP: 10.0.232.186 | INFO: Connection to 10.0.50.156 | INFO: Connection to 10.0.50.156
- Hostname: admin_network_subnet_user_host_1 | IP: 10.0.232.186 | INFO: Connection to 10.0.50.156 | INFO: Connection to 10.0.50.156 | INFO: Connection to 10.0.50.156 | INFO: Connection to 10.0.50.156 | INFO: Connection to 10.0.50.156 | INFO: Connection to 10.0.50.156 | INFO: Connection to 10.0.50.156 | INFO: Connection to 10.0.50.156 | INFO: Connection to 10.0.50.156 | INFO: Connection to 10.0.50.156 | INFO: Connection to 10.0.50.156 | INFO: Connection to 10.0.50.156 | INFO: Connection to 10.0.50.156 | INFO: Connection to 10.0.50.156 | INFO: Connection to 10.0.50.156 | INFO: Connection to 10.0.50.156 | INFO: Connection to 10.0.50.156 | INFO: Connection to 10.0.50.156 | INFO: Connection to 10.0.50.156 | INFO: Connection to 10.0.50.156 | INFO: Connection to 10.0.50.156 | INFO: Connection to 10.0.50.156 | WARNING: Suspicious process detected
- Hostname: office_network_subnet_router | IP: 10.0.232.186 | INFO: Connection to 10.0.50.156 | INFO: Connection to 10.0.50.156
- Hostname: office_network_subnet_user_host_3 | IP: 10.0.232.186 | INFO: Connection to 10.0.50.156 | INFO: Connection to 10.0.50.156",Analyse,host:admin_network_subnet_user_host_1,Suspicious process detected on user host which may indicate potential compromise.
"# OBSERVATION

Mission Phase: 1
Last Action : Analyse host:public_access_zone_subnet_user_host_4
Last Action Status: IN_PROGRESS
Communication Vectors: 
Commvector Blue Agent 0 Message: [0, 0, 0, 0, 0, 0, 0, 0]
Commvector Blue Agent 1 Message: [0, 0, 0, 0, 0, 0, 0, 0]
Commvector Blue Agent 2 Message: [0, 0, 0, 0, 0, 0, 0, 0]
Commvector Blue Agent 3 Message: [0, 0, 0, 0, 0, 0, 0, 0]

Suspicious Activity Detected:
- Hostname: admin_network_subnet_server_host_1 | IP: 10.0.22.99 | INFO: Connection to 10.0.232.253 | INFO: Connection to 10.0.232.253",Analyse,host:admin_network_subnet_server_host_1,Suspicious connections detected; further investigation needed.
"# OBSERVATION

Mission Phase: 1
Last Action : Analyse host:admin_network_subnet_user_host_5
Last Action Status: IN_PROGRESS
Communication Vectors: 
Commvector Blue Agent 0 Message: [0, 0, 0, 0, 0, 0, 0, 0]
Commvector Blue Agent 1 Message: [0, 0, 0, 0, 0, 0, 0, 0]
Commvector Blue Agent 2 Message: [0, 0, 0, 0, 0, 0, 0, 1]
Commvector Blue Agent 3 Message: [0, 0, 0, 0, 0, 0, 0, 0]

Suspicious Activity Detected:
- Hostname: public_access_zone_subnet_user_host_4 | IP: 10.0.99.39 | INFO: Connection to 10.0.99.130 | INFO: Connection to 10.0.99.130 | INFO: Connection to 10.0.99.130 | INFO: Connection to 10.0.99.130",Analyse,host:public_access_zone_subnet_user_host_4,Suspicious connections detected to external IP addresses which may indicate red agent activity.
"# OBSERVATION

Mission Phase: 1
Last Action : Analyse host:admin_network_subnet_user_host_5
Last Action Status: IN_PROGRESS
Communication Vectors: 
Commvector Blue Agent 0 Message: [0, 0, 0, 0, 0, 0, 0, 1]
Commvector Blue Agent 1 Message: [0, 0, 0, 0, 0, 0, 0, 1]
Commvector Blue Agent 2 Message: [0, 0, 0, 0, 0, 0, 0, 0]
Commvector Blue Agent 3 Message: [0, 0, 0, 0, 0, 0, 0, 0]

 Suspicious Activity Detected: None",Analyse,host:admin_network_subnet_user_host_5,"The previous analysis action is still in progress, indicating ongoing scrutiny of potential issues."
"# OBSERVATION

Mission Phase: 1
Last Action : Analyse host:admin_network_subnet_user_host_5
Last Action Status: IN_PROGRESS
Communication Vectors: 
Commvector Blue Agent 0 Message: [0, 0, 0, 0, 0, 0, 0, 0]
Commvector Blue Agent 1 Message: [0, 0, 0, 0, 0, 0, 0, 0]
Commvector Blue Agent 2 Message: [0, 0, 0, 0, 0, 0, 0, 1]
Commvector Blue Agent 3 Message: [0, 0, 0, 0, 0, 0, 0, 0]

 Suspicious Activity Detected: None",Analyse,host:admin_network_subnet_user_host_5,"The previous analysis is still in progress, indicating ongoing investigation on the host."
"# OBSERVATION

Mission Phase: 1
Last Action : Analyse host:admin_network_subnet_user_host_5
Last Action Status: IN_PROGRESS
Communication Vectors: 
Commvector Blue Agent 0 Message: [0, 0, 0, 0, 0, 0, 0, 0]
Commvector Blue Agent 1 Message: [0, 0, 0, 0, 0, 0, 0, 0]
Commvector Blue Agent 2 Message: [0, 0, 0, 0, 0, 0, 0, 0]
Commvector Blue Agent 3 Message: [0, 0, 0, 0, 0, 0, 0, 1]

 Suspicious Activity Detected: None",Analyse,host:admin_network_subnet_user_host_5,The ongoing analysis of the host may reveal important information regarding the security state and is still in progress.
"# OBSERVATION

Mission Phase: 1
Last Action : Analyse host:admin_network_subnet_user_host_5
Last Action Status: IN_PROGRESS
Communication Vectors: 
Commvector Blue Agent 0 Message: [0, 0, 0, 0, 0, 0, 0, 0]
Commvector Blue Agent 1 Message: [0, 0, 0, 0, 0, 0, 0, 0]
Commvector Blue Agent 2 Message: [0, 0, 0, 0, 0, 0, 0, 0]
Commvector Blue Agent 3 Message: [0, 0, 0, 0, 0, 0, 0, 0]

 Suspicious Activity Detected: None",Analyse,host:admin_network_subnet_user_host_5,"The previous analysis is still in progress, indicating ongoing investigation into potential suspicious activity."
"# OBSERVATION

Mission Phase: 0
Last Action : Analyse host:admin_network_subnet_user_host_5
Last Action Status: IN_PROGRESS
Communication Vectors: 
Commvector Blue Agent 0 Message: [0, 0, 0, 0, 0, 0, 0, 0]
Commvector Blue Agent 1 Message: [0, 0, 0, 0, 0, 0, 0, 0]
Commvector Blue Agent 2 Message: [0, 0, 0, 0, 0, 0, 0, 0]
Commvector Blue Agent 3 Message: [0, 0, 0, 0, 0, 0, 0, 0]

 Suspicious Activity Detected: None",Analyse,host:admin_network_subnet_user_host_5,"Last action is still in progress, indicating ongoing analysis of potential suspicious activity."
"# OBSERVATION

Mission Phase: 0
Last Action : Analyse host:admin_network_subnet_user_host_5
Last Action Status: IN_PROGRESS
Communication Vectors: 
Commvector Blue Agent 0 Message: [0, 0, 0, 0, 0, 0, 0, 0]
Commvector Blue Agent 1 Message: [0, 0, 0, 0, 0, 0, 0, 1]
Commvector Blue Agent 2 Message: [0, 0, 0, 0, 0, 0, 0, 1]
Commvector Blue Agent 3 Message: [0, 0, 0, 0, 0, 0, 0, 0]

 Suspicious Activity Detected: None",Analyse,host:admin_network_subnet_user_host_5,"Continuing the analysis is necessary to determine the presence of any red activity, as the last action is still in progress."
"# OBSERVATION

Mission Phase: 0
Last Action : Analyse host:admin_network_subnet_user_host_5
Last Action Status: IN_PROGRESS
Communication Vectors: 
Commvector Blue Agent 0 Message: [1, 0, 0, 0, 0, 1, 0, 0]
Commvector Blue Agent 1 Message: [0, 0, 0, 0, 0, 0, 0, 0]
Commvector Blue Agent 2 Message: [0, 0, 0, 0, 0, 0, 0, 1]
Commvector Blue Agent 3 Message: [0, 0, 0, 0, 0, 0, 0, 0]

 Suspicious Activity Detected: None",Analyse,host:admin_network_subnet_user_host_5,Continuing investigation into potential red activity since the previous analysis is still in progress.
"# OBSERVATION

Mission Phase: 0
Last Action : Analyse host:admin_network_subnet_user_host_5
Last Action Status: IN_PROGRESS
Communication Vectors: 
Commvector Blue Agent 0 Message: [0, 0, 0, 0, 0, 0, 0, 0]
Commvector Blue Agent 1 Message: [0, 0, 0, 0, 0, 0, 0, 0]
Commvector Blue Agent 2 Message: [0, 0, 1, 0, 0, 1, 0, 0]
Commvector Blue Agent 3 Message: [0, 0, 0, 0, 0, 0, 0, 1]

 Suspicious Activity Detected: None",Analyse,host:admin_network_subnet_user_host_5,"The last action is still in progress, indicating further analysis is ongoing."
"# OBSERVATION

Mission Phase: 0
Last Action : Analyse host:admin_network_subnet_user_host_5
Last Action Status: IN_PROGRESS
Communication Vectors: 
Commvector Blue Agent 0 Message: [0, 0, 0, 0, 0, 0, 0, 0]
Commvector Blue Agent 1 Message: [0, 0, 0, 0, 0, 0, 0, 1]
Commvector Blue Agent 2 Message: [0, 0, 0, 0, 0, 0, 0, 1]
Commvector Blue Agent 3 Message: [0, 0, 0, 0, 0, 0, 0, 0]

 Suspicious Activity Detected: None",Analyse,host:admin_network_subnet_user_host_5,The analysis is still in progress and no suspicious activity has been detected.
"# OBSERVATION

Mission Phase: 0
Last Action : Analyse host:admin_network_subnet_user_host_5
Last Action Status: IN_PROGRESS
Communication Vectors: 
Commvector Blue Agent 0 Message: [0, 0, 0, 0, 0, 0, 0, 0]
Commvector Blue Agent 1 Message: [0, 0, 0, 0, 0, 0, 0, 0]
Commvector Blue Agent 2 Message: [0, 0, 0, 0, 0, 0, 0, 0]
Commvector Blue Agent 3 Message: [0, 0, 0, 0, 0, 0, 0, 0]

 Suspicious Activity Detected: None",Analyse,host:admin_network_subnet_user_host_5,The analysis is currently in progress and needs to be completed to gather information on the host.
"# OBSERVATION

Mission Phase: 0
Last Action : Analyse host:admin_network_subnet_user_host_5
Last Action Status: IN_PROGRESS
Communication Vectors: 
Commvector Blue Agent 0 Message: [0, 0, 0, 0, 0, 0, 0, 0]
Commvector Blue Agent 1 Message: [0, 0, 0, 0, 0, 0, 0, 0]
Commvector Blue Agent 2 Message: [0, 0, 0, 0, 0, 0, 0, 0]
Commvector Blue Agent 3 Message: [0, 0, 0, 0, 0, 0, 0, 1]

 Suspicious Activity Detected: None",Analyse,host:admin_network_subnet_user_host_5,Continuing the analysis of the host to determine if any red activity is present.
"# OBSERVATION

Mission Phase: 0
Last Action : Analyse host:admin_network_subnet_user_host_5
Last Action Status: IN_PROGRESS
Communication Vectors: 
Commvector Blue Agent 0 Message: [0, 0, 0, 0, 0, 0, 0, 0]
Commvector Blue Agent 1 Message: [0, 0, 0, 0, 0, 0, 0, 0]
Commvector Blue Agent 2 Message: [0, 0, 0, 0, 0, 0, 0, 0]
Commvector Blue Agent 3 Message: [0, 0, 0, 0, 0, 0, 0, 0]

 Suspicious Activity Detected: None",Analyse,host:admin_network_subnet_user_host_5,Continuing the analysis of the host to ensure thorough investigation of potential threats.
"# OBSERVATION

Mission Phase: 0
Last Action : Analyse host:admin_network_subnet_user_host_2
Last Action Status: IN_PROGRESS
Communication Vectors: 
Commvector Blue Agent 0 Message: [0, 0, 0, 0, 0, 0, 0, 0]
Commvector Blue Agent 1 Message: [0, 0, 0, 0, 0, 0, 0, 1]
Commvector Blue Agent 2 Message: [0, 0, 0, 0, 0, 0, 0, 0]
Commvector Blue Agent 3 Message: [0, 0, 0, 0, 0, 0, 0, 0]

Suspicious Activity Detected:
- Hostname: admin_network_subnet_user_host_5 | IP: 10.0.232.148",Analyse,host:admin_network_subnet_user_host_5,"Suspicious activity has been detected on the host, and further analysis is necessary to understand the potential threats."
"# OBSERVATION

Mission Phase: 0
Last Action : Analyse host:admin_network_subnet_user_host_2
Last Action Status: IN_PROGRESS
Communication Vectors: 
Commvector Blue Agent 0 Message: [0, 0, 0, 0, 0, 0, 0, 0]
Commvector Blue Agent 1 Message: [0, 0, 0, 0, 0, 0, 0, 0]
Commvector Blue Agent 2 Message: [0, 0, 0, 0, 0, 0, 0, 1]
Commvector Blue Agent 3 Message: [0, 0, 0, 0, 0, 0, 0, 0]

 Suspicious Activity Detected: None",Analyse,host:admin_network_subnet_user_host_2,"The previous analysis action is still in progress, allowing continued monitoring of potential suspicious activity."
"# OBSERVATION

Mission Phase: 0
Last Action : Analyse host:admin_network_subnet_user_host_2
Last Action Status: IN_PROGRESS
Communication Vectors: 
Commvector Blue Agent 0 Message: [0, 0, 0, 0, 0, 0, 0, 0]
Commvector Blue Agent 1 Message: [0, 0, 0, 0, 0, 0, 0, 0]
Commvector Blue Agent 2 Message: [0, 0, 0, 0, 0, 0, 0, 0]
Commvector Blue Agent 3 Message: [0, 0, 0, 0, 0, 0, 0, 1]

 Suspicious Activity Detected: None",Analyse,host:admin_network_subnet_user_host_2,The previous analysis on the host is still in progress and needs completion.
"# OBSERVATION

Mission Phase: 0
Last Action : Analyse host:admin_network_subnet_user_host_2
Last Action Status: IN_PROGRESS
Communication Vectors: 
Commvector Blue Agent 0 Message: [0, 0, 0, 0, 0, 0, 0, 0]
Commvector Blue Agent 1 Message: [0, 0, 0, 0, 0, 0, 0, 0]
Commvector Blue Agent 2 Message: [0, 0, 0, 0, 0, 0, 0, 0]
Commvector Blue Agent 3 Message: [0, 0, 0, 0, 0, 0, 0, 0]

 Suspicious Activity Detected: None",Analyse,host:admin_network_subnet_user_host_2,The previous action is still in progress and no suspicious activity has been detected.
"# OBSERVATION

Mission Phase: 0
Last Action : Analyse host:admin_network_subnet_user_host_0
Last Action Status: IN_PROGRESS
Communication Vectors: 
Commvector Blue Agent 0 Message: [0, 0, 0, 0, 0, 0, 0, 0]
Commvector Blue Agent 1 Message: [0, 0, 0, 0, 0, 0, 0, 0]
Commvector Blue Agent 2 Message: [0, 0, 0, 0, 0, 0, 0, 1]
Commvector Blue Agent 3 Message: [0, 0, 0, 0, 0, 0, 0, 0]

Suspicious Activity Detected:
- Hostname: admin_network_subnet_router | IP: 10.0.232.253 | INFO: Connection to 10.0.232.168 | INFO: Connection to 10.0.232.168
- Hostname: admin_network_subnet_user_host_2 | IP: 10.0.232.253 | INFO: Connection to 10.0.232.168 | INFO: Connection to 10.0.232.168
- Hostname: admin_network_subnet_server_host_1 | IP: 10.0.232.253 | INFO: Connection to 10.0.232.168 | INFO: Connection to 10.0.232.168 | INFO: Connection to 10.0.232.168 | INFO: Connection to 10.0.232.168 | INFO: Connection to 10.0.232.168 | INFO: Connection to 10.0.232.168 | INFO: Connection to 10.0.232.168 | INFO: Connection to 10.0.232.168 | INFO: Connection to 10.0.232.168 | INFO: Connection to 10.0.232.168 | INFO: Connection to 10.0.232.168 | INFO: Connection to 10.0.232.168 | INFO: Connection to 10.0.232.168 | INFO: Connection to 10.0.232.168 | INFO: Connection to 10.0.232.168 | INFO: Connection to 10.0.232.168 | INFO: Connection to 10.0.232.168 | INFO: Connection to 10.0.232.168 | INFO: Connection to 10.0.232.168 | INFO: Connection to 10.0.232.168 | WARNING: Suspicious process detected",Analyse,host:admin_network_subnet_user_host_2,"Host has a suspicious connection detected, indicating potential malicious activity."
"# OBSERVATION

Mission Phase: 0
Last Action : Analyse host:admin_network_subnet_user_host_0
Last Action Status: IN_PROGRESS
Communication Vectors: 
Commvector Blue Agent 0 Message: [0, 0, 0, 0, 0, 0, 0, 1]
Commvector Blue Agent 1 Message: [0, 0, 0, 0, 0, 0, 0, 0]
Commvector Blue Agent 2 Message: [0, 0, 0, 0, 0, 0, 0, 0]
Commvector Blue Agent 3 Message: [0, 0, 0, 0, 0, 0, 0, 1]

 Suspicious Activity Detected: None",Analyse,host:admin_network_subnet_user_host_0,Continuing the analysis to confirm if any suspicious activity is present since the last action is still in progress.
"# OBSERVATION

Mission Phase: 0
Last Action : Analyse host:admin_network_subnet_user_host_0
Last Action Status: IN_PROGRESS
Communication Vectors: 
Commvector Blue Agent 0 Message: [0, 0, 0, 0, 0, 0, 0, 0]
Commvector Blue Agent 1 Message: [0, 0, 0, 0, 0, 0, 0, 0]
Commvector Blue Agent 2 Message: [0, 0, 0, 0, 0, 0, 0, 1]
Commvector Blue Agent 3 Message: [0, 0, 0, 0, 0, 0, 0, 0]

 Suspicious Activity Detected: None",Analyse,host:admin_network_subnet_user_host_0,Continuing the analysis of the host as the last action is still in progress.
"# OBSERVATION

Mission Phase: 0
Last Action : Analyse host:admin_network_subnet_user_host_0
Last Action Status: IN_PROGRESS
Communication Vectors: 
Commvector Blue Agent 0 Message: [0, 0, 0, 0, 0, 0, 0, 0]
Commvector Blue Agent 1 Message: [0, 0, 0, 0, 0, 0, 0, 0]
Commvector Blue Agent 2 Message: [0, 0, 0, 0, 0, 0, 0, 0]
Commvector Blue Agent 3 Message: [0, 0, 0, 0, 0, 0, 0, 0]

 Suspicious Activity Detected: None",Analyse,host:admin_network_subnet_user_host_0,"The previous action is still in progress and no new suspicious activity has been detected, indicating a continuation of analysis is warranted."
"# OBSERVATION

Mission Phase: 0
Last Action : Analyse host:admin_network_subnet_user_host_0
Last Action Status: IN_PROGRESS
Communication Vectors: 
Commvector Blue Agent 0 Message: [0, 0, 0, 0, 0, 0, 0, 0]
Commvector Blue Agent 1 Message: [0, 0, 0, 0, 0, 0, 0, 0]
Commvector Blue Agent 2 Message: [0, 0, 0, 0, 0, 0, 0, 0]
Commvector Blue Agent 3 Message: [0, 0, 0, 0, 0, 0, 0, 0]

 Suspicious Activity Detected: None",Analyse,host:admin_network_subnet_user_host_0,Continuing the analysis to gather more information since the last action is still in progress.
"# OBSERVATION

Mission Phase: 0
Last Action : Analyse host:admin_network_subnet_user_host_3
Last Action Status: IN_PROGRESS
Communication Vectors: 
Commvector Blue Agent 0 Message: [0, 0, 0, 0, 0, 0, 0, 0]
Commvector Blue Agent 1 Message: [0, 0, 0, 0, 0, 0, 0, 1]
Commvector Blue Agent 2 Message: [0, 0, 0, 0, 0, 0, 0, 0]
Commvector Blue Agent 3 Message: [0, 0, 0, 0, 0, 0, 0, 0]

Suspicious Activity Detected:
- Hostname: admin_network_subnet_user_host_0 | IP: 10.0.232.220",Analyse,host:admin_network_subnet_user_host_0,"Suspicious activity detected on the host, requiring further investigation."
"# OBSERVATION

Mission Phase: 0
Last Action : Analyse host:admin_network_subnet_user_host_3
Last Action Status: IN_PROGRESS
Communication Vectors: 
Commvector Blue Agent 0 Message: [0, 0, 0, 0, 0, 0, 0, 0]
Commvector Blue Agent 1 Message: [0, 0, 0, 0, 0, 0, 0, 0]
Commvector Blue Agent 2 Message: [0, 0, 0, 0, 0, 0, 0, 0]
Commvector Blue Agent 3 Message: [0, 0, 0, 0, 0, 0, 0, 0]

 Suspicious Activity Detected: None",Analyse,host:admin_network_subnet_user_host_3,Continuing the analysis to gather information on the host as the last action is in progress.
"# OBSERVATION

Mission Phase: 0
Last Action : Analyse host:admin_network_subnet_user_host_3
Last Action Status: IN_PROGRESS
Communication Vectors: 
Commvector Blue Agent 0 Message: [0, 0, 0, 0, 0, 0, 0, 1]
Commvector Blue Agent 1 Message: [0, 0, 0, 0, 0, 0, 0, 0]
Commvector Blue Agent 2 Message: [0, 0, 0, 0, 0, 0, 0, 0]
Commvector Blue Agent 3 Message: [0, 0, 0, 0, 0, 0, 0, 1]

 Suspicious Activity Detected: None",Analyse,host:admin_network_subnet_user_host_3,Current analysis action is still in progress and no suspicious activity has been detected.
"# OBSERVATION

Mission Phase: 0
Last Action : Analyse host:admin_network_subnet_user_host_3
Last Action Status: IN_PROGRESS
Communication Vectors: 
Commvector Blue Agent 0 Message: [0, 0, 0, 0, 0, 0, 0, 0]
Commvector Blue Agent 1 Message: [0, 0, 0, 0, 0, 0, 0, 0]
Commvector Blue Agent 2 Message: [0, 0, 0, 0, 0, 0, 0, 0]
Commvector Blue Agent 3 Message: [0, 0, 0, 0, 0, 0, 0, 0]

 Suspicious Activity Detected: None",Analyse,host:admin_network_subnet_user_host_3,"The last action is still in progress, continuing to gather information on potential suspicious activity."
"# OBSERVATION

Mission Phase: 0
Last Action : Analyse host:admin_network_subnet_user_host_3
Last Action Status: IN_PROGRESS
Communication Vectors: 
Commvector Blue Agent 0 Message: [0, 0, 0, 0, 0, 0, 0, 0]
Commvector Blue Agent 1 Message: [0, 0, 0, 0, 0, 0, 0, 0]
Commvector Blue Agent 2 Message: [0, 0, 0, 0, 0, 0, 0, 0]
Commvector Blue Agent 3 Message: [0, 0, 0, 0, 0, 0, 0, 0]

 Suspicious Activity Detected: None",Analyse,host:admin_network_subnet_user_host_3,Continuing the analysis on the host where suspicious activity is being investigated.
"# OBSERVATION

Mission Phase: 0
Last Action : Analyse host:admin_network_subnet_user_host_3
Last Action Status: IN_PROGRESS
Communication Vectors: 
Commvector Blue Agent 0 Message: [0, 0, 0, 0, 0, 0, 0, 0]
Commvector Blue Agent 1 Message: [0, 0, 0, 0, 0, 0, 0, 1]
Commvector Blue Agent 2 Message: [0, 0, 0, 0, 0, 0, 0, 1]
Commvector Blue Agent 3 Message: [0, 0, 0, 0, 0, 0, 0, 0]

 Suspicious Activity Detected: None",Analyse,host:admin_network_subnet_user_host_3,The previous analysis is still in progress and no suspicious activity has been detected.
"# OBSERVATION

Mission Phase: 0
Last Action : Analyse host:admin_network_subnet_user_host_4
Last Action Status: IN_PROGRESS
Communication Vectors: 
Commvector Blue Agent 0 Message: [0, 0, 0, 0, 0, 0, 0, 0]
Commvector Blue Agent 1 Message: [0, 0, 0, 0, 0, 0, 0, 0]
Commvector Blue Agent 2 Message: [0, 0, 0, 0, 0, 0, 0, 0]
Commvector Blue Agent 3 Message: [0, 0, 0, 0, 0, 0, 0, 0]

Suspicious Activity Detected:
- Hostname: admin_network_subnet_user_host_3 | IP: 10.0.232.222",Analyse,host:admin_network_subnet_user_host_3,"Suspicious activity detected on the host, requiring further analysis."
"# OBSERVATION

Mission Phase: 0
Last Action : Analyse host:admin_network_subnet_user_host_4
Last Action Status: IN_PROGRESS
Communication Vectors: 
Commvector Blue Agent 0 Message: [0, 0, 0, 0, 0, 0, 0, 0]
Commvector Blue Agent 1 Message: [0, 0, 0, 0, 0, 0, 0, 1]
Commvector Blue Agent 2 Message: [0, 0, 0, 0, 0, 0, 0, 0]
Commvector Blue Agent 3 Message: [0, 0, 0, 0, 0, 0, 0, 0]

 Suspicious Activity Detected: None",Analyse,host:admin_network_subnet_user_host_4,"The previous action is still in progress, and further analysis is necessary to confirm the state of the host."
"# OBSERVATION

Mission Phase: 0
Last Action : Analyse host:admin_network_subnet_user_host_4
Last Action Status: IN_PROGRESS
Communication Vectors: 
Commvector Blue Agent 0 Message: [0, 0, 0, 0, 0, 0, 0, 0]
Commvector Blue Agent 1 Message: [0, 0, 0, 0, 0, 0, 0, 0]
Commvector Blue Agent 2 Message: [0, 0, 0, 0, 0, 0, 0, 1]
Commvector Blue Agent 3 Message: [0, 0, 0, 0, 0, 0, 0, 0]

 Suspicious Activity Detected: None",Analyse,host:admin_network_subnet_user_host_4,"Last action is still in progress, indicating ongoing analysis is required."
"# OBSERVATION

Mission Phase: 0
Last Action : Analyse host:admin_network_subnet_user_host_4
Last Action Status: IN_PROGRESS
Communication Vectors: 
Commvector Blue Agent 0 Message: [0, 0, 0, 0, 0, 0, 0, 0]
Commvector Blue Agent 1 Message: [0, 0, 0, 0, 0, 0, 0, 1]
Commvector Blue Agent 2 Message: [0, 0, 0, 0, 0, 0, 0, 0]
Commvector Blue Agent 3 Message: [0, 0, 0, 0, 0, 0, 0, 0]

 Suspicious Activity Detected: None",Analyse,host:admin_network_subnet_user_host_4,"The last action is currently in progress, and further analysis is required to assess the situation."
"# OBSERVATION

Mission Phase: 0
Last Action : Analyse host:admin_network_subnet_user_host_4
Last Action Status: IN_PROGRESS
Communication Vectors: 
Commvector Blue Agent 0 Message: [0, 0, 0, 0, 0, 0, 0, 0]
Commvector Blue Agent 1 Message: [0, 0, 0, 0, 0, 0, 0, 0]
Commvector Blue Agent 2 Message: [0, 0, 0, 0, 0, 0, 0, 0]
Commvector Blue Agent 3 Message: [0, 0, 0, 0, 0, 0, 0, 0]

 Suspicious Activity Detected: None",Analyse,host:admin_network_subnet_user_host_4,"The previous analysis is still in progress, indicating ongoing investigation into potential vulnerabilities."
"# OBSERVATION

Mission Phase: 0
Last Action : Analyse host:admin_network_subnet_user_host_4
Last Action Status: IN_PROGRESS
Communication Vectors: 
Commvector Blue Agent 0 Message: [0, 0, 0, 0, 0, 0, 0, 0]
Commvector Blue Agent 1 Message: [0, 0, 0, 0, 0, 0, 0, 1]
Commvector Blue Agent 2 Message: [0, 0, 0, 0, 0, 0, 0, 0]
Commvector Blue Agent 3 Message: [0, 0, 0, 0, 0, 0, 0, 0]

 Suspicious Activity Detected: None",Analyse,host:admin_network_subnet_user_host_4,"The previous analysis is still in progress, and we need to wait for its completion before taking further actions."
"# OBSERVATION

Mission Phase: 0
Last Action : Analyse host:admin_network_subnet_user_host_4
Last Action Status: IN_PROGRESS
Communication Vectors: 
Commvector Blue Agent 0 Message: [0, 0, 0, 0, 0, 0, 0, 0]
Commvector Blue Agent 1 Message: [0, 0, 0, 0, 0, 0, 0, 0]
Commvector Blue Agent 2 Message: [0, 0, 0, 0, 0, 0, 0, 1]
Commvector Blue Agent 3 Message: [0, 0, 0, 0, 0, 0, 0, 0]

 Suspicious Activity Detected: None",Analyse,host:admin_network_subnet_user_host_4,Continue the analysis to gather more information on potential threats.
"# OBSERVATION

Mission Phase: 0
Last Action : Analyse host:admin_network_subnet_user_host_4
Last Action Status: IN_PROGRESS
Communication Vectors: 
Commvector Blue Agent 0 Message: [0, 0, 0, 0, 0, 0, 0, 0]
Commvector Blue Agent 1 Message: [0, 0, 0, 0, 0, 0, 0, 0]
Commvector Blue Agent 2 Message: [0, 0, 0, 0, 0, 0, 0, 0]
Commvector Blue Agent 3 Message: [0, 0, 0, 0, 0, 0, 0, 0]

 Suspicious Activity Detected: None",Analyse,host:admin_network_subnet_user_host_4,The analysis is still in progress and no suspicious activity has been detected.
"# OBSERVATION

Mission Phase: 0
Last Action : Analyse host:admin_network_subnet_user_host_4
Last Action Status: IN_PROGRESS
Communication Vectors: 
Commvector Blue Agent 0 Message: [0, 0, 0, 0, 0, 0, 0, 0]
Commvector Blue Agent 1 Message: [0, 0, 0, 0, 0, 0, 0, 1]
Commvector Blue Agent 2 Message: [0, 0, 0, 0, 0, 0, 0, 0]
Commvector Blue Agent 3 Message: [0, 0, 0, 0, 0, 0, 0, 0]

 Suspicious Activity Detected: None",Analyse,host:admin_network_subnet_user_host_4,"The analysis of the host is still in progress, and no suspicious activity has been detected."
"# OBSERVATION

Mission Phase: 0
Last Action : Analyse host:admin_network_subnet_user_host_4
Last Action Status: IN_PROGRESS
Communication Vectors: 
Commvector Blue Agent 0 Message: [0, 0, 0, 0, 0, 0, 0, 0]
Commvector Blue Agent 1 Message: [0, 0, 0, 0, 0, 0, 0, 0]
Commvector Blue Agent 2 Message: [0, 0, 0, 0, 0, 0, 0, 1]
Commvector Blue Agent 3 Message: [0, 0, 0, 0, 0, 0, 0, 0]

 Suspicious Activity Detected: None",Analyse,host:admin_network_subnet_user_host_4,Continuing the analysis on the host to determine any potential threats.
"# OBSERVATION

Mission Phase: 0
Last Action : Analyse host:admin_network_subnet_user_host_4
Last Action Status: IN_PROGRESS
Communication Vectors: 
Commvector Blue Agent 0 Message: [0, 0, 0, 0, 0, 0, 0, 0]
Commvector Blue Agent 1 Message: [0, 0, 0, 0, 0, 0, 0, 1]
Commvector Blue Agent 2 Message: [0, 0, 0, 0, 0, 0, 0, 0]
Commvector Blue Agent 3 Message: [0, 0, 0, 0, 0, 0, 0, 0]

 Suspicious Activity Detected: None",Analyse,host:admin_network_subnet_user_host_4,"Last action is still in progress, suggesting further investigation is required."
"# OBSERVATION

Mission Phase: 0
Last Action : Analyse host:admin_network_subnet_user_host_4
Last Action Status: IN_PROGRESS
Communication Vectors: 
Commvector Blue Agent 0 Message: [0, 0, 0, 0, 0, 0, 0, 0]
Commvector Blue Agent 1 Message: [0, 0, 0, 0, 0, 0, 0, 0]
Commvector Blue Agent 2 Message: [0, 0, 0, 0, 0, 0, 0, 1]
Commvector Blue Agent 3 Message: [0, 0, 0, 0, 0, 0, 0, 0]

 Suspicious Activity Detected: None",Analyse,host:admin_network_subnet_user_host_4,The ongoing analysis may need to be completed to ensure there are no threats present.
"# OBSERVATION

Mission Phase: 0
Last Action : Analyse host:admin_network_subnet_user_host_4
Last Action Status: IN_PROGRESS
Communication Vectors: 
Commvector Blue Agent 0 Message: [0, 0, 0, 0, 0, 0, 0, 0]
Commvector Blue Agent 1 Message: [0, 0, 0, 0, 0, 0, 0, 0]
Commvector Blue Agent 2 Message: [0, 0, 0, 0, 0, 0, 0, 0]
Commvector Blue Agent 3 Message: [0, 0, 0, 0, 0, 0, 0, 1]

 Suspicious Activity Detected: None",Analyse,host:admin_network_subnet_user_host_4,"The previous action to analyze the host is still in progress, and no new suspicious activity has been detected."
"# OBSERVATION

Mission Phase: 0
Last Action : Analyse host:admin_network_subnet_user_host_4
Last Action Status: IN_PROGRESS
Communication Vectors: 
Commvector Blue Agent 0 Message: [0, 0, 0, 0, 0, 0, 0, 0]
Commvector Blue Agent 1 Message: [0, 0, 0, 0, 0, 0, 0, 0]
Commvector Blue Agent 2 Message: [0, 0, 0, 0, 0, 0, 0, 1]
Commvector Blue Agent 3 Message: [0, 0, 0, 0, 0, 0, 0, 1]

 Suspicious Activity Detected: None",Analyse,host:admin_network_subnet_user_host_4,The previous analysis is still in progress and monitoring for suspicious activity is essential.
"# OBSERVATION

Mission Phase: 0
Last Action : Analyse host:admin_network_subnet_user_host_4
Last Action Status: IN_PROGRESS
Communication Vectors: 
Commvector Blue Agent 0 Message: [0, 0, 0, 0, 0, 0, 0, 0]
Commvector Blue Agent 1 Message: [0, 0, 0, 0, 0, 0, 0, 0]
Commvector Blue Agent 2 Message: [0, 0, 0, 0, 0, 0, 0, 0]
Commvector Blue Agent 3 Message: [0, 0, 0, 1, 0, 1, 0, 0]

 Suspicious Activity Detected: None",Analyse,host:admin_network_subnet_user_host_4,Continuing the analysis on the host to gather more information since the last action is still in progress.
"# OBSERVATION

Mission Phase: 0
Last Action : Analyse host:admin_network_subnet_user_host_4
Last Action Status: IN_PROGRESS
Communication Vectors: 
Commvector Blue Agent 0 Message: [0, 0, 0, 0, 0, 0, 0, 0]
Commvector Blue Agent 1 Message: [0, 0, 0, 0, 0, 0, 0, 1]
Commvector Blue Agent 2 Message: [0, 0, 0, 0, 0, 0, 0, 0]
Commvector Blue Agent 3 Message: [0, 0, 0, 0, 0, 0, 0, 0]

 Suspicious Activity Detected: None",Analyse,host:admin_network_subnet_user_host_4,"The previous analysis is still in progress, indicating ongoing assessment of potential threats."
"# OBSERVATION

Mission Phase: 0
Last Action : Analyse host:admin_network_subnet_user_host_4
Last Action Status: IN_PROGRESS
Communication Vectors: 
Commvector Blue Agent 0 Message: [0, 0, 0, 0, 0, 0, 0, 0]
Commvector Blue Agent 1 Message: [0, 0, 0, 0, 0, 0, 0, 0]
Commvector Blue Agent 2 Message: [0, 0, 0, 0, 0, 0, 0, 0]
Commvector Blue Agent 3 Message: [0, 0, 0, 0, 0, 0, 0, 0]

 Suspicious Activity Detected: None",Analyse,host:admin_network_subnet_user_host_4,"The analysis on the host is still in progress, and there is no immediate threat detected."
"# OBSERVATION

Mission Phase: 0
Last Action : Analyse host:admin_network_subnet_user_host_4
Last Action Status: IN_PROGRESS
Communication Vectors: 
Commvector Blue Agent 0 Message: [0, 0, 0, 0, 0, 0, 0, 0]
Commvector Blue Agent 1 Message: [0, 0, 0, 0, 0, 0, 0, 1]
Commvector Blue Agent 2 Message: [0, 0, 0, 0, 0, 0, 0, 0]
Commvector Blue Agent 3 Message: [0, 0, 0, 0, 0, 0, 0, 0]

 Suspicious Activity Detected: None",Analyse,host:admin_network_subnet_user_host_4,The analysis action is still in progress and no suspicious activity has been detected.
"# OBSERVATION

Mission Phase: 0
Last Action : Analyse host:admin_network_subnet_user_host_4
Last Action Status: IN_PROGRESS
Communication Vectors: 
Commvector Blue Agent 0 Message: [0, 0, 0, 0, 0, 0, 0, 0]
Commvector Blue Agent 1 Message: [0, 0, 0, 0, 0, 0, 0, 0]
Commvector Blue Agent 2 Message: [0, 0, 0, 0, 0, 0, 0, 1]
Commvector Blue Agent 3 Message: [0, 0, 0, 0, 0, 0, 0, 0]

 Suspicious Activity Detected: None",Analyse,host:admin_network_subnet_user_host_4,Continuing analysis to gather further information as the last action is still in progress.
"# OBSERVATION

Mission Phase: 0
Last Action : Analyse host:admin_network_subnet_user_host_4
Last Action Status: IN_PROGRESS
Communication Vectors: 
Commvector Blue Agent 0 Message: [0, 0, 0, 0, 0, 0, 0, 1]
Commvector Blue Agent 1 Message: [0, 0, 0, 0, 0, 0, 0, 1]
Commvector Blue Agent 2 Message: [0, 0, 1, 0, 0, 1, 0, 0]
Commvector Blue Agent 3 Message: [0, 0, 0, 0, 0, 0, 0, 0]

 Suspicious Activity Detected: None",Analyse,host:admin_network_subnet_user_host_4,"The analysis is still in progress, and further monitoring is needed to detect any suspicious activity."
"# OBSERVATION

Mission Phase: 0
Last Action : Analyse host:admin_network_subnet_user_host_4
Last Action Status: IN_PROGRESS
Communication Vectors: 
Commvector Blue Agent 0 Message: [0, 0, 0, 0, 0, 0, 0, 1]
Commvector Blue Agent 1 Message: [0, 0, 0, 0, 0, 0, 0, 1]
Commvector Blue Agent 2 Message: [0, 0, 0, 0, 0, 0, 0, 0]
Commvector Blue Agent 3 Message: [0, 0, 0, 0, 0, 0, 0, 1]

 Suspicious Activity Detected: None",Analyse,host:admin_network_subnet_user_host_4,"The previous action is still in progress, indicating ongoing investigation of the host for suspicious activity."
"# OBSERVATION

Mission Phase: 0
Last Action : Analyse host:public_access_zone_subnet_user_host_5
Last Action Status: IN_PROGRESS
Communication Vectors: 
Commvector Blue Agent 0 Message: [0, 0, 0, 0, 0, 0, 0, 0]
Commvector Blue Agent 1 Message: [0, 0, 0, 0, 0, 0, 0, 0]
Commvector Blue Agent 2 Message: [0, 0, 0, 0, 0, 0, 0, 1]
Commvector Blue Agent 3 Message: [0, 0, 0, 0, 0, 0, 0, 0]

Suspicious Activity Detected:
- Hostname: admin_network_subnet_user_host_4 | IP: 10.0.232.105",Analyse,host:admin_network_subnet_user_host_4,"Suspicious activity has been detected on the host, requiring further analysis."
"# OBSERVATION

Mission Phase: 0
Last Action : Analyse host:public_access_zone_subnet_user_host_5
Last Action Status: IN_PROGRESS
Communication Vectors: 
Commvector Blue Agent 0 Message: [0, 0, 0, 0, 0, 0, 0, 1]
Commvector Blue Agent 1 Message: [0, 0, 0, 0, 0, 0, 0, 0]
Commvector Blue Agent 2 Message: [0, 0, 0, 0, 0, 0, 0, 1]
Commvector Blue Agent 3 Message: [0, 0, 0, 0, 0, 0, 0, 0]

 Suspicious Activity Detected: None",Analyse,host:public_access_zone_subnet_user_host_5,Continuing the analysis as the last action is still in progress.
"# OBSERVATION

Mission Phase: 0
Last Action : Analyse host:public_access_zone_subnet_server_host_3
Last Action Status: IN_PROGRESS
Communication Vectors: 
Commvector Blue Agent 0 Message: [0, 0, 0, 0, 0, 0, 0, 1]
Commvector Blue Agent 1 Message: [0, 0, 0, 0, 0, 0, 0, 0]
Commvector Blue Agent 2 Message: [0, 0, 0, 0, 0, 0, 0, 0]
Commvector Blue Agent 3 Message: [0, 0, 0, 0, 0, 0, 0, 0]

Suspicious Activity Detected:
- Hostname: public_access_zone_subnet_user_host_5 | IP: 10.0.99.101 | INFO: Connection to 10.0.99.101 | INFO: Connection to 10.0.99.101 | INFO: Connection to 10.0.99.101 | INFO: Connection to 10.0.99.101
- Hostname: office_network_subnet_user_host_5 | IP: 10.0.50.71",Analyse,host:public_access_zone_subnet_user_host_5,Suspicious activity detected on host indicating potential red agent presence.
"# OBSERVATION

Mission Phase: 0
Last Action : Analyse host:public_access_zone_subnet_server_host_3
Last Action Status: IN_PROGRESS
Communication Vectors: 
Commvector Blue Agent 0 Message: [1, 0, 0, 0, 0, 1, 0, 0]
Commvector Blue Agent 1 Message: [0, 0, 0, 0, 0, 0, 0, 1]
Commvector Blue Agent 2 Message: [0, 0, 0, 0, 0, 0, 0, 0]
Commvector Blue Agent 3 Message: [0, 0, 0, 0, 0, 0, 0, 0]

 Suspicious Activity Detected: None",Analyse,host:public_access_zone_subnet_server_host_3,"The previous analysis on this host is still in progress, indicating potential ongoing investigation required."
"# OBSERVATION

Mission Phase: 0
Last Action : Analyse host:public_access_zone_subnet_server_host_3
Last Action Status: IN_PROGRESS
Communication Vectors: 
Commvector Blue Agent 0 Message: [0, 0, 0, 0, 0, 0, 0, 0]
Commvector Blue Agent 1 Message: [0, 0, 0, 0, 0, 0, 0, 1]
Commvector Blue Agent 2 Message: [0, 0, 0, 0, 0, 0, 0, 0]
Commvector Blue Agent 3 Message: [0, 0, 0, 0, 0, 0, 0, 0]

 Suspicious Activity Detected: None",Analyse,host:public_access_zone_subnet_server_host_3,"The previous analysis is still in progress, indicating ongoing monitoring of potential suspicious activity."
"# OBSERVATION

Mission Phase: 0
Last Action : Analyse host:public_access_zone_subnet_server_host_3
Last Action Status: IN_PROGRESS
Communication Vectors: 
Commvector Blue Agent 0 Message: [0, 0, 0, 0, 0, 0, 0, 0]
Commvector Blue Agent 1 Message: [0, 1, 0, 0, 0, 1, 0, 0]
Commvector Blue Agent 2 Message: [0, 0, 1, 0, 0, 1, 0, 1]
Commvector Blue Agent 3 Message: [0, 0, 0, 0, 0, 0, 0, 0]

 Suspicious Activity Detected: None",Analyse,host:public_access_zone_subnet_server_host_3,"The previous analysis action is still in progress, and no suspicious activity is detected."
"# OBSERVATION

Mission Phase: 0
Last Action : Analyse host:public_access_zone_subnet_server_host_3
Last Action Status: IN_PROGRESS
Communication Vectors: 
Commvector Blue Agent 0 Message: [1, 0, 0, 0, 0, 1, 0, 0]
Commvector Blue Agent 1 Message: [0, 0, 0, 0, 0, 0, 0, 0]
Commvector Blue Agent 2 Message: [0, 0, 0, 0, 0, 0, 0, 0]
Commvector Blue Agent 3 Message: [0, 0, 0, 0, 0, 0, 0, 0]

 Suspicious Activity Detected: None",Analyse,host:public_access_zone_subnet_server_host_3,"The last action is still in progress, indicating further analysis is necessary to determine the state of the host."
"# OBSERVATION

Mission Phase: 0
Last Action : Analyse host:public_access_zone_subnet_server_host_3
Last Action Status: IN_PROGRESS
Communication Vectors: 
Commvector Blue Agent 0 Message: [0, 0, 0, 0, 0, 0, 0, 0]
Commvector Blue Agent 1 Message: [0, 0, 0, 0, 0, 0, 0, 0]
Commvector Blue Agent 2 Message: [0, 0, 0, 0, 0, 0, 0, 1]
Commvector Blue Agent 3 Message: [0, 0, 0, 0, 0, 0, 0, 0]

 Suspicious Activity Detected: None",Analyse,host:public_access_zone_subnet_server_host_3,"The last action is still in progress, and no new suspicious activity has been detected."
"# OBSERVATION

Mission Phase: 0
Last Action : Analyse host:public_access_zone_subnet_server_host_3
Last Action Status: IN_PROGRESS
Communication Vectors: 
Commvector Blue Agent 0 Message: [0, 0, 0, 0, 0, 0, 0, 0]
Commvector Blue Agent 1 Message: [0, 0, 0, 0, 0, 0, 0, 0]
Commvector Blue Agent 2 Message: [0, 0, 0, 0, 0, 0, 0, 0]
Commvector Blue Agent 3 Message: [0, 0, 0, 0, 0, 0, 0, 1]

 Suspicious Activity Detected: None",Analyse,host:public_access_zone_subnet_server_host_3,"The last action is still in progress, indicating ongoing investigation into potential threats."
"# OBSERVATION

Mission Phase: 0
Last Action : Analyse host:public_access_zone_subnet_server_host_3
Last Action Status: IN_PROGRESS
Communication Vectors: 
Commvector Blue Agent 0 Message: [0, 0, 0, 0, 0, 0, 0, 0]
Commvector Blue Agent 1 Message: [0, 0, 0, 0, 0, 0, 0, 1]
Commvector Blue Agent 2 Message: [0, 0, 0, 0, 0, 0, 0, 0]
Commvector Blue Agent 3 Message: [0, 0, 0, 0, 0, 0, 0, 0]

 Suspicious Activity Detected: None",Analyse,host:public_access_zone_subnet_server_host_3,The previous analysis is still in progress and further monitoring is needed.
"# OBSERVATION

Mission Phase: 0
Last Action : Analyse host:public_access_zone_subnet_server_host_3
Last Action Status: IN_PROGRESS
Communication Vectors: 
Commvector Blue Agent 0 Message: [0, 0, 0, 0, 0, 0, 0, 1]
Commvector Blue Agent 1 Message: [0, 0, 0, 0, 0, 0, 0, 0]
Commvector Blue Agent 2 Message: [0, 0, 0, 0, 0, 0, 0, 0]
Commvector Blue Agent 3 Message: [0, 0, 0, 0, 0, 0, 0, 0]

 Suspicious Activity Detected: None",Analyse,host:public_access_zone_subnet_server_host_3,Continuing the analysis on the host since the last action is still in progress.
"# OBSERVATION

Mission Phase: 0
Last Action : Analyse host:public_access_zone_subnet_server_host_3
Last Action Status: IN_PROGRESS
Communication Vectors: 
Commvector Blue Agent 0 Message: [0, 0, 0, 0, 0, 0, 0, 0]
Commvector Blue Agent 1 Message: [0, 0, 0, 0, 0, 0, 0, 1]
Commvector Blue Agent 2 Message: [0, 0, 0, 0, 0, 0, 0, 0]
Commvector Blue Agent 3 Message: [0, 0, 0, 0, 0, 0, 0, 0]

 Suspicious Activity Detected: None",Analyse,host:public_access_zone_subnet_server_host_3,"The last action is still in progress, indicating ongoing investigation of the host for potential suspicious activity."
"# OBSERVATION

Mission Phase: 0
Last Action : Analyse host:public_access_zone_subnet_server_host_3
Last Action Status: IN_PROGRESS
Communication Vectors: 
Commvector Blue Agent 0 Message: [0, 0, 0, 0, 0, 0, 0, 0]
Commvector Blue Agent 1 Message: [0, 0, 0, 0, 0, 0, 0, 1]
Commvector Blue Agent 2 Message: [0, 0, 0, 0, 0, 0, 0, 1]
Commvector Blue Agent 3 Message: [0, 0, 0, 0, 0, 0, 0, 0]

 Suspicious Activity Detected: None",Analyse,host:public_access_zone_subnet_server_host_3,The analysis is still in progress to detect any suspicious activity.
"# OBSERVATION

Mission Phase: 0
Last Action : Analyse host:public_access_zone_subnet_server_host_3
Last Action Status: IN_PROGRESS
Communication Vectors: 
Commvector Blue Agent 0 Message: [0, 0, 0, 0, 0, 0, 0, 0]
Commvector Blue Agent 1 Message: [0, 0, 0, 0, 0, 0, 0, 0]
Commvector Blue Agent 2 Message: [0, 0, 0, 0, 0, 0, 0, 0]
Commvector Blue Agent 3 Message: [0, 0, 0, 0, 0, 0, 0, 0]

 Suspicious Activity Detected: None",Analyse,host:public_access_zone_subnet_server_host_3,Further analysis is required to ensure no suspicious activity is present.
"# OBSERVATION

Mission Phase: 0
Last Action : Analyse host:public_access_zone_subnet_server_host_3
Last Action Status: IN_PROGRESS
Communication Vectors: 
Commvector Blue Agent 0 Message: [0, 0, 0, 0, 0, 0, 0, 0]
Commvector Blue Agent 1 Message: [0, 0, 0, 0, 0, 0, 0, 1]
Commvector Blue Agent 2 Message: [0, 0, 0, 0, 0, 0, 0, 1]
Commvector Blue Agent 3 Message: [0, 0, 0, 0, 0, 0, 0, 0]

 Suspicious Activity Detected: None",Analyse,host:public_access_zone_subnet_server_host_3,"The last action is still in progress, indicating further investigation is needed on this host."
"# OBSERVATION

Mission Phase: 0
Last Action : Analyse host:public_access_zone_subnet_server_host_3
Last Action Status: IN_PROGRESS
Communication Vectors: 
Commvector Blue Agent 0 Message: [0, 0, 0, 0, 0, 0, 0, 0]
Commvector Blue Agent 1 Message: [0, 1, 0, 0, 0, 1, 0, 1]
Commvector Blue Agent 2 Message: [0, 0, 0, 0, 0, 0, 0, 0]
Commvector Blue Agent 3 Message: [0, 0, 0, 0, 0, 0, 0, 0]

 Suspicious Activity Detected: None",Analyse,host:public_access_zone_subnet_server_host_3,Further analysis is required as the last action is still in progress.
"# OBSERVATION

Mission Phase: 0
Last Action : Analyse host:public_access_zone_subnet_server_host_3
Last Action Status: IN_PROGRESS
Communication Vectors: 
Commvector Blue Agent 0 Message: [0, 0, 0, 0, 0, 0, 0, 0]
Commvector Blue Agent 1 Message: [0, 0, 0, 0, 0, 0, 0, 0]
Commvector Blue Agent 2 Message: [0, 0, 0, 0, 0, 0, 0, 1]
Commvector Blue Agent 3 Message: [0, 0, 0, 0, 0, 0, 0, 0]

 Suspicious Activity Detected: None",Analyse,host:public_access_zone_subnet_server_host_3,"Current analysis action is in progress, and no new threats detected."
"# OBSERVATION

Mission Phase: 0
Last Action : Analyse host:public_access_zone_subnet_server_host_3
Last Action Status: IN_PROGRESS
Communication Vectors: 
Commvector Blue Agent 0 Message: [0, 0, 0, 0, 0, 0, 0, 1]
Commvector Blue Agent 1 Message: [0, 0, 0, 0, 0, 0, 0, 1]
Commvector Blue Agent 2 Message: [0, 0, 0, 0, 0, 0, 0, 0]
Commvector Blue Agent 3 Message: [0, 0, 0, 0, 0, 0, 0, 0]

 Suspicious Activity Detected: None",Analyse,host:public_access_zone_subnet_server_host_3,"Last action is still in progress, continuing the analysis on the host."
"# OBSERVATION

Mission Phase: 0
Last Action : Analyse host:public_access_zone_subnet_user_host_0
Last Action Status: TRUE
Communication Vectors: 
Commvector Blue Agent 0 Message: [0, 0, 0, 0, 0, 0, 0, 0]
Commvector Blue Agent 1 Message: [0, 0, 0, 0, 0, 0, 0, 0]
Commvector Blue Agent 2 Message: [0, 0, 0, 0, 0, 0, 0, 0]
Commvector Blue Agent 3 Message: [0, 0, 0, 0, 0, 0, 0, 0]

Suspicious Activity Detected:
- Hostname: public_access_zone_subnet_server_host_3 | IP: 10.0.99.101 | INFO: Connection to 10.0.99.251 | INFO: Connection to 10.0.99.251",Analyse,host:public_access_zone_subnet_server_host_3,Further investigation is needed due to detected connections on the host.
"# OBSERVATION

Mission Phase: 0
Last Action : Remove host:public_access_zone_subnet_user_host_4
Last Action Status: IN_PROGRESS
Communication Vectors: 
Commvector Blue Agent 0 Message: [0, 0, 0, 0, 0, 0, 0, 1]
Commvector Blue Agent 1 Message: [0, 0, 0, 0, 0, 0, 0, 0]
Commvector Blue Agent 2 Message: [0, 0, 0, 0, 0, 0, 0, 1]
Commvector Blue Agent 3 Message: [0, 0, 0, 0, 0, 0, 0, 1]

Suspicious Activity Detected:
- Hostname: public_access_zone_subnet_user_host_0 | IP: 10.0.99.130 | INFO: Connection to 10.0.99.130 | INFO: Connection to 10.0.99.130 | INFO: Connection to 10.0.99.130 | INFO: Connection to 10.0.99.130 | INFO: Connection to 10.0.99.130 | INFO: Connection to 10.0.99.130 | INFO: Connection to 10.0.99.130 | INFO: Connection to 10.0.99.130",Analyse,host:public_access_zone_subnet_user_host_0,"Suspicious activity detected on the host, requiring further investigation."
"# OBSERVATION

Mission Phase: 0
Last Action : AllowTrafficZone subnet:office_network
Last Action Status: FALSE
Communication Vectors: 
Commvector Blue Agent 0 Message: [1, 0, 0, 0, 0, 1, 0, 0]
Commvector Blue Agent 1 Message: [0, 0, 0, 0, 0, 0, 0, 0]
Commvector Blue Agent 2 Message: [0, 0, 0, 0, 0, 0, 0, 0]
Commvector Blue Agent 3 Message: [0, 0, 0, 0, 0, 0, 0, 0]

Suspicious Activity Detected:
- Hostname: public_access_zone_subnet_user_host_4 | IP: 10.0.99.39",Remove,host:public_access_zone_subnet_user_host_4,Red agent detected on the host indicating a user-level compromise.
"# OBSERVATION

Mission Phase: 0
Last Action : AllowTrafficZone subnet:office_network
Last Action Status: FALSE
Communication Vectors: 
Commvector Blue Agent 0 Message: [0, 0, 0, 0, 0, 0, 0, 0]
Commvector Blue Agent 1 Message: [0, 0, 0, 0, 0, 0, 0, 0]
Commvector Blue Agent 2 Message: [0, 0, 0, 0, 0, 0, 0, 1]
Commvector Blue Agent 3 Message: [0, 0, 0, 0, 0, 0, 0, 0]

 Suspicious Activity Detected: None",AllowTrafficZone,subnet:office_network,"The last action was unsuccessful, indicating the zone is still blocked and needs to be allowed."
"# OBSERVATION

Mission Phase: 0
Last Action : AllowTrafficZone subnet:office_network
Last Action Status: FALSE
Communication Vectors: 
Commvector Blue Agent 0 Message: [0, 0, 0, 0, 0, 0, 0, 0]
Commvector Blue Agent 1 Message: [0, 0, 0, 0, 0, 0, 0, 0]
Commvector Blue Agent 2 Message: [0, 0, 0, 0, 0, 0, 0, 0]
Commvector Blue Agent 3 Message: [0, 0, 0, 0, 0, 0, 0, 0]

 Suspicious Activity Detected: None",AllowTrafficZone,subnet:office_network,"The action has not completed successfully, and it is necessary to ensure connectivity."
"# OBSERVATION

Mission Phase: 0
Last Action : AllowTrafficZone subnet:office_network
Last Action Status: FALSE
Communication Vectors: 
Commvector Blue Agent 0 Message: [0, 0, 0, 0, 0, 0, 0, 1]
Commvector Blue Agent 1 Message: [0, 0, 0, 0, 0, 0, 0, 0]
Commvector Blue Agent 2 Message: [0, 0, 0, 0, 0, 0, 0, 0]
Commvector Blue Agent 3 Message: [0, 0, 0, 0, 0, 0, 0, 0]

 Suspicious Activity Detected: None",AllowTrafficZone,subnet:office_network,"The last action to allow traffic was unsuccessful, indicating a need to ensure connectivity."
"# OBSERVATION

Mission Phase: 0
Last Action : AllowTrafficZone subnet:office_network
Last Action Status: FALSE
Communication Vectors: 
Commvector Blue Agent 0 Message: [0, 0, 0, 0, 0, 0, 0, 1]
Commvector Blue Agent 1 Message: [0, 1, 0, 0, 0, 1, 0, 0]
Commvector Blue Agent 2 Message: [0, 0, 0, 0, 0, 0, 0, 0]
Commvector Blue Agent 3 Message: [0, 0, 0, 0, 0, 0, 0, 0]

 Suspicious Activity Detected: None",AllowTrafficZone,subnet:office_network,"The last action to allow traffic was unsuccessful, indicating the zone may still be blocked and needs to be re-allowed for operations."
"# OBSERVATION

Mission Phase: 0
Last Action : Remove host:office_network_subnet_user_host_2
Last Action Status: TRUE
Communication Vectors: 
Commvector Blue Agent 0 Message: [0, 0, 0, 0, 0, 0, 0, 0]
Commvector Blue Agent 1 Message: [0, 0, 0, 0, 0, 0, 0, 0]
Commvector Blue Agent 2 Message: [0, 0, 0, 0, 0, 0, 0, 0]
Commvector Blue Agent 3 Message: [0, 0, 0, 0, 0, 0, 0, 1]

 Suspicious Activity Detected: None",AllowTrafficZone,subnet:office_network,"Network is currently in a low priority phase with no suspicious activity detected, allowing normal operations."
"# OBSERVATION

Mission Phase: 0
Last Action : Remove host:office_network_subnet_user_host_2
Last Action Status: IN_PROGRESS
Communication Vectors: 
Commvector Blue Agent 0 Message: [0, 0, 0, 0, 0, 0, 0, 0]
Commvector Blue Agent 1 Message: [0, 0, 0, 0, 0, 0, 0, 1]
Commvector Blue Agent 2 Message: [0, 0, 0, 0, 0, 0, 0, 0]
Commvector Blue Agent 3 Message: [0, 0, 0, 0, 0, 0, 0, 0]

 Suspicious Activity Detected: None",Remove,host:office_network_subnet_user_host_2,"The last action is still in progress, indicating ongoing efforts to address a potential threat."
"# OBSERVATION

Mission Phase: 0
Last Action : Analyse host:office_network_subnet_user_host_2
Last Action Status: IN_PROGRESS
Communication Vectors: 
Commvector Blue Agent 0 Message: [1, 0, 0, 0, 0, 1, 0, 1]
Commvector Blue Agent 1 Message: [0, 0, 0, 0, 0, 0, 0, 0]
Commvector Blue Agent 2 Message: [0, 0, 0, 0, 0, 0, 0, 0]
Commvector Blue Agent 3 Message: [0, 0, 0, 0, 0, 0, 0, 1]

 Suspicious Activity Detected: None",Remove,host:office_network_subnet_user_host_2,User-level compromise detected on the host.
"# OBSERVATION

Mission Phase: 0
Last Action : Analyse host:office_network_subnet_user_host_2
Last Action Status: IN_PROGRESS
Communication Vectors: 
Commvector Blue Agent 0 Message: [0, 0, 0, 0, 0, 0, 0, 1]
Commvector Blue Agent 1 Message: [0, 0, 0, 0, 0, 0, 0, 0]
Commvector Blue Agent 2 Message: [0, 0, 0, 0, 0, 0, 0, 0]
Commvector Blue Agent 3 Message: [0, 0, 0, 0, 0, 0, 0, 0]

 Suspicious Activity Detected: None",Analyse,host:office_network_subnet_user_host_2,"The last action is still in progress, indicating ongoing analysis to confirm the host's security status."
"# OBSERVATION

Mission Phase: 0
Last Action : Analyse host:office_network_subnet_user_host_2
Last Action Status: IN_PROGRESS
Communication Vectors: 
Commvector Blue Agent 0 Message: [0, 0, 0, 0, 0, 0, 0, 0]
Commvector Blue Agent 1 Message: [0, 0, 0, 0, 0, 0, 0, 0]
Commvector Blue Agent 2 Message: [0, 0, 0, 0, 0, 0, 0, 1]
Commvector Blue Agent 3 Message: [0, 0, 0, 0, 0, 0, 0, 1]

 Suspicious Activity Detected: None",Analyse,host:office_network_subnet_user_host_2,"The last analysis action is still in progress, indicating ongoing monitoring of potential suspicious activity."
"# OBSERVATION

Mission Phase: 0
Last Action : Analyse host:office_network_subnet_user_host_2
Last Action Status: IN_PROGRESS
Communication Vectors: 
Commvector Blue Agent 0 Message: [1, 0, 0, 0, 0, 1, 0, 1]
Commvector Blue Agent 1 Message: [0, 0, 0, 0, 0, 0, 0, 0]
Commvector Blue Agent 2 Message: [0, 0, 0, 0, 0, 0, 0, 0]
Commvector Blue Agent 3 Message: [0, 0, 0, 0, 0, 0, 0, 0]

 Suspicious Activity Detected: None",Analyse,host:office_network_subnet_user_host_2,"The last action is still in progress, further analysis is required to conclude the evaluation."
"# OBSERVATION

Mission Phase: 0
Last Action : Analyse host:office_network_subnet_user_host_2
Last Action Status: IN_PROGRESS
Communication Vectors: 
Commvector Blue Agent 0 Message: [0, 0, 0, 0, 0, 0, 0, 0]
Commvector Blue Agent 1 Message: [0, 0, 0, 0, 0, 0, 0, 0]
Commvector Blue Agent 2 Message: [0, 0, 0, 0, 0, 0, 0, 0]
Commvector Blue Agent 3 Message: [0, 0, 0, 0, 0, 0, 0, 0]

 Suspicious Activity Detected: None",Analyse,host:office_network_subnet_user_host_2,The analysis is still in progress and no suspicious activity has been detected.
"# OBSERVATION

Mission Phase: 0
Last Action : Analyse host:office_network_subnet_user_host_2
Last Action Status: IN_PROGRESS
Communication Vectors: 
Commvector Blue Agent 0 Message: [1, 0, 0, 0, 0, 1, 0, 0]
Commvector Blue Agent 1 Message: [0, 0, 0, 0, 0, 0, 0, 1]
Commvector Blue Agent 2 Message: [0, 0, 0, 0, 0, 0, 0, 0]
Commvector Blue Agent 3 Message: [0, 0, 0, 0, 0, 0, 0, 0]

 Suspicious Activity Detected: None",Analyse,host:office_network_subnet_user_host_2,Continuing analysis is necessary as the last action is still in progress to assess any potential red activity.
"# OBSERVATION

Mission Phase: 0
Last Action : Analyse host:public_access_zone_subnet_user_host_5
Last Action Status: IN_PROGRESS
Communication Vectors: 
Commvector Blue Agent 0 Message: [0, 0, 0, 0, 0, 0, 0, 0]
Commvector Blue Agent 1 Message: [0, 0, 0, 0, 0, 0, 0, 0]
Commvector Blue Agent 2 Message: [0, 0, 0, 0, 0, 0, 0, 0]
Commvector Blue Agent 3 Message: [0, 0, 0, 0, 0, 0, 0, 0]

Suspicious Activity Detected:
- Hostname: office_network_subnet_user_host_2 | IP: 10.0.50.89",Analyse,host:office_network_subnet_user_host_2,"Suspicious activity detected on the host, needs further investigation."
"# OBSERVATION

Mission Phase: 0
Last Action : Analyse host:public_access_zone_subnet_user_host_5
Last Action Status: IN_PROGRESS
Communication Vectors: 
Commvector Blue Agent 0 Message: [0, 0, 0, 0, 0, 0, 0, 0]
Commvector Blue Agent 1 Message: [0, 0, 0, 0, 0, 0, 0, 0]
Commvector Blue Agent 2 Message: [0, 0, 0, 0, 0, 0, 0, 1]
Commvector Blue Agent 3 Message: [0, 0, 0, 0, 0, 0, 0, 0]

 Suspicious Activity Detected: None",Analyse,host:public_access_zone_subnet_user_host_5,"The previous analysis action is still in progress, indicating a need for further assessment of the host."
"# OBSERVATION

Mission Phase: 0
Last Action : Analyse host:public_access_zone_subnet_user_host_5
Last Action Status: IN_PROGRESS
Communication Vectors: 
Commvector Blue Agent 0 Message: [0, 0, 0, 0, 0, 0, 0, 0]
Commvector Blue Agent 1 Message: [0, 0, 0, 0, 0, 0, 0, 1]
Commvector Blue Agent 2 Message: [0, 0, 0, 0, 0, 0, 0, 0]
Commvector Blue Agent 3 Message: [0, 0, 0, 0, 0, 0, 0, 0]

 Suspicious Activity Detected: None",Analyse,host:public_access_zone_subnet_user_host_5,Continuing to monitor the host as the last analysis is still in progress.
"# OBSERVATION

Mission Phase: 0
Last Action : Analyse host:public_access_zone_subnet_server_host_3
Last Action Status: IN_PROGRESS
Communication Vectors: 
Commvector Blue Agent 0 Message: [0, 0, 0, 0, 0, 0, 0, 0]
Commvector Blue Agent 1 Message: [0, 0, 0, 0, 0, 0, 0, 0]
Commvector Blue Agent 2 Message: [0, 0, 0, 0, 0, 0, 0, 0]
Commvector Blue Agent 3 Message: [0, 0, 0, 0, 0, 0, 0, 1]

Suspicious Activity Detected:
- Hostname: public_access_zone_subnet_user_host_5 | IP: 10.0.99.101",Analyse,host:public_access_zone_subnet_user_host_5,"Suspicious activity detected on the host, requiring further analysis."
"# OBSERVATION

Mission Phase: 0
Last Action : Analyse host:public_access_zone_subnet_server_host_3
Last Action Status: IN_PROGRESS
Communication Vectors: 
Commvector Blue Agent 0 Message: [0, 0, 0, 0, 0, 0, 0, 0]
Commvector Blue Agent 1 Message: [0, 0, 0, 0, 0, 0, 0, 1]
Commvector Blue Agent 2 Message: [0, 0, 0, 0, 0, 0, 0, 0]
Commvector Blue Agent 3 Message: [0, 0, 0, 0, 0, 0, 0, 0]

 Suspicious Activity Detected: None",Analyse,host:public_access_zone_subnet_server_host_3,"The analysis is still in progress, confirming no immediate threats or suspicious activity detected."
"# OBSERVATION

Mission Phase: 0
Last Action : Analyse host:public_access_zone_subnet_server_host_3
Last Action Status: IN_PROGRESS
Communication Vectors: 
Commvector Blue Agent 0 Message: [0, 0, 0, 0, 0, 0, 0, 0]
Commvector Blue Agent 1 Message: [0, 0, 0, 0, 0, 0, 0, 1]
Commvector Blue Agent 2 Message: [0, 0, 0, 0, 0, 0, 0, 0]
Commvector Blue Agent 3 Message: [0, 0, 0, 0, 0, 0, 0, 0]

 Suspicious Activity Detected: None",Analyse,host:public_access_zone_subnet_server_host_3,"The previous analysis action on the host is still in progress, and it is crucial to complete the investigation."
"# OBSERVATION

Mission Phase: 0
Last Action : Analyse host:public_access_zone_subnet_server_host_3
Last Action Status: IN_PROGRESS
Communication Vectors: 
Commvector Blue Agent 0 Message: [0, 0, 0, 0, 0, 0, 0, 0]
Commvector Blue Agent 1 Message: [0, 1, 0, 0, 0, 1, 0, 0]
Commvector Blue Agent 2 Message: [0, 0, 0, 0, 0, 0, 0, 0]
Commvector Blue Agent 3 Message: [0, 0, 0, 0, 0, 0, 0, 0]

 Suspicious Activity Detected: None",Analyse,host:public_access_zone_subnet_server_host_3,"The last action is still in progress, indicating the need for further analysis."
"# OBSERVATION

Mission Phase: 0
Last Action : Analyse host:public_access_zone_subnet_server_host_3
Last Action Status: IN_PROGRESS
Communication Vectors: 
Commvector Blue Agent 0 Message: [0, 0, 0, 0, 0, 0, 0, 0]
Commvector Blue Agent 1 Message: [0, 0, 0, 0, 0, 0, 0, 1]
Commvector Blue Agent 2 Message: [0, 0, 0, 0, 0, 0, 0, 1]
Commvector Blue Agent 3 Message: [0, 0, 0, 0, 0, 0, 0, 0]

 Suspicious Activity Detected: None",Analyse,host:public_access_zone_subnet_server_host_3,Continuing with the analysis of the host as the last action is still in progress.
"# OBSERVATION

Mission Phase: 0
Last Action : Analyse host:public_access_zone_subnet_server_host_3
Last Action Status: IN_PROGRESS
Communication Vectors: 
Commvector Blue Agent 0 Message: [0, 0, 0, 0, 0, 0, 0, 0]
Commvector Blue Agent 1 Message: [0, 1, 0, 0, 0, 1, 0, 0]
Commvector Blue Agent 2 Message: [0, 0, 0, 0, 0, 0, 0, 0]
Commvector Blue Agent 3 Message: [0, 0, 0, 0, 0, 0, 0, 0]

 Suspicious Activity Detected: None",Analyse,host:public_access_zone_subnet_server_host_3,"The previous analysis is still in progress, indicating continued monitoring is necessary."
"# OBSERVATION

Mission Phase: 0
Last Action : Analyse host:public_access_zone_subnet_server_host_3
Last Action Status: IN_PROGRESS
Communication Vectors: 
Commvector Blue Agent 0 Message: [0, 0, 0, 0, 0, 1, 0, 0]
Commvector Blue Agent 1 Message: [0, 0, 0, 0, 0, 0, 0, 0]
Commvector Blue Agent 2 Message: [0, 0, 0, 0, 0, 0, 0, 1]
Commvector Blue Agent 3 Message: [0, 0, 0, 0, 0, 0, 0, 0]

 Suspicious Activity Detected: None",Analyse,host:public_access_zone_subnet_server_host_3,The last action is still in progress; continuing analysis on the host is necessary to determine the state and potential threats.
"# OBSERVATION

Mission Phase: 0
Last Action : Analyse host:public_access_zone_subnet_server_host_3
Last Action Status: IN_PROGRESS
Communication Vectors: 
Commvector Blue Agent 0 Message: [1, 0, 0, 0, 0, 1, 0, 0]
Commvector Blue Agent 1 Message: [0, 0, 0, 0, 0, 0, 0, 1]
Commvector Blue Agent 2 Message: [0, 0, 0, 0, 0, 0, 0, 0]
Commvector Blue Agent 3 Message: [0, 0, 0, 0, 0, 0, 0, 1]

 Suspicious Activity Detected: None",Analyse,host:public_access_zone_subnet_server_host_3,Continuing the analysis on the host is necessary as the last action is still in progress and no suspicious activity is detected.
"# OBSERVATION

Mission Phase: 0
Last Action : Analyse host:public_access_zone_subnet_server_host_3
Last Action Status: IN_PROGRESS
Communication Vectors: 
Commvector Blue Agent 0 Message: [0, 0, 0, 0, 0, 0, 0, 0]
Commvector Blue Agent 1 Message: [0, 0, 0, 0, 0, 0, 0, 0]
Commvector Blue Agent 2 Message: [0, 0, 0, 0, 0, 0, 0, 1]
Commvector Blue Agent 3 Message: [0, 0, 0, 0, 0, 0, 0, 0]

 Suspicious Activity Detected: None",Analyse,host:public_access_zone_subnet_server_host_3,"Last analysis is still in progress, continuing to monitor the host."
"# OBSERVATION

Mission Phase: 0
Last Action : Analyse host:public_access_zone_subnet_server_host_3
Last Action Status: IN_PROGRESS
Communication Vectors: 
Commvector Blue Agent 0 Message: [0, 0, 0, 0, 0, 0, 0, 0]
Commvector Blue Agent 1 Message: [0, 0, 0, 0, 0, 0, 0, 1]
Commvector Blue Agent 2 Message: [0, 0, 0, 0, 0, 0, 0, 0]
Commvector Blue Agent 3 Message: [0, 0, 0, 0, 0, 0, 0, 0]

 Suspicious Activity Detected: None",Analyse,host:public_access_zone_subnet_server_host_3,"Last action is still in progress, and no suspicious activity has been detected, indicating that we should continue monitoring the analysis."
"# OBSERVATION

Mission Phase: 0
Last Action : Analyse host:public_access_zone_subnet_server_host_3
Last Action Status: IN_PROGRESS
Communication Vectors: 
Commvector Blue Agent 0 Message: [0, 0, 0, 0, 0, 0, 0, 0]
Commvector Blue Agent 1 Message: [0, 0, 0, 0, 0, 0, 0, 0]
Commvector Blue Agent 2 Message: [0, 0, 0, 0, 0, 0, 0, 1]
Commvector Blue Agent 3 Message: [0, 0, 0, 0, 0, 0, 0, 0]

 Suspicious Activity Detected: None",Analyse,host:public_access_zone_subnet_server_host_3,"The last action is still in progress, indicating ongoing analysis for potential suspicious activity."
"# OBSERVATION

Mission Phase: 0
Last Action : Analyse host:public_access_zone_subnet_server_host_3
Last Action Status: IN_PROGRESS
Communication Vectors: 
Commvector Blue Agent 0 Message: [0, 0, 0, 0, 0, 0, 0, 0]
Commvector Blue Agent 1 Message: [0, 0, 0, 0, 0, 0, 0, 0]
Commvector Blue Agent 2 Message: [0, 0, 0, 0, 0, 0, 0, 0]
Commvector Blue Agent 3 Message: [0, 0, 0, 0, 0, 0, 0, 0]

 Suspicious Activity Detected: None",Analyse,host:public_access_zone_subnet_server_host_3,"The last action is still in progress, and further analysis is necessary to ensure network security."
"# OBSERVATION

Mission Phase: 0
Last Action : Analyse host:public_access_zone_subnet_server_host_2
Last Action Status: IN_PROGRESS
Communication Vectors: 
Commvector Blue Agent 0 Message: [0, 0, 0, 0, 0, 0, 0, 0]
Commvector Blue Agent 1 Message: [0, 0, 0, 0, 0, 0, 0, 0]
Commvector Blue Agent 2 Message: [0, 0, 0, 0, 0, 0, 0, 1]
Commvector Blue Agent 3 Message: [0, 0, 0, 0, 0, 0, 0, 1]

Suspicious Activity Detected:
- Hostname: public_access_zone_subnet_server_host_3 | IP: 10.0.22.103 | INFO: Connection to 10.0.99.251 | INFO: Connection to 10.0.99.251",Analyse,host:public_access_zone_subnet_server_host_3,"Suspicious connections detected, requiring further investigation."
"# OBSERVATION

Mission Phase: 0
Last Action : Analyse host:admin_network_subnet_server_host_2
Last Action Status: IN_PROGRESS
Communication Vectors: 
Commvector Blue Agent 0 Message: [0, 0, 0, 0, 0, 0, 0, 0]
Commvector Blue Agent 1 Message: [0, 0, 0, 0, 0, 0, 0, 0]
Commvector Blue Agent 2 Message: [0, 0, 0, 0, 0, 0, 0, 0]
Commvector Blue Agent 3 Message: [0, 0, 0, 0, 0, 0, 0, 0]

Suspicious Activity Detected:
- Hostname: public_access_zone_subnet_server_host_2 | IP: 10.0.22.144 | INFO: Connection to 10.0.99.252 | INFO: Connection to 10.0.99.252",Analyse,host:public_access_zone_subnet_server_host_2,Further analysis needed on host due to detected connections.
"# OBSERVATION

Mission Phase: 0
Last Action : Analyse host:admin_network_subnet_server_host_2
Last Action Status: IN_PROGRESS
Communication Vectors: 
Commvector Blue Agent 0 Message: [0, 0, 0, 0, 0, 0, 0, 0]
Commvector Blue Agent 1 Message: [0, 0, 0, 0, 0, 0, 0, 1]
Commvector Blue Agent 2 Message: [0, 0, 0, 0, 0, 0, 0, 1]
Commvector Blue Agent 3 Message: [0, 0, 0, 0, 0, 0, 0, 0]

 Suspicious Activity Detected: None",Analyse,host:admin_network_subnet_server_host_2,Continuation of the analysis to determine if any suspicious activity exists on the host.
"# OBSERVATION

Mission Phase: 0
Last Action : Analyse host:admin_network_subnet_server_host_2
Last Action Status: IN_PROGRESS
Communication Vectors: 
Commvector Blue Agent 0 Message: [0, 0, 0, 0, 0, 0, 0, 0]
Commvector Blue Agent 1 Message: [0, 0, 0, 0, 0, 0, 0, 0]
Commvector Blue Agent 2 Message: [0, 0, 0, 0, 0, 0, 0, 0]
Commvector Blue Agent 3 Message: [0, 0, 0, 0, 0, 0, 0, 0]

 Suspicious Activity Detected: None",Analyse,host:admin_network_subnet_server_host_2,Continuing analysis on the host to ensure there is no latent red activity.
"# OBSERVATION

Mission Phase: 0
Last Action : Analyse host:admin_network_subnet_server_host_2
Last Action Status: IN_PROGRESS
Communication Vectors: 
Commvector Blue Agent 0 Message: [0, 0, 0, 0, 0, 0, 0, 0]
Commvector Blue Agent 1 Message: [0, 0, 0, 0, 0, 0, 0, 0]
Commvector Blue Agent 2 Message: [0, 0, 0, 0, 0, 0, 0, 0]
Commvector Blue Agent 3 Message: [0, 0, 0, 0, 0, 0, 0, 0]

 Suspicious Activity Detected: None",Analyse,host:admin_network_subnet_server_host_2,"The analysis action is still in progress and no suspicious activity has been detected, suggesting continued monitoring is appropriate."
"# OBSERVATION

Mission Phase: 0
Last Action : Analyse host:admin_network_subnet_server_host_2
Last Action Status: IN_PROGRESS
Communication Vectors: 
Commvector Blue Agent 0 Message: [0, 0, 0, 0, 0, 0, 0, 0]
Commvector Blue Agent 1 Message: [0, 0, 0, 0, 0, 0, 0, 1]
Commvector Blue Agent 2 Message: [0, 0, 0, 0, 0, 0, 0, 0]
Commvector Blue Agent 3 Message: [0, 0, 0, 0, 0, 0, 0, 0]

 Suspicious Activity Detected: None",Analyse,host:admin_network_subnet_server_host_2,"The previous analysis is still in progress, and no further action is needed until it concludes."
"# OBSERVATION

Mission Phase: 0
Last Action : Analyse host:admin_network_subnet_server_host_2
Last Action Status: IN_PROGRESS
Communication Vectors: 
Commvector Blue Agent 0 Message: [0, 0, 0, 0, 0, 0, 0, 0]
Commvector Blue Agent 1 Message: [0, 0, 0, 0, 0, 0, 0, 0]
Commvector Blue Agent 2 Message: [0, 0, 0, 0, 0, 0, 0, 0]
Commvector Blue Agent 3 Message: [0, 0, 0, 0, 0, 0, 0, 1]

 Suspicious Activity Detected: None",Analyse,host:admin_network_subnet_server_host_2,Continuing the analysis to confirm if any malicious activity is present since the last action is still in progress.
"# OBSERVATION

Mission Phase: 0
Last Action : Analyse host:admin_network_subnet_server_host_2
Last Action Status: IN_PROGRESS
Communication Vectors: 
Commvector Blue Agent 0 Message: [0, 0, 0, 0, 0, 0, 0, 0]
Commvector Blue Agent 1 Message: [0, 0, 0, 0, 0, 0, 0, 1]
Commvector Blue Agent 2 Message: [0, 0, 0, 0, 0, 0, 0, 0]
Commvector Blue Agent 3 Message: [0, 0, 0, 0, 0, 0, 0, 0]

 Suspicious Activity Detected: None",Analyse,host:admin_network_subnet_server_host_2,Continuing analysis on the host where suspicious activity is still being assessed.
"# OBSERVATION

Mission Phase: 0
Last Action : Analyse host:admin_network_subnet_server_host_2
Last Action Status: IN_PROGRESS
Communication Vectors: 
Commvector Blue Agent 0 Message: [0, 0, 0, 0, 0, 0, 0, 1]
Commvector Blue Agent 1 Message: [0, 0, 0, 0, 0, 0, 0, 0]
Commvector Blue Agent 2 Message: [0, 0, 0, 0, 0, 0, 0, 0]
Commvector Blue Agent 3 Message: [0, 0, 0, 0, 0, 0, 0, 0]

Suspicious Activity Detected:
- Hostname: public_access_zone_subnet_router | IP: 10.0.232.252 | INFO: Connection to 10.0.50.156 | INFO: Connection to 10.0.50.156
- Hostname: admin_network_subnet_router | IP: 10.0.232.252 | INFO: Connection to 10.0.50.156 | INFO: Connection to 10.0.50.156
- Hostname: admin_network_subnet_server_host_2 | IP: 10.0.232.252 | INFO: Connection to 10.0.50.156 | INFO: Connection to 10.0.50.156 | INFO: Connection to 10.0.50.156 | INFO: Connection to 10.0.50.156 | INFO: Connection to 10.0.50.156 | INFO: Connection to 10.0.50.156 | INFO: Connection to 10.0.50.156 | INFO: Connection to 10.0.50.156 | INFO: Connection to 10.0.50.156 | INFO: Connection to 10.0.50.156 | INFO: Connection to 10.0.50.156 | INFO: Connection to 10.0.50.156 | INFO: Connection to 10.0.50.156 | INFO: Connection to 10.0.50.156 | INFO: Connection to 10.0.50.156 | INFO: Connection to 10.0.50.156 | INFO: Connection to 10.0.50.156 | INFO: Connection to 10.0.50.156 | INFO: Connection to 10.0.50.156 | INFO: Connection to 10.0.50.156 | INFO: Connection to 10.0.50.156 | INFO: Connection to 10.0.50.156 | WARNING: Suspicious process detected
- Hostname: office_network_subnet_router | IP: 10.0.232.252 | INFO: Connection to 10.0.50.156 | INFO: Connection to 10.0.50.156
- Hostname: office_network_subnet_user_host_3 | IP: 10.0.232.252 | INFO: Connection to 10.0.50.156 | INFO: Connection to 10.0.50.156
- Hostname: office_network_subnet_server_host_0 | IP: 10.0.182.158 | INFO: Connection to 10.0.50.254 | INFO: Connection to 10.0.50.254",Analyse,host:admin_network_subnet_server_host_2,Last action is still in progress and further analysis is needed due to detected suspicious processes.
"# OBSERVATION

Mission Phase: 0
Last Action : Analyse host:admin_network_subnet_server_host_2
Last Action Status: IN_PROGRESS
Communication Vectors: 
Commvector Blue Agent 0 Message: [0, 0, 0, 0, 0, 0, 0, 0]
Commvector Blue Agent 1 Message: [0, 0, 0, 0, 0, 0, 0, 1]
Commvector Blue Agent 2 Message: [0, 0, 0, 0, 0, 0, 0, 1]
Commvector Blue Agent 3 Message: [0, 0, 0, 0, 0, 0, 0, 0]

 Suspicious Activity Detected: None",Analyse,host:admin_network_subnet_server_host_2,Continuing analysis on the host as the last action is still in progress.
"# OBSERVATION

Mission Phase: 0
Last Action : AllowTrafficZone subnet:public_access_zone
Last Action Status: FALSE
Communication Vectors: 
Commvector Blue Agent 0 Message: [0, 0, 0, 0, 0, 0, 0, 1]
Commvector Blue Agent 1 Message: [0, 0, 0, 0, 0, 0, 0, 0]
Commvector Blue Agent 2 Message: [0, 0, 0, 0, 0, 0, 0, 0]
Commvector Blue Agent 3 Message: [0, 0, 0, 0, 0, 0, 0, 0]

Suspicious Activity Detected:
- Hostname: admin_network_subnet_server_host_2 | IP: 10.0.232.252 | INFO: Connection to 10.0.50.156 | INFO: Connection to 10.0.50.156 | INFO: Connection to 10.0.50.156 | INFO: Connection to 10.0.50.156 | INFO: Connection to 10.0.50.156 | INFO: Connection to 10.0.50.156",Analyse,host:admin_network_subnet_server_host_2,"Suspicious activity detected indicating multiple connections, requiring further investigation."
"# OBSERVATION

Mission Phase: 0
Last Action : AllowTrafficZone subnet:public_access_zone
Last Action Status: FALSE
Communication Vectors: 
Commvector Blue Agent 0 Message: [0, 0, 0, 0, 0, 0, 0, 0]
Commvector Blue Agent 1 Message: [0, 0, 0, 0, 0, 0, 0, 1]
Commvector Blue Agent 2 Message: [0, 0, 0, 0, 0, 0, 0, 0]
Commvector Blue Agent 3 Message: [0, 0, 0, 0, 0, 0, 0, 0]

 Suspicious Activity Detected: None",AllowTrafficZone,subnet:public_access_zone,The previous attempt to allow traffic in the public access zone was unsuccessful.
"# OBSERVATION

Mission Phase: 0
Last Action : BlockTrafficZone subnet:public_access_zone
Last Action Status: FALSE
Communication Vectors: 
Commvector Blue Agent 0 Message: [0, 0, 0, 0, 0, 0, 0, 0]
Commvector Blue Agent 1 Message: [0, 0, 0, 0, 0, 0, 0, 0]
Commvector Blue Agent 2 Message: [0, 0, 0, 0, 0, 0, 0, 0]
Commvector Blue Agent 3 Message: [0, 0, 0, 0, 0, 0, 0, 1]

 Suspicious Activity Detected: None",AllowTrafficZone,subnet:public_access_zone,"The last action to block the traffic in the public access zone was unsuccessful, indicating that it is still blocked and needs to be allowed for standard operation."
"# OBSERVATION

Mission Phase: 0
Last Action : Remove host:public_access_zone_subnet_server_host_2
Last Action Status: TRUE
Communication Vectors: 
Commvector Blue Agent 0 Message: [0, 0, 0, 0, 0, 0, 0, 0]
Commvector Blue Agent 1 Message: [0, 0, 0, 0, 0, 0, 0, 0]
Commvector Blue Agent 2 Message: [0, 0, 0, 0, 0, 0, 0, 0]
Commvector Blue Agent 3 Message: [0, 0, 0, 0, 0, 0, 0, 0]

 Suspicious Activity Detected: None",BlockTrafficZone,subnet:public_access_zone,Prevent unauthorized access in a low-priority mission phase.
"# OBSERVATION

Mission Phase: 0
Last Action : Remove host:public_access_zone_subnet_server_host_2
Last Action Status: IN_PROGRESS
Communication Vectors: 
Commvector Blue Agent 0 Message: [0, 0, 0, 0, 0, 0, 0, 0]
Commvector Blue Agent 1 Message: [0, 0, 0, 0, 0, 0, 0, 0]
Commvector Blue Agent 2 Message: [0, 0, 0, 0, 0, 0, 0, 1]
Commvector Blue Agent 3 Message: [0, 0, 0, 0, 0, 0, 0, 1]

 Suspicious Activity Detected: None",Remove,host:public_access_zone_subnet_server_host_2,"The last action is still in progress, indicating ongoing efforts to mitigate potential threats."
"# OBSERVATION

Mission Phase: 0
Last Action : Analyse host:public_access_zone_subnet_server_host_2
Last Action Status: IN_PROGRESS
Communication Vectors: 
Commvector Blue Agent 0 Message: [1, 0, 0, 0, 0, 1, 0, 0]
Commvector Blue Agent 1 Message: [0, 0, 0, 0, 0, 0, 0, 0]
Commvector Blue Agent 2 Message: [0, 0, 0, 0, 0, 0, 0, 1]
Commvector Blue Agent 3 Message: [0, 0, 0, 0, 0, 0, 0, 0]

 Suspicious Activity Detected: None",Remove,host:public_access_zone_subnet_server_host_2,Detected a red agent at user-level compromise on the host.
"# OBSERVATION

Mission Phase: 0
Last Action : Analyse host:public_access_zone_subnet_server_host_2
Last Action Status: IN_PROGRESS
Communication Vectors: 
Commvector Blue Agent 0 Message: [0, 0, 0, 0, 0, 0, 0, 0]
Commvector Blue Agent 1 Message: [0, 0, 0, 0, 0, 0, 0, 0]
Commvector Blue Agent 2 Message: [0, 0, 1, 0, 0, 1, 0, 0]
Commvector Blue Agent 3 Message: [0, 0, 0, 0, 0, 0, 0, 1]

 Suspicious Activity Detected: None",Analyse,host:public_access_zone_subnet_server_host_2,"The previous analysis is still in progress, indicating a potential need for further investigation."
"# OBSERVATION

Mission Phase: 0
Last Action : Analyse host:public_access_zone_subnet_server_host_2
Last Action Status: IN_PROGRESS
Communication Vectors: 
Commvector Blue Agent 0 Message: [0, 0, 0, 0, 0, 0, 0, 0]
Commvector Blue Agent 1 Message: [0, 0, 0, 0, 0, 0, 0, 0]
Commvector Blue Agent 2 Message: [0, 0, 0, 0, 0, 0, 0, 0]
Commvector Blue Agent 3 Message: [0, 0, 0, 0, 0, 0, 0, 1]

 Suspicious Activity Detected: None",Analyse,host:public_access_zone_subnet_server_host_2,"The previous analysis is still in progress, and no new suspicious activity has been detected."
"# OBSERVATION

Mission Phase: 0
Last Action : Analyse host:admin_network_subnet_server_host_2
Last Action Status: IN_PROGRESS
Communication Vectors: 
Commvector Blue Agent 0 Message: [0, 0, 0, 0, 0, 0, 0, 1]
Commvector Blue Agent 1 Message: [0, 0, 0, 0, 0, 0, 0, 0]
Commvector Blue Agent 2 Message: [0, 0, 0, 0, 0, 0, 0, 1]
Commvector Blue Agent 3 Message: [0, 0, 0, 0, 0, 0, 0, 0]

Suspicious Activity Detected:
- Hostname: public_access_zone_subnet_server_host_2 | IP: 10.0.99.39 | INFO: Connection to 10.0.99.252 | INFO: Connection to 10.0.99.252",Analyse,host:public_access_zone_subnet_server_host_2,Further analysis needed on a host with detected connections to identify any potential red activity.
"# OBSERVATION

Mission Phase: 0
Last Action : Analyse host:admin_network_subnet_user_host_5
Last Action Status: IN_PROGRESS
Communication Vectors: 
Commvector Blue Agent 0 Message: [0, 0, 0, 0, 0, 0, 0, 1]
Commvector Blue Agent 1 Message: [0, 0, 0, 0, 0, 0, 0, 1]
Commvector Blue Agent 2 Message: [0, 0, 1, 0, 0, 1, 0, 0]
Commvector Blue Agent 3 Message: [0, 0, 0, 0, 0, 0, 0, 1]

Suspicious Activity Detected:
- Hostname: admin_network_subnet_server_host_2 | IP: 10.0.182.158 | INFO: Connection to 10.0.232.252 | INFO: Connection to 10.0.232.252",Analyse,host:admin_network_subnet_server_host_2,"Suspicious activity detected on the host, requiring further investigation."
"# OBSERVATION

Mission Phase: 0
Last Action : Analyse host:admin_network_subnet_user_host_5
Last Action Status: IN_PROGRESS
Communication Vectors: 
Commvector Blue Agent 0 Message: [0, 0, 0, 0, 0, 0, 0, 0]
Commvector Blue Agent 1 Message: [0, 0, 0, 0, 0, 0, 0, 0]
Commvector Blue Agent 2 Message: [0, 0, 0, 0, 0, 0, 0, 0]
Commvector Blue Agent 3 Message: [0, 0, 0, 1, 0, 1, 0, 0]

 Suspicious Activity Detected: None",Analyse,host:admin_network_subnet_user_host_5,The last analysis is still in progress and no further actions are needed at this moment.
"# OBSERVATION

Mission Phase: 0
Last Action : Analyse host:office_network_subnet_user_host_1
Last Action Status: IN_PROGRESS
Communication Vectors: 
Commvector Blue Agent 0 Message: [0, 0, 0, 0, 0, 0, 0, 0]
Commvector Blue Agent 1 Message: [0, 0, 0, 0, 0, 0, 0, 0]
Commvector Blue Agent 2 Message: [0, 0, 0, 0, 0, 0, 0, 0]
Commvector Blue Agent 3 Message: [0, 0, 0, 0, 0, 0, 0, 1]

Suspicious Activity Detected:
- Hostname: admin_network_subnet_router | IP: 10.0.232.148 | INFO: Connection to 10.0.232.168 | INFO: Connection to 10.0.232.168
- Hostname: admin_network_subnet_user_host_2 | IP: 10.0.232.148 | INFO: Connection to 10.0.232.168 | INFO: Connection to 10.0.232.168
- Hostname: admin_network_subnet_user_host_5 | IP: 10.0.232.148 | INFO: Connection to 10.0.232.168 | INFO: Connection to 10.0.232.168 | INFO: Connection to 10.0.232.168 | INFO: Connection to 10.0.232.168 | INFO: Connection to 10.0.232.168 | INFO: Connection to 10.0.232.168 | INFO: Connection to 10.0.232.168 | INFO: Connection to 10.0.232.168 | INFO: Connection to 10.0.232.168 | INFO: Connection to 10.0.232.168 | INFO: Connection to 10.0.232.168 | INFO: Connection to 10.0.232.168 | INFO: Connection to 10.0.232.168 | INFO: Connection to 10.0.232.168 | INFO: Connection to 10.0.232.168 | INFO: Connection to 10.0.232.168 | INFO: Connection to 10.0.232.168 | INFO: Connection to 10.0.232.168 | INFO: Connection to 10.0.232.168 | INFO: Connection to 10.0.232.168 | INFO: Connection to 10.0.232.168 | INFO: Connection to 10.0.232.168 | WARNING: Suspicious process detected",Analyse,host:admin_network_subnet_user_host_5,"Host has multiple suspicious connections and a suspicious process detected, requiring further analysis."
"# OBSERVATION

Mission Phase: 0
Last Action : Analyse host:office_network_subnet_user_host_1
Last Action Status: IN_PROGRESS
Communication Vectors: 
Commvector Blue Agent 0 Message: [0, 0, 0, 0, 0, 0, 0, 1]
Commvector Blue Agent 1 Message: [0, 0, 0, 0, 0, 0, 0, 1]
Commvector Blue Agent 2 Message: [0, 0, 0, 0, 0, 0, 0, 0]
Commvector Blue Agent 3 Message: [0, 0, 0, 0, 0, 0, 0, 1]

 Suspicious Activity Detected: None",Analyse,host:office_network_subnet_user_host_1,"The last action is still in progress, indicating ongoing analysis of potential vulnerabilities."
"# OBSERVATION

Mission Phase: 0
Last Action : Analyse host:office_network_subnet_user_host_1
Last Action Status: IN_PROGRESS
Communication Vectors: 
Commvector Blue Agent 0 Message: [0, 0, 0, 0, 0, 0, 0, 0]
Commvector Blue Agent 1 Message: [0, 0, 0, 0, 0, 0, 0, 0]
Commvector Blue Agent 2 Message: [0, 0, 0, 0, 0, 0, 0, 1]
Commvector Blue Agent 3 Message: [0, 0, 0, 0, 0, 0, 0, 0]

 Suspicious Activity Detected: None",Analyse,host:office_network_subnet_user_host_1,"Last action to analyze the host is still in progress, indicating ongoing assessment."
"# OBSERVATION

Mission Phase: 0
Last Action : Analyse host:office_network_subnet_user_host_1
Last Action Status: IN_PROGRESS
Communication Vectors: 
Commvector Blue Agent 0 Message: [0, 0, 0, 0, 0, 0, 0, 0]
Commvector Blue Agent 1 Message: [0, 0, 0, 0, 0, 0, 0, 0]
Commvector Blue Agent 2 Message: [0, 0, 0, 0, 0, 0, 0, 0]
Commvector Blue Agent 3 Message: [0, 0, 0, 0, 0, 0, 0, 1]

 Suspicious Activity Detected: None",Analyse,host:office_network_subnet_user_host_1,"The last action is still in progress, indicating ongoing analysis."
"# OBSERVATION

Mission Phase: 0
Last Action : Analyse host:public_access_zone_subnet_server_host_0
Last Action Status: IN_PROGRESS
Communication Vectors: 
Commvector Blue Agent 0 Message: [0, 0, 0, 0, 0, 0, 0, 0]
Commvector Blue Agent 1 Message: [0, 0, 0, 0, 0, 0, 0, 0]
Commvector Blue Agent 2 Message: [0, 0, 0, 0, 0, 0, 0, 0]
Commvector Blue Agent 3 Message: [0, 0, 0, 0, 0, 0, 0, 0]

Suspicious Activity Detected:
- Hostname: office_network_subnet_router | IP: 10.0.50.131 | INFO: Connection to 10.0.50.71 | INFO: Connection to 10.0.50.71
- Hostname: office_network_subnet_user_host_1 | IP: 10.0.50.131 | INFO: Connection to 10.0.50.71 | INFO: Connection to 10.0.50.71 | INFO: Connection to 10.0.50.71 | INFO: Connection to 10.0.50.71 | INFO: Connection to 10.0.50.71 | INFO: Connection to 10.0.50.71 | INFO: Connection to 10.0.50.71 | INFO: Connection to 10.0.50.71 | INFO: Connection to 10.0.50.71 | INFO: Connection to 10.0.50.71 | INFO: Connection to 10.0.50.71 | INFO: Connection to 10.0.50.71 | INFO: Connection to 10.0.50.71 | INFO: Connection to 10.0.50.71 | INFO: Connection to 10.0.50.71 | INFO: Connection to 10.0.50.71 | INFO: Connection to 10.0.50.71 | INFO: Connection to 10.0.50.71 | INFO: Connection to 10.0.50.71 | INFO: Connection to 10.0.50.71 | INFO: Connection to 10.0.50.71 | INFO: Connection to 10.0.50.71 | WARNING: Suspicious process detected
- Hostname: office_network_subnet_user_host_5 | IP: 10.0.50.131 | INFO: Connection to 10.0.50.71 | INFO: Connection to 10.0.50.71",Analyse,host:office_network_subnet_user_host_1,Suspicious activity detected with multiple INFO connections and a WARNING regarding a suspicious process.
"# OBSERVATION

Mission Phase: 0
Last Action : Analyse host:public_access_zone_subnet_server_host_0
Last Action Status: IN_PROGRESS
Communication Vectors: 
Commvector Blue Agent 0 Message: [0, 0, 0, 0, 0, 0, 0, 0]
Commvector Blue Agent 1 Message: [0, 0, 0, 0, 0, 0, 0, 1]
Commvector Blue Agent 2 Message: [0, 0, 0, 0, 0, 0, 0, 0]
Commvector Blue Agent 3 Message: [0, 0, 0, 0, 0, 0, 0, 1]

 Suspicious Activity Detected: None",Analyse,host:public_access_zone_subnet_server_host_0,"The last action is still in progress, which indicates further investigation is necessary."
"# OBSERVATION

Mission Phase: 0
Last Action : Analyse host:public_access_zone_subnet_server_host_0
Last Action Status: IN_PROGRESS
Communication Vectors: 
Commvector Blue Agent 0 Message: [0, 0, 0, 0, 0, 0, 0, 1]
Commvector Blue Agent 1 Message: [0, 0, 0, 0, 0, 0, 0, 0]
Commvector Blue Agent 2 Message: [0, 0, 0, 0, 0, 0, 0, 1]
Commvector Blue Agent 3 Message: [0, 0, 0, 0, 0, 0, 0, 1]

 Suspicious Activity Detected: None",Analyse,host:public_access_zone_subnet_server_host_0,"The analysis action is still in progress, indicating further monitoring is required before taking any additional actions."
"# OBSERVATION

Mission Phase: 0
Last Action : Analyse host:public_access_zone_subnet_server_host_0
Last Action Status: IN_PROGRESS
Communication Vectors: 
Commvector Blue Agent 0 Message: [0, 0, 0, 0, 0, 0, 0, 1]
Commvector Blue Agent 1 Message: [0, 0, 0, 0, 0, 0, 0, 0]
Commvector Blue Agent 2 Message: [0, 0, 0, 0, 0, 0, 0, 0]
Commvector Blue Agent 3 Message: [0, 0, 0, 0, 0, 0, 0, 0]

 Suspicious Activity Detected: None",Analyse,host:public_access_zone_subnet_server_host_0,"The analysis on the host is still in progress, and completing it will provide further insights into the network's security."
"# OBSERVATION

Mission Phase: 0
Last Action : Analyse host:public_access_zone_subnet_server_host_0
Last Action Status: IN_PROGRESS
Communication Vectors: 
Commvector Blue Agent 0 Message: [0, 0, 0, 0, 0, 0, 0, 0]
Commvector Blue Agent 1 Message: [0, 0, 0, 0, 0, 0, 0, 1]
Commvector Blue Agent 2 Message: [0, 0, 0, 0, 0, 0, 0, 0]
Commvector Blue Agent 3 Message: [0, 0, 0, 0, 0, 0, 0, 0]

 Suspicious Activity Detected: None",Analyse,host:public_access_zone_subnet_server_host_0,The analysis action is currently in progress to gather more information on the host.
"# OBSERVATION

Mission Phase: 0
Last Action : Analyse host:public_access_zone_subnet_server_host_0
Last Action Status: IN_PROGRESS
Communication Vectors: 
Commvector Blue Agent 0 Message: [0, 0, 0, 0, 0, 0, 0, 0]
Commvector Blue Agent 1 Message: [0, 0, 0, 0, 0, 0, 0, 0]
Commvector Blue Agent 2 Message: [0, 0, 0, 0, 0, 0, 0, 0]
Commvector Blue Agent 3 Message: [0, 0, 0, 1, 0, 1, 0, 0]

 Suspicious Activity Detected: None",Analyse,host:public_access_zone_subnet_server_host_0,"The last action is still in progress, so continue monitoring the host for suspicious activity."
"# OBSERVATION

Mission Phase: 0
Last Action : Analyse host:public_access_zone_subnet_server_host_0
Last Action Status: IN_PROGRESS
Communication Vectors: 
Commvector Blue Agent 0 Message: [1, 0, 0, 0, 0, 1, 0, 0]
Commvector Blue Agent 1 Message: [0, 0, 0, 0, 0, 0, 0, 0]
Commvector Blue Agent 2 Message: [0, 0, 0, 0, 0, 0, 0, 0]
Commvector Blue Agent 3 Message: [0, 0, 0, 0, 0, 0, 0, 0]

 Suspicious Activity Detected: None",Analyse,host:public_access_zone_subnet_server_host_0,The analysis is still in progress for a potentially compromised host in the public access zone.
"# OBSERVATION

Mission Phase: 0
Last Action : Analyse host:public_access_zone_subnet_server_host_0
Last Action Status: IN_PROGRESS
Communication Vectors: 
Commvector Blue Agent 0 Message: [0, 0, 0, 0, 0, 0, 0, 0]
Commvector Blue Agent 1 Message: [0, 0, 0, 0, 0, 0, 0, 0]
Commvector Blue Agent 2 Message: [0, 0, 0, 0, 0, 0, 0, 1]
Commvector Blue Agent 3 Message: [0, 0, 0, 0, 0, 0, 0, 0]

 Suspicious Activity Detected: None",Analyse,host:public_access_zone_subnet_server_host_0,Continuing the analysis as the last action is still in progress and no suspicious activity detected.
"# OBSERVATION

Mission Phase: 0
Last Action : Analyse host:public_access_zone_subnet_server_host_0
Last Action Status: IN_PROGRESS
Communication Vectors: 
Commvector Blue Agent 0 Message: [0, 0, 0, 0, 0, 0, 0, 1]
Commvector Blue Agent 1 Message: [0, 0, 0, 0, 0, 0, 0, 1]
Commvector Blue Agent 2 Message: [0, 0, 0, 0, 0, 0, 0, 0]
Commvector Blue Agent 3 Message: [0, 0, 0, 0, 0, 0, 0, 0]

 Suspicious Activity Detected: None",Analyse,host:public_access_zone_subnet_server_host_0,"Continuing with the analysis of the host, as the last action is still in progress."
"# OBSERVATION

Mission Phase: 0
Last Action : Analyse host:public_access_zone_subnet_server_host_0
Last Action Status: IN_PROGRESS
Communication Vectors: 
Commvector Blue Agent 0 Message: [1, 0, 0, 0, 0, 1, 0, 0]
Commvector Blue Agent 1 Message: [0, 0, 0, 0, 0, 0, 0, 1]
Commvector Blue Agent 2 Message: [0, 0, 0, 0, 0, 0, 0, 0]
Commvector Blue Agent 3 Message: [0, 0, 0, 0, 0, 0, 0, 1]

 Suspicious Activity Detected: None",Analyse,host:public_access_zone_subnet_server_host_0,"The last action is still in progress, and we need to continue monitoring the host for any suspicious activity."
"# OBSERVATION

Mission Phase: 0
Last Action : Analyse host:public_access_zone_subnet_server_host_0
Last Action Status: IN_PROGRESS
Communication Vectors: 
Commvector Blue Agent 0 Message: [0, 0, 0, 0, 0, 0, 0, 0]
Commvector Blue Agent 1 Message: [0, 0, 0, 0, 0, 0, 0, 0]
Commvector Blue Agent 2 Message: [0, 0, 0, 0, 0, 0, 0, 1]
Commvector Blue Agent 3 Message: [0, 0, 0, 0, 0, 0, 0, 0]

 Suspicious Activity Detected: None",Analyse,host:public_access_zone_subnet_server_host_0,The previous analysis is still in progress; no new action is needed until the first analysis completes.
"# OBSERVATION

Mission Phase: 0
Last Action : Analyse host:public_access_zone_subnet_server_host_0
Last Action Status: IN_PROGRESS
Communication Vectors: 
Commvector Blue Agent 0 Message: [0, 0, 0, 0, 0, 0, 0, 0]
Commvector Blue Agent 1 Message: [0, 0, 0, 0, 0, 0, 0, 0]
Commvector Blue Agent 2 Message: [0, 0, 0, 0, 0, 0, 0, 0]
Commvector Blue Agent 3 Message: [0, 0, 0, 0, 0, 0, 0, 1]

 Suspicious Activity Detected: None",Analyse,host:public_access_zone_subnet_server_host_0,"The last analysis action is still in progress, indicating ongoing investigation for suspicious activity."
"# OBSERVATION

Mission Phase: 0
Last Action : Analyse host:public_access_zone_subnet_server_host_0
Last Action Status: IN_PROGRESS
Communication Vectors: 
Commvector Blue Agent 0 Message: [0, 0, 0, 0, 0, 0, 0, 0]
Commvector Blue Agent 1 Message: [0, 0, 0, 0, 0, 0, 0, 1]
Commvector Blue Agent 2 Message: [0, 0, 0, 0, 0, 0, 0, 0]
Commvector Blue Agent 3 Message: [0, 0, 0, 0, 0, 0, 0, 0]

 Suspicious Activity Detected: None",Analyse,host:public_access_zone_subnet_server_host_0,Continuing analysis on the host as the previous action is still in progress and no suspicious activity has been detected.
"# OBSERVATION

Mission Phase: 0
Last Action : Analyse host:public_access_zone_subnet_server_host_0
Last Action Status: IN_PROGRESS
Communication Vectors: 
Commvector Blue Agent 0 Message: [0, 0, 0, 0, 0, 0, 0, 0]
Commvector Blue Agent 1 Message: [0, 0, 0, 0, 0, 0, 0, 0]
Commvector Blue Agent 2 Message: [0, 0, 0, 0, 0, 0, 0, 0]
Commvector Blue Agent 3 Message: [0, 0, 0, 0, 0, 0, 0, 0]

 Suspicious Activity Detected: None",Analyse,host:public_access_zone_subnet_server_host_0,The analysis is still in progress and no suspicious activity has been detected.
"# OBSERVATION

Mission Phase: 0
Last Action : Analyse host:public_access_zone_subnet_server_host_0
Last Action Status: IN_PROGRESS
Communication Vectors: 
Commvector Blue Agent 0 Message: [0, 0, 0, 0, 0, 0, 0, 0]
Commvector Blue Agent 1 Message: [0, 1, 0, 0, 0, 1, 0, 1]
Commvector Blue Agent 2 Message: [0, 0, 0, 0, 0, 0, 0, 0]
Commvector Blue Agent 3 Message: [0, 0, 0, 0, 0, 0, 0, 0]

 Suspicious Activity Detected: None",Analyse,host:public_access_zone_subnet_server_host_0,"The previous analysis action is still in progress, indicating ongoing concern about the host."
"# OBSERVATION

Mission Phase: 0
Last Action : Analyse host:public_access_zone_subnet_server_host_0
Last Action Status: IN_PROGRESS
Communication Vectors: 
Commvector Blue Agent 0 Message: [0, 0, 0, 0, 0, 0, 0, 1]
Commvector Blue Agent 1 Message: [0, 0, 0, 0, 0, 0, 0, 0]
Commvector Blue Agent 2 Message: [0, 0, 0, 0, 0, 0, 0, 0]
Commvector Blue Agent 3 Message: [0, 0, 0, 0, 0, 0, 0, 1]

 Suspicious Activity Detected: None",Analyse,host:public_access_zone_subnet_server_host_0,"The last action is still in progress, indicating further analysis is needed on the host for any suspicious activity."
"# OBSERVATION

Mission Phase: 0
Last Action : Analyse host:public_access_zone_subnet_server_host_0
Last Action Status: IN_PROGRESS
Communication Vectors: 
Commvector Blue Agent 0 Message: [0, 0, 0, 0, 0, 0, 0, 1]
Commvector Blue Agent 1 Message: [0, 0, 0, 0, 0, 0, 0, 0]
Commvector Blue Agent 2 Message: [0, 0, 0, 0, 0, 0, 0, 1]
Commvector Blue Agent 3 Message: [0, 0, 0, 0, 0, 0, 0, 0]

 Suspicious Activity Detected: None",Analyse,host:public_access_zone_subnet_server_host_0,Continuing the analysis to gather further information while the last action is still in progress.
"# OBSERVATION

Mission Phase: 0
Last Action : Analyse host:public_access_zone_subnet_server_host_0
Last Action Status: IN_PROGRESS
Communication Vectors: 
Commvector Blue Agent 0 Message: [0, 0, 0, 0, 0, 0, 0, 0]
Commvector Blue Agent 1 Message: [0, 0, 0, 0, 0, 0, 0, 0]
Commvector Blue Agent 2 Message: [0, 0, 1, 0, 0, 1, 0, 0]
Commvector Blue Agent 3 Message: [0, 0, 0, 0, 0, 0, 0, 0]

 Suspicious Activity Detected: None",Analyse,host:public_access_zone_subnet_server_host_0,"Last action is in progress, further analysis is needed to determine the state of the host."
"# OBSERVATION

Mission Phase: 0
Last Action : Remove host:public_access_zone
Last Action Status: FALSE
Communication Vectors: 
Commvector Blue Agent 0 Message: [1, 0, 0, 0, 0, 1, 0, 0]
Commvector Blue Agent 1 Message: [0, 0, 0, 0, 0, 0, 0, 0]
Commvector Blue Agent 2 Message: [0, 0, 0, 0, 0, 0, 0, 0]
Commvector Blue Agent 3 Message: [0, 0, 0, 0, 0, 0, 0, 0]

Suspicious Activity Detected:
- Hostname: public_access_zone_subnet_server_host_0 | IP: 10.0.182.25 | INFO: Connection to 10.0.99.254 | INFO: Connection to 10.0.99.254",Analyse,host:public_access_zone_subnet_server_host_0,Further investigation is needed on the host with detected connections to assess potential red activity.
"# OBSERVATION

Mission Phase: 0
Last Action : AllowTrafficZone subnet:public_access_zone
Last Action Status: FALSE
Communication Vectors: 
Commvector Blue Agent 0 Message: [1, 0, 0, 0, 0, 1, 0, 0]
Commvector Blue Agent 1 Message: [0, 0, 0, 0, 0, 0, 0, 0]
Commvector Blue Agent 2 Message: [0, 0, 0, 0, 0, 0, 0, 0]
Commvector Blue Agent 3 Message: [0, 0, 0, 0, 0, 0, 0, 0]

 Suspicious Activity Detected: None",Remove,host:public_access_zone,Malicious action detected from BLUE AGENT 0 network indicates a compromise in the public access zone.
"# OBSERVATION

Mission Phase: 0
Last Action : AllowTrafficZone subnet:public_access_zone
Last Action Status: FALSE
Communication Vectors: 
Commvector Blue Agent 0 Message: [0, 0, 0, 0, 0, 0, 0, 1]
Commvector Blue Agent 1 Message: [0, 0, 0, 0, 0, 0, 0, 0]
Commvector Blue Agent 2 Message: [0, 0, 0, 0, 0, 0, 0, 0]
Commvector Blue Agent 3 Message: [0, 0, 0, 0, 0, 0, 0, 0]

 Suspicious Activity Detected: None",AllowTrafficZone,subnet:public_access_zone,Last action was unsuccessful and the zone needs to be in the desired state for proper network operation.
"# OBSERVATION

Mission Phase: 0
Last Action : AllowTrafficZone subnet:public_access_zone
Last Action Status: FALSE
Communication Vectors: 
Commvector Blue Agent 0 Message: [0, 0, 0, 0, 0, 0, 0, 1]
Commvector Blue Agent 1 Message: [0, 0, 0, 0, 0, 0, 0, 0]
Commvector Blue Agent 2 Message: [0, 0, 0, 0, 0, 0, 0, 0]
Commvector Blue Agent 3 Message: [0, 0, 0, 0, 0, 0, 0, 0]

 Suspicious Activity Detected: None",AllowTrafficZone,subnet:public_access_zone,Attempting to enable traffic in a zone that is currently blocked.
"# OBSERVATION

Mission Phase: 0
Last Action : AllowTrafficZone subnet:public_access_zone
Last Action Status: FALSE
Communication Vectors: 
Commvector Blue Agent 0 Message: [0, 0, 0, 0, 0, 0, 0, 0]
Commvector Blue Agent 1 Message: [0, 0, 0, 0, 0, 0, 0, 0]
Commvector Blue Agent 2 Message: [0, 0, 0, 0, 0, 0, 0, 0]
Commvector Blue Agent 3 Message: [0, 0, 0, 0, 0, 0, 0, 0]

 Suspicious Activity Detected: None",AllowTrafficZone,subnet:public_access_zone,Continuing to ensure network accessibility as the last action was confirmed unsuccessful.
"# OBSERVATION

Mission Phase: 0
Last Action : AllowTrafficZone subnet:public_access_zone
Last Action Status: FALSE
Communication Vectors: 
Commvector Blue Agent 0 Message: [0, 0, 0, 0, 0, 0, 0, 0]
Commvector Blue Agent 1 Message: [0, 0, 0, 0, 0, 0, 0, 0]
Commvector Blue Agent 2 Message: [0, 0, 0, 0, 0, 0, 0, 0]
Commvector Blue Agent 3 Message: [0, 0, 0, 0, 0, 0, 0, 1]

 Suspicious Activity Detected: None",AllowTrafficZone,subnet:public_access_zone,The last action was confirmed to be unsuccessful and the subnet needs to be allowed for connectivity.
"# OBSERVATION

Mission Phase: 0
Last Action : AllowTrafficZone subnet:public_access_zone
Last Action Status: FALSE
Communication Vectors: 
Commvector Blue Agent 0 Message: [0, 0, 0, 0, 0, 0, 0, 0]
Commvector Blue Agent 1 Message: [0, 0, 0, 0, 0, 0, 0, 0]
Commvector Blue Agent 2 Message: [0, 0, 0, 0, 0, 0, 0, 1]
Commvector Blue Agent 3 Message: [0, 0, 0, 0, 0, 0, 0, 0]

 Suspicious Activity Detected: None",AllowTrafficZone,subnet:public_access_zone,"No suspicious activity detected, and the action failed previously, indicating a network state that needs correction."
"# OBSERVATION

Mission Phase: 0
Last Action : AllowTrafficZone subnet:public_access_zone
Last Action Status: FALSE
Communication Vectors: 
Commvector Blue Agent 0 Message: [0, 0, 0, 0, 0, 0, 0, 1]
Commvector Blue Agent 1 Message: [0, 0, 0, 0, 0, 0, 0, 0]
Commvector Blue Agent 2 Message: [0, 0, 0, 0, 0, 0, 0, 1]
Commvector Blue Agent 3 Message: [0, 0, 0, 0, 0, 0, 0, 1]

 Suspicious Activity Detected: None",AllowTrafficZone,subnet:public_access_zone,Zone is currently blocked and requires connectivity for normal operations.
"# OBSERVATION

Mission Phase: 0
Last Action : AllowTrafficZone subnet:public_access_zone
Last Action Status: FALSE
Communication Vectors: 
Commvector Blue Agent 0 Message: [0, 0, 0, 0, 0, 0, 0, 1]
Commvector Blue Agent 1 Message: [0, 0, 0, 0, 0, 0, 0, 1]
Commvector Blue Agent 2 Message: [0, 0, 0, 0, 0, 0, 0, 0]
Commvector Blue Agent 3 Message: [0, 0, 0, 1, 0, 1, 0, 1]

 Suspicious Activity Detected: None",AllowTrafficZone,subnet:public_access_zone,"The zone is currently blocked, and the last action was unsuccessful."
"# OBSERVATION

Mission Phase: 0
Last Action : BlockTrafficZone subnet:public_access_zone
Last Action Status: FALSE
Communication Vectors: 
Commvector Blue Agent 0 Message: [0, 0, 0, 0, 0, 0, 0, 0]
Commvector Blue Agent 1 Message: [0, 0, 0, 0, 0, 0, 0, 1]
Commvector Blue Agent 2 Message: [0, 0, 0, 0, 0, 0, 0, 0]
Commvector Blue Agent 3 Message: [0, 0, 0, 0, 0, 0, 0, 0]

 Suspicious Activity Detected: None",AllowTrafficZone,subnet:public_access_zone,The zone is currently blocked but needs to be allowed for standard network connectivity during the pre-planning phase.
"# OBSERVATION

Mission Phase: 0
Last Action : AllowTrafficZone subnet:public_access_zone
Last Action Status: FALSE
Communication Vectors: 
Commvector Blue Agent 0 Message: [0, 0, 0, 0, 0, 0, 0, 0]
Commvector Blue Agent 1 Message: [0, 0, 0, 0, 0, 0, 0, 0]
Commvector Blue Agent 2 Message: [0, 0, 0, 0, 0, 0, 0, 0]
Commvector Blue Agent 3 Message: [0, 0, 0, 1, 0, 1, 0, 1]

 Suspicious Activity Detected: None",BlockTrafficZone,subnet:public_access_zone,"The last action to allow traffic was unsuccessful, indicating that action is needed to secure the zone."
"# OBSERVATION

Mission Phase: 0
Last Action : AllowTrafficZone subnet:public_access_zone
Last Action Status: FALSE
Communication Vectors: 
Commvector Blue Agent 0 Message: [0, 0, 0, 0, 0, 0, 0, 0]
Commvector Blue Agent 1 Message: [0, 0, 0, 0, 0, 0, 0, 1]
Commvector Blue Agent 2 Message: [0, 0, 0, 0, 0, 0, 0, 0]
Commvector Blue Agent 3 Message: [0, 0, 0, 1, 0, 1, 0, 0]

 Suspicious Activity Detected: None",AllowTrafficZone,subnet:public_access_zone,"Currently, traffic is still blocked in the public access zone, and the last action to allow traffic was unsuccessful."
"# OBSERVATION

Mission Phase: 0
Last Action : BlockTrafficZone subnet:public_access_zone
Last Action Status: FALSE
Communication Vectors: 
Commvector Blue Agent 0 Message: [0, 0, 0, 0, 0, 0, 0, 0]
Commvector Blue Agent 1 Message: [0, 0, 0, 0, 0, 0, 0, 0]
Commvector Blue Agent 2 Message: [0, 0, 0, 0, 0, 0, 0, 0]
Commvector Blue Agent 3 Message: [0, 0, 0, 0, 0, 0, 0, 0]

 Suspicious Activity Detected: None",AllowTrafficZone,subnet:public_access_zone,Zone is currently blocked but there are no suspicious activities detected.
"# OBSERVATION

Mission Phase: 0
Last Action : Remove host:public_access_zone_user_host_0
Last Action Status: FALSE
Communication Vectors: 
Commvector Blue Agent 0 Message: [0, 0, 0, 0, 0, 0, 0, 0]
Commvector Blue Agent 1 Message: [0, 0, 0, 0, 0, 0, 0, 1]
Commvector Blue Agent 2 Message: [0, 0, 0, 0, 0, 0, 0, 0]
Commvector Blue Agent 3 Message: [0, 0, 0, 1, 0, 1, 0, 0]

 Suspicious Activity Detected: None",BlockTrafficZone,subnet:public_access_zone,The public access zone may be vulnerable due to the last action's failure and ongoing mission phase.
"# OBSERVATION

Mission Phase: 0
Last Action : Remove host:public_access_zone_user_host_0
Last Action Status: FALSE
Communication Vectors: 
Commvector Blue Agent 0 Message: [0, 0, 0, 0, 0, 0, 0, 0]
Commvector Blue Agent 1 Message: [0, 0, 0, 0, 0, 0, 0, 0]
Commvector Blue Agent 2 Message: [0, 0, 0, 0, 0, 0, 0, 0]
Commvector Blue Agent 3 Message: [0, 0, 0, 0, 0, 0, 0, 0]

 Suspicious Activity Detected: None",Remove,host:public_access_zone_user_host_0,"Last action failed, indicating a need to attempt removal again."
"# OBSERVATION

Mission Phase: 0
Last Action : AllowTrafficZone subnet:public_access_zone
Last Action Status: FALSE
Communication Vectors: 
Commvector Blue Agent 0 Message: [1, 0, 0, 0, 0, 1, 0, 0]
Commvector Blue Agent 1 Message: [0, 0, 0, 0, 0, 0, 0, 0]
Commvector Blue Agent 2 Message: [0, 0, 0, 0, 0, 0, 0, 0]
Commvector Blue Agent 3 Message: [0, 0, 0, 0, 0, 0, 0, 0]

 Suspicious Activity Detected: None",Remove,host:public_access_zone_user_host_0,Malicious action detected in the public access zone
"# OBSERVATION

Mission Phase: 0
Last Action : AllowTrafficZone subnet:public_access_zone
Last Action Status: FALSE
Communication Vectors: 
Commvector Blue Agent 0 Message: [0, 0, 0, 0, 0, 0, 0, 0]
Commvector Blue Agent 1 Message: [0, 0, 0, 0, 0, 0, 0, 1]
Commvector Blue Agent 2 Message: [0, 0, 0, 0, 0, 0, 0, 1]
Commvector Blue Agent 3 Message: [0, 0, 0, 0, 0, 0, 0, 0]

 Suspicious Activity Detected: None",AllowTrafficZone,subnet:public_access_zone,"The action is necessary to ensure network connectivity, despite it already being in the desired state."
"# OBSERVATION

Mission Phase: 0
Last Action : Analyse host:public_access_zone_subnet_server_host_1
Last Action Status: IN_PROGRESS
Communication Vectors: 
Commvector Blue Agent 0 Message: [0, 0, 0, 0, 0, 0, 0, 0]
Commvector Blue Agent 1 Message: [0, 0, 0, 0, 0, 0, 0, 1]
Commvector Blue Agent 2 Message: [0, 0, 0, 0, 0, 0, 0, 0]
Commvector Blue Agent 3 Message: [0, 0, 0, 0, 0, 0, 0, 1]

 Suspicious Activity Detected: None",AllowTrafficZone,subnet:public_access_zone,"The last action of analyzing the host is still in progress, indicating that we should ensure connectivity in the public access zone."
"# OBSERVATION

Mission Phase: 0
Last Action : Analyse host:public_access_zone_subnet_server_host_1
Last Action Status: IN_PROGRESS
Communication Vectors: 
Commvector Blue Agent 0 Message: [0, 0, 0, 0, 0, 0, 0, 0]
Commvector Blue Agent 1 Message: [0, 0, 0, 0, 0, 0, 0, 0]
Commvector Blue Agent 2 Message: [0, 0, 0, 0, 0, 0, 0, 0]
Commvector Blue Agent 3 Message: [0, 0, 0, 0, 0, 0, 0, 0]

 Suspicious Activity Detected: None",Analyse,host:public_access_zone_subnet_server_host_1,Continuing analysis of the host for suspicious activity as the last action is still in progress.
"# OBSERVATION

Mission Phase: 0
Last Action : AllowTrafficZone subnet:public_access_zone
Last Action Status: FALSE
Communication Vectors: 
Commvector Blue Agent 0 Message: [0, 0, 0, 0, 0, 0, 0, 0]
Commvector Blue Agent 1 Message: [0, 1, 0, 0, 0, 1, 0, 1]
Commvector Blue Agent 2 Message: [0, 0, 0, 0, 0, 0, 0, 1]
Commvector Blue Agent 3 Message: [0, 0, 0, 0, 0, 0, 0, 1]

Suspicious Activity Detected:
- Hostname: public_access_zone_subnet_server_host_1 | IP: 10.0.193.200 | INFO: Connection to 10.0.99.253 | INFO: Connection to 10.0.99.253",Analyse,host:public_access_zone_subnet_server_host_1,Suspicious connections detected indicating potential red activity.
"# OBSERVATION

Mission Phase: 0
Last Action : AllowTrafficZone subnet:public_access_zone
Last Action Status: FALSE
Communication Vectors: 
Commvector Blue Agent 0 Message: [0, 0, 0, 0, 0, 0, 0, 0]
Commvector Blue Agent 1 Message: [0, 0, 0, 0, 0, 0, 0, 0]
Commvector Blue Agent 2 Message: [0, 0, 0, 0, 0, 0, 0, 0]
Commvector Blue Agent 3 Message: [0, 0, 0, 0, 0, 0, 0, 0]

 Suspicious Activity Detected: None",AllowTrafficZone,subnet:public_access_zone,"The last action to allow traffic was unsuccessful, indicating the zone may still be blocked."
"# OBSERVATION

Mission Phase: 0
Last Action : BlockTrafficZone subnet:public_access_zone
Last Action Status: FALSE
Communication Vectors: 
Commvector Blue Agent 0 Message: [0, 0, 0, 0, 0, 0, 0, 0]
Commvector Blue Agent 1 Message: [0, 1, 0, 0, 0, 1, 0, 0]
Commvector Blue Agent 2 Message: [0, 0, 0, 0, 0, 0, 0, 1]
Commvector Blue Agent 3 Message: [0, 0, 0, 0, 0, 0, 0, 0]

 Suspicious Activity Detected: None",AllowTrafficZone,subnet:public_access_zone,"The last action to block the traffic was unsuccessful, indicating the zone is not currently in the desired state."
"# OBSERVATION

Mission Phase: 0
Last Action : AllowTrafficZone subnet:public_access_zone
Last Action Status: FALSE
Communication Vectors: 
Commvector Blue Agent 0 Message: [1, 0, 0, 0, 0, 1, 0, 0]
Commvector Blue Agent 1 Message: [0, 0, 0, 0, 0, 0, 0, 0]
Commvector Blue Agent 2 Message: [0, 0, 0, 0, 0, 0, 0, 0]
Commvector Blue Agent 3 Message: [0, 0, 0, 0, 0, 0, 0, 1]

 Suspicious Activity Detected: None",BlockTrafficZone,subnet:public_access_zone,Malicious action detected in the network related to the public access zone.
"# OBSERVATION

Mission Phase: 0
Last Action : AllowTrafficZone subnet:public_access_zone
Last Action Status: FALSE
Communication Vectors: 
Commvector Blue Agent 0 Message: [0, 0, 0, 0, 0, 0, 0, 0]
Commvector Blue Agent 1 Message: [0, 0, 0, 0, 0, 0, 0, 0]
Commvector Blue Agent 2 Message: [0, 0, 0, 0, 0, 0, 0, 0]
Commvector Blue Agent 3 Message: [0, 0, 0, 0, 0, 0, 0, 0]

 Suspicious Activity Detected: None",AllowTrafficZone,subnet:public_access_zone,Attempting to enable connectivity following a failed previous action.
"# OBSERVATION

Mission Phase: 0
Last Action : AllowTrafficZone subnet:public_access_zone
Last Action Status: FALSE
Communication Vectors: 
Commvector Blue Agent 0 Message: [0, 0, 0, 0, 0, 0, 0, 0]
Commvector Blue Agent 1 Message: [0, 0, 0, 0, 0, 0, 0, 0]
Commvector Blue Agent 2 Message: [0, 0, 0, 0, 0, 0, 0, 0]
Commvector Blue Agent 3 Message: [0, 0, 0, 0, 0, 0, 0, 0]

 Suspicious Activity Detected: None",AllowTrafficZone,subnet:public_access_zone,"Action to allow traffic is in the desired state, thus maintaining standard network connectivity."
"# OBSERVATION

Mission Phase: 0
Last Action : AllowTrafficZone subnet:public_access_zone
Last Action Status: FALSE
Communication Vectors: 
Commvector Blue Agent 0 Message: [0, 0, 0, 0, 0, 0, 0, 0]
Commvector Blue Agent 1 Message: [0, 0, 0, 0, 0, 0, 0, 1]
Commvector Blue Agent 2 Message: [0, 0, 0, 0, 0, 0, 0, 1]
Commvector Blue Agent 3 Message: [0, 0, 0, 0, 0, 0, 0, 0]

 Suspicious Activity Detected: None",AllowTrafficZone,subnet:public_access_zone,"The last action to allow traffic was unsuccessful, indicating the zone may still be blocked."
"# OBSERVATION

Mission Phase: 0
Last Action : AllowTrafficZone subnet:public_access_zone
Last Action Status: FALSE
Communication Vectors: 
Commvector Blue Agent 0 Message: [0, 0, 0, 0, 0, 0, 0, 0]
Commvector Blue Agent 1 Message: [0, 0, 0, 0, 0, 0, 0, 0]
Commvector Blue Agent 2 Message: [0, 0, 0, 0, 0, 0, 0, 0]
Commvector Blue Agent 3 Message: [0, 0, 0, 0, 0, 0, 0, 1]

 Suspicious Activity Detected: None",AllowTrafficZone,subnet:public_access_zone,To ensure connectivity in the public access zone as no suspicious activity is detected.
"# OBSERVATION

Mission Phase: 0
Last Action : AllowTrafficZone subnet:public_access_zone
Last Action Status: FALSE
Communication Vectors: 
Commvector Blue Agent 0 Message: [0, 0, 0, 0, 0, 0, 0, 0]
Commvector Blue Agent 1 Message: [0, 0, 0, 0, 0, 0, 0, 0]
Commvector Blue Agent 2 Message: [0, 0, 1, 0, 0, 1, 0, 1]
Commvector Blue Agent 3 Message: [0, 0, 0, 0, 0, 0, 0, 0]

 Suspicious Activity Detected: None",AllowTrafficZone,subnet:public_access_zone,"No suspicious activity detected, but ensuring connectivity for future phases."
"# OBSERVATION

Mission Phase: 0
Last Action : AllowTrafficZone subnet:public_access_zone
Last Action Status: FALSE
Communication Vectors: 
Commvector Blue Agent 0 Message: [0, 0, 0, 0, 0, 0, 0, 0]
Commvector Blue Agent 1 Message: [0, 0, 0, 0, 0, 0, 0, 0]
Commvector Blue Agent 2 Message: [0, 0, 0, 0, 0, 0, 0, 0]
Commvector Blue Agent 3 Message: [0, 0, 0, 0, 0, 0, 0, 0]

 Suspicious Activity Detected: None",AllowTrafficZone,subnet:public_access_zone,"The last action to allow traffic was unsuccessful, indicating the zone still needs to be allowed."
"# OBSERVATION

Mission Phase: 0
Last Action : BlockTrafficZone subnet:public_access_zone
Last Action Status: FALSE
Communication Vectors: 
Commvector Blue Agent 0 Message: [0, 0, 0, 0, 0, 0, 0, 0]
Commvector Blue Agent 1 Message: [0, 0, 0, 0, 0, 0, 0, 1]
Commvector Blue Agent 2 Message: [0, 0, 0, 0, 0, 0, 0, 0]
Commvector Blue Agent 3 Message: [0, 0, 0, 0, 0, 0, 0, 0]

 Suspicious Activity Detected: None",AllowTrafficZone,subnet:public_access_zone,"The last action to block the zone was unsuccessful, indicating potential need for connection restoration."
"# OBSERVATION

Mission Phase: 0
Last Action : Remove host:public_access_zone_subnet_user_host_0
Last Action Status: TRUE
Communication Vectors: 
Commvector Blue Agent 0 Message: [0, 0, 0, 0, 0, 0, 0, 0]
Commvector Blue Agent 1 Message: [0, 0, 0, 0, 0, 0, 0, 0]
Commvector Blue Agent 2 Message: [0, 0, 0, 0, 0, 0, 0, 0]
Commvector Blue Agent 3 Message: [0, 0, 0, 0, 0, 0, 0, 0]

 Suspicious Activity Detected: None",BlockTrafficZone,subnet:public_access_zone,Prevent potential threats by isolating the public access zone during the low-priority mission phase.
"# OBSERVATION

Mission Phase: 0
Last Action : Remove host:public_access_zone_subnet_user_host_0
Last Action Status: IN_PROGRESS
Communication Vectors: 
Commvector Blue Agent 0 Message: [0, 0, 0, 0, 0, 0, 0, 0]
Commvector Blue Agent 1 Message: [0, 0, 0, 0, 0, 0, 0, 0]
Commvector Blue Agent 2 Message: [0, 0, 0, 0, 0, 0, 0, 0]
Commvector Blue Agent 3 Message: [0, 0, 0, 0, 0, 0, 0, 0]

 Suspicious Activity Detected: None",Remove,host:public_access_zone_subnet_user_host_0,Ongoing action to eliminate any potential threats detected on the host.
"# OBSERVATION

Mission Phase: 0
Last Action : None
Last Action Status: UNKNOWN
Communication Vectors: 
Commvector Blue Agent 0 Message: [1]
Commvector Blue Agent 1 Message: [1]
Commvector Blue Agent 2 Message: [1]
Commvector Blue Agent 3 Message: [1]

Suspicious Activity Detected:
- Hostname: public_access_zone_subnet_router | IP: 10.0.123.177
- Hostname: public_access_zone_subnet_user_host_0 | IP: 10.0.123.246
- Hostname: public_access_zone_subnet_user_host_1 | IP: 10.0.123.108
- Hostname: public_access_zone_subnet_user_host_2 | IP: 10.0.123.251
- Hostname: public_access_zone_subnet_user_host_3 | IP: 10.0.123.2
- Hostname: public_access_zone_subnet_user_host_4 | IP: 10.0.123.66
- Hostname: public_access_zone_subnet_user_host_5 | IP: 10.0.123.204
- Hostname: public_access_zone_subnet_server_host_0 | IP: 10.0.123.254
- Hostname: public_access_zone_subnet_server_host_1 | IP: 10.0.123.253
- Hostname: public_access_zone_subnet_server_host_2 | IP: 10.0.123.252
- Hostname: admin_network_subnet_router | IP: 10.0.249.109
- Hostname: admin_network_subnet_user_host_0 | IP: 10.0.249.94
- Hostname: admin_network_subnet_user_host_1 | IP: 10.0.249.201
- Hostname: admin_network_subnet_user_host_2 | IP: 10.0.249.56
- Hostname: admin_network_subnet_user_host_3 | IP: 10.0.249.60
- Hostname: admin_network_subnet_user_host_4 | IP: 10.0.249.207
- Hostname: admin_network_subnet_server_host_0 | IP: 10.0.249.254
- Hostname: admin_network_subnet_server_host_1 | IP: 10.0.249.253
- Hostname: admin_network_subnet_server_host_2 | IP: 10.0.249.252
- Hostname: admin_network_subnet_server_host_3 | IP: 10.0.249.251
- Hostname: admin_network_subnet_server_host_4 | IP: 10.0.249.250
- Hostname: admin_network_subnet_server_host_5 | IP: 10.0.249.249
- Hostname: office_network_subnet_router | IP: 10.0.116.87
- Hostname: office_network_subnet_user_host_0 | IP: 10.0.116.164
- Hostname: office_network_subnet_user_host_1 | IP: 10.0.116.226
- Hostname: office_network_subnet_user_host_2 | IP: 10.0.116.220
- Hostname: office_network_subnet_user_host_3 | IP: 10.0.116.161
- Hostname: office_network_subnet_user_host_4 | IP: 10.0.116.175
- Hostname: office_network_subnet_user_host_5 | IP: 10.0.116.118
- Hostname: office_network_subnet_server_host_0 | IP: 10.0.116.254",Remove,host:public_access_zone_subnet_user_host_0,"Multiple suspicious activities detected, indicating potential red agent presence on a user host."
