observation,action_class,target_host,reason
"# OBSERVATION

Mission Phase: 2
Last Action : Sleep
Last Action Status: UNKNOWN
Communication Vectors: 
Commvector Blue Agent 0 Message: [0, 0, 0, 0, 0, 0, 0, 0]
Commvector Blue Agent 1 Message: [0, 0, 0, 0, 0, 0, 0, 0]
Commvector Blue Agent 2 Message: [0, 0, 0, 0, 0, 0, 0, 1]
Commvector Blue Agent 3 Message: [0, 0, 0, 0, 0, 0, 0, 0]

 Suspicious Activity Detected: None",Sleep,None,The last action is still in progress and I cannot execute further actions.
"# OBSERVATION

Mission Phase: 2
Last Action : Sleep
Last Action Status: UNKNOWN
Communication Vectors: 
Commvector Blue Agent 0 Message: [0, 0, 0, 0, 0, 0, 0, 0]
Commvector Blue Agent 1 Message: [0, 0, 0, 0, 0, 0, 0, 1]
Commvector Blue Agent 2 Message: [0, 0, 0, 0, 0, 0, 0, 0]
Commvector Blue Agent 3 Message: [0, 0, 0, 0, 0, 0, 0, 0]

 Suspicious Activity Detected: None",Sleep,None,"The last action is still in progress, and there are no suspicious activities detected."
"# OBSERVATION

Mission Phase: 2
Last Action : Analyse host:public_access_zone_subnet_user_host_0
Last Action Status: IN_PROGRESS
Communication Vectors: 
Commvector Blue Agent 0 Message: [0, 0, 0, 0, 0, 0, 0, 0]
Commvector Blue Agent 1 Message: [0, 0, 0, 0, 0, 0, 0, 1]
Commvector Blue Agent 2 Message: [0, 0, 0, 0, 0, 0, 0, 0]
Commvector Blue Agent 3 Message: [0, 0, 0, 0, 0, 0, 0, 0]

Suspicious Activity Detected:
- Hostname: public_access_zone_subnet_server_host_0 | IP: 10.0.28.188 | INFO: Connection to 10.0.125.254 | INFO: Connection to 10.0.125.254",Sleep,None,"The last action is still in progress, so no further actions can be taken at this time."
"# OBSERVATION

Mission Phase: 2
Last Action : Sleep
Last Action Status: UNKNOWN
Communication Vectors: 
Commvector Blue Agent 0 Message: [0, 0, 0, 0, 0, 0, 0, 0]
Commvector Blue Agent 1 Message: [0, 0, 0, 0, 0, 0, 0, 0]
Commvector Blue Agent 2 Message: [0, 0, 0, 0, 0, 0, 0, 0]
Commvector Blue Agent 3 Message: [0, 0, 0, 0, 0, 0, 0, 0]

Suspicious Activity Detected:
- Hostname: public_access_zone_subnet_user_host_0 | IP: 10.0.125.159",Analyse,host:public_access_zone_subnet_user_host_0,"Suspicious activity detected on the host, indicating potential red agent presence."
"# OBSERVATION

Mission Phase: 2
Last Action : Sleep
Last Action Status: UNKNOWN
Communication Vectors: 
Commvector Blue Agent 0 Message: [0, 0, 0, 0, 0, 0, 0, 0]
Commvector Blue Agent 1 Message: [0, 0, 0, 0, 0, 0, 0, 1]
Commvector Blue Agent 2 Message: [0, 0, 0, 0, 0, 0, 0, 1]
Commvector Blue Agent 3 Message: [0, 0, 0, 0, 0, 0, 0, 0]

 Suspicious Activity Detected: None",Sleep,None,"The last action is still in progress, so I will remain in a sleep state until further updates."
"# OBSERVATION

Mission Phase: 2
Last Action : Sleep
Last Action Status: UNKNOWN
Communication Vectors: 
Commvector Blue Agent 0 Message: [0, 0, 0, 0, 0, 0, 0, 0]
Commvector Blue Agent 1 Message: [0, 0, 0, 0, 0, 0, 0, 0]
Commvector Blue Agent 2 Message: [0, 0, 0, 0, 0, 0, 0, 0]
Commvector Blue Agent 3 Message: [0, 0, 0, 0, 0, 0, 0, 0]

 Suspicious Activity Detected: None",Sleep,None,The last action is still in progress and requires additional time to complete.
"# OBSERVATION

Mission Phase: 2
Last Action : Sleep
Last Action Status: UNKNOWN
Communication Vectors: 
Commvector Blue Agent 0 Message: [0, 0, 0, 0, 0, 0, 0, 0]
Commvector Blue Agent 1 Message: [0, 0, 0, 0, 0, 0, 0, 0]
Commvector Blue Agent 2 Message: [0, 0, 0, 0, 0, 0, 0, 0]
Commvector Blue Agent 3 Message: [0, 0, 0, 0, 0, 0, 0, 1]

Suspicious Activity Detected:
- Hostname: public_access_zone_subnet_server_host_1 | IP: 10.0.233.132 | INFO: Connection to 10.0.125.253 | INFO: Connection to 10.0.125.253",Sleep,None,The last action is in progress and needs to be completed before taking further action.
"# OBSERVATION

Mission Phase: 2
Last Action : Sleep
Last Action Status: UNKNOWN
Communication Vectors: 
Commvector Blue Agent 0 Message: [0, 0, 0, 0, 0, 0, 0, 0]
Commvector Blue Agent 1 Message: [0, 0, 0, 0, 0, 0, 0, 0]
Commvector Blue Agent 2 Message: [0, 0, 0, 0, 0, 0, 0, 1]
Commvector Blue Agent 3 Message: [0, 0, 0, 0, 0, 0, 0, 0]

 Suspicious Activity Detected: None",Sleep,None,"Last action status is UNKNOWN, indicating the prior action is still in progress."
"# OBSERVATION

Mission Phase: 2
Last Action : Sleep
Last Action Status: UNKNOWN
Communication Vectors: 
Commvector Blue Agent 0 Message: [0, 0, 0, 0, 0, 0, 0, 1]
Commvector Blue Agent 1 Message: [0, 0, 0, 0, 0, 0, 0, 0]
Commvector Blue Agent 2 Message: [0, 0, 0, 0, 0, 0, 0, 1]
Commvector Blue Agent 3 Message: [0, 0, 0, 0, 0, 0, 0, 0]

 Suspicious Activity Detected: None",Sleep,None,"Last action status is UNKNOWN, indicating ongoing operations."
"# OBSERVATION

Mission Phase: 2
Last Action : Sleep
Last Action Status: UNKNOWN
Communication Vectors: 
Commvector Blue Agent 0 Message: [0, 0, 0, 0, 0, 0, 0, 0]
Commvector Blue Agent 1 Message: [0, 0, 0, 0, 0, 0, 0, 0]
Commvector Blue Agent 2 Message: [0, 0, 0, 0, 0, 0, 0, 0]
Commvector Blue Agent 3 Message: [0, 0, 0, 0, 0, 0, 0, 1]

 Suspicious Activity Detected: None",Sleep,None,"The last action is still in progress, and I need to wait for it to complete before taking further action."
"# OBSERVATION

Mission Phase: 2
Last Action : Sleep
Last Action Status: UNKNOWN
Communication Vectors: 
Commvector Blue Agent 0 Message: [0, 0, 0, 0, 0, 0, 0, 0]
Commvector Blue Agent 1 Message: [0, 0, 0, 0, 0, 0, 0, 0]
Commvector Blue Agent 2 Message: [0, 0, 0, 0, 0, 0, 0, 1]
Commvector Blue Agent 3 Message: [0, 0, 0, 0, 0, 0, 0, 1]

 Suspicious Activity Detected: None",Sleep,None,"The last action status is unknown, indicating ongoing activities that require monitoring."
"# OBSERVATION

Mission Phase: 2
Last Action : Sleep
Last Action Status: UNKNOWN
Communication Vectors: 
Commvector Blue Agent 0 Message: [0, 0, 0, 0, 0, 0, 0, 0]
Commvector Blue Agent 1 Message: [0, 0, 0, 0, 0, 0, 0, 0]
Commvector Blue Agent 2 Message: [0, 0, 0, 0, 0, 0, 0, 0]
Commvector Blue Agent 3 Message: [0, 0, 0, 0, 0, 0, 0, 0]

 Suspicious Activity Detected: None",Sleep,None,The last action is still in progress and requires no further action at this moment.
"# OBSERVATION

Mission Phase: 2
Last Action : Sleep
Last Action Status: UNKNOWN
Communication Vectors: 
Commvector Blue Agent 0 Message: [0, 0, 0, 0, 0, 0, 0, 1]
Commvector Blue Agent 1 Message: [0, 0, 0, 0, 0, 0, 0, 0]
Commvector Blue Agent 2 Message: [0, 0, 0, 0, 0, 0, 0, 1]
Commvector Blue Agent 3 Message: [0, 0, 0, 0, 0, 0, 0, 1]

 Suspicious Activity Detected: None",Sleep,None,"Last action status is unknown, and current action is still in progress."
"# OBSERVATION

Mission Phase: 2
Last Action : Sleep
Last Action Status: UNKNOWN
Communication Vectors: 
Commvector Blue Agent 0 Message: [0, 0, 0, 0, 0, 0, 0, 0]
Commvector Blue Agent 1 Message: [0, 0, 0, 0, 0, 0, 0, 0]
Commvector Blue Agent 2 Message: [0, 0, 0, 0, 0, 0, 0, 1]
Commvector Blue Agent 3 Message: [0, 0, 0, 1, 0, 1, 0, 0]

 Suspicious Activity Detected: None",Sleep,None,"The last action is IN_PROGRESS, and no suspicious activity is detected."
"# OBSERVATION

Mission Phase: 2
Last Action : Sleep
Last Action Status: UNKNOWN
Communication Vectors: 
Commvector Blue Agent 0 Message: [0, 0, 0, 0, 0, 0, 0, 0]
Commvector Blue Agent 1 Message: [0, 0, 0, 0, 0, 0, 0, 0]
Commvector Blue Agent 2 Message: [0, 0, 0, 0, 0, 0, 0, 0]
Commvector Blue Agent 3 Message: [0, 0, 0, 0, 0, 0, 0, 1]

 Suspicious Activity Detected: None",Sleep,None,"The last action is still in progress, so sleeping is necessary."
"# OBSERVATION

Mission Phase: 2
Last Action : Sleep
Last Action Status: UNKNOWN
Communication Vectors: 
Commvector Blue Agent 0 Message: [0, 0, 0, 0, 0, 0, 0, 0]
Commvector Blue Agent 1 Message: [0, 0, 0, 0, 0, 0, 0, 0]
Commvector Blue Agent 2 Message: [0, 0, 0, 0, 0, 0, 0, 1]
Commvector Blue Agent 3 Message: [0, 0, 0, 0, 0, 0, 0, 0]

 Suspicious Activity Detected: None",Sleep,None,"The last action is currently in progress, and further action cannot be taken until that is resolved."
"# OBSERVATION

Mission Phase: 2
Last Action : Sleep
Last Action Status: UNKNOWN
Communication Vectors: 
Commvector Blue Agent 0 Message: [0, 0, 0, 0, 0, 0, 0, 0]
Commvector Blue Agent 1 Message: [0, 0, 0, 0, 0, 0, 0, 1]
Commvector Blue Agent 2 Message: [0, 0, 0, 0, 0, 0, 0, 0]
Commvector Blue Agent 3 Message: [0, 0, 0, 0, 0, 0, 0, 0]

 Suspicious Activity Detected: None",Sleep,None,The last action is still in progress and the status is unknown.
"# OBSERVATION

Mission Phase: 2
Last Action : Sleep
Last Action Status: UNKNOWN
Communication Vectors: 
Commvector Blue Agent 0 Message: [0, 0, 0, 0, 0, 0, 0, 0]
Commvector Blue Agent 1 Message: [0, 0, 0, 0, 0, 0, 0, 0]
Commvector Blue Agent 2 Message: [0, 0, 0, 0, 0, 0, 0, 1]
Commvector Blue Agent 3 Message: [0, 0, 0, 0, 0, 0, 0, 1]

 Suspicious Activity Detected: None",Sleep,None,"Current action status is unknown, so waiting for ongoing actions to complete."
"# OBSERVATION

Mission Phase: 2
Last Action : Sleep
Last Action Status: UNKNOWN
Communication Vectors: 
Commvector Blue Agent 0 Message: [0, 0, 0, 0, 0, 0, 0, 1]
Commvector Blue Agent 1 Message: [0, 0, 0, 0, 0, 0, 0, 0]
Commvector Blue Agent 2 Message: [0, 0, 1, 0, 0, 1, 0, 0]
Commvector Blue Agent 3 Message: [0, 0, 0, 0, 0, 0, 0, 0]

 Suspicious Activity Detected: None",Sleep,None,"The last action is currently IN_PROGRESS, and we need to maintain the current state until completion."
"# OBSERVATION

Mission Phase: 2
Last Action : Sleep
Last Action Status: UNKNOWN
Communication Vectors: 
Commvector Blue Agent 0 Message: [0, 0, 0, 0, 0, 0, 0, 0]
Commvector Blue Agent 1 Message: [0, 0, 0, 0, 0, 0, 0, 1]
Commvector Blue Agent 2 Message: [0, 0, 0, 0, 0, 0, 0, 1]
Commvector Blue Agent 3 Message: [0, 0, 0, 0, 0, 0, 0, 1]

 Suspicious Activity Detected: None",Sleep,None,Last action status is UNKNOWN and requires confirmation before proceeding.
"# OBSERVATION

Mission Phase: 2
Last Action : Sleep
Last Action Status: UNKNOWN
Communication Vectors: 
Commvector Blue Agent 0 Message: [0, 0, 0, 0, 0, 0, 0, 0]
Commvector Blue Agent 1 Message: [0, 0, 0, 0, 0, 0, 0, 0]
Commvector Blue Agent 2 Message: [0, 0, 0, 0, 0, 0, 0, 0]
Commvector Blue Agent 3 Message: [0, 0, 0, 0, 0, 0, 0, 0]

 Suspicious Activity Detected: None",Sleep,None,"The last action is still in progress, and we need to wait for it to complete."
"# OBSERVATION

Mission Phase: 2
Last Action : Sleep
Last Action Status: UNKNOWN
Communication Vectors: 
Commvector Blue Agent 0 Message: [0, 0, 0, 0, 0, 0, 0, 1]
Commvector Blue Agent 1 Message: [0, 0, 0, 0, 0, 0, 0, 0]
Commvector Blue Agent 2 Message: [0, 0, 0, 0, 0, 0, 0, 1]
Commvector Blue Agent 3 Message: [0, 0, 0, 0, 0, 0, 0, 1]

 Suspicious Activity Detected: None",Sleep,None,"The last action status is UNKNOWN, indicating the previous action is still in progress."
"# OBSERVATION

Mission Phase: 2
Last Action : Sleep
Last Action Status: UNKNOWN
Communication Vectors: 
Commvector Blue Agent 0 Message: [0, 0, 0, 0, 0, 0, 0, 0]
Commvector Blue Agent 1 Message: [0, 0, 0, 0, 0, 0, 0, 1]
Commvector Blue Agent 2 Message: [0, 0, 0, 0, 0, 0, 0, 0]
Commvector Blue Agent 3 Message: [0, 0, 0, 0, 0, 0, 0, 0]

 Suspicious Activity Detected: None",Sleep,None,The last action is still in progress and cannot be repeated.
"# OBSERVATION

Mission Phase: 2
Last Action : Sleep
Last Action Status: UNKNOWN
Communication Vectors: 
Commvector Blue Agent 0 Message: [0, 0, 0, 0, 0, 0, 0, 0]
Commvector Blue Agent 1 Message: [0, 0, 0, 0, 0, 0, 0, 0]
Commvector Blue Agent 2 Message: [0, 0, 0, 0, 0, 0, 0, 0]
Commvector Blue Agent 3 Message: [0, 0, 0, 0, 0, 0, 0, 0]

 Suspicious Activity Detected: None",Sleep,None,The last action is still in progress and cannot be interrupted.
"# OBSERVATION

Mission Phase: 2
Last Action : Sleep
Last Action Status: UNKNOWN
Communication Vectors: 
Commvector Blue Agent 0 Message: [0, 0, 0, 0, 0, 0, 0, 0]
Commvector Blue Agent 1 Message: [0, 0, 0, 0, 0, 0, 0, 0]
Commvector Blue Agent 2 Message: [0, 0, 0, 0, 0, 0, 0, 0]
Commvector Blue Agent 3 Message: [0, 0, 0, 1, 0, 1, 0, 0]

 Suspicious Activity Detected: None",Sleep,None,"The last action status is UNKNOWN, indicating that the ongoing process may still require attention."
"# OBSERVATION

Mission Phase: 2
Last Action : Sleep
Last Action Status: UNKNOWN
Communication Vectors: 
Commvector Blue Agent 0 Message: [0, 0, 0, 0, 0, 0, 0, 0]
Commvector Blue Agent 1 Message: [0, 0, 0, 0, 0, 0, 0, 0]
Commvector Blue Agent 2 Message: [0, 0, 0, 0, 0, 0, 0, 1]
Commvector Blue Agent 3 Message: [0, 0, 0, 0, 0, 0, 0, 0]

 Suspicious Activity Detected: None",Sleep,None,"Last action status is UNKNOWN, awaiting completion before proceeding."
"# OBSERVATION

Mission Phase: 2
Last Action : Sleep
Last Action Status: UNKNOWN
Communication Vectors: 
Commvector Blue Agent 0 Message: [0, 0, 0, 0, 0, 0, 0, 0]
Commvector Blue Agent 1 Message: [0, 0, 0, 0, 0, 0, 0, 0]
Commvector Blue Agent 2 Message: [0, 0, 0, 0, 0, 0, 0, 0]
Commvector Blue Agent 3 Message: [0, 0, 0, 0, 0, 0, 0, 0]

 Suspicious Activity Detected: None",Sleep,None,"Last action status is UNKNOWN, indicating no clear outcome from the previous actions."
"# OBSERVATION

Mission Phase: 2
Last Action : Sleep
Last Action Status: UNKNOWN
Communication Vectors: 
Commvector Blue Agent 0 Message: [0, 0, 0, 0, 0, 0, 0, 0]
Commvector Blue Agent 1 Message: [0, 0, 0, 0, 0, 0, 0, 0]
Commvector Blue Agent 2 Message: [0, 0, 1, 0, 0, 1, 0, 1]
Commvector Blue Agent 3 Message: [0, 0, 0, 0, 0, 0, 0, 0]

 Suspicious Activity Detected: None",Sleep,None,"Previous action status is UNKNOWN, indicating that I need to wait for ongoing actions to complete."
"# OBSERVATION

Mission Phase: 2
Last Action : Sleep
Last Action Status: UNKNOWN
Communication Vectors: 
Commvector Blue Agent 0 Message: [0, 0, 0, 0, 0, 0, 0, 1]
Commvector Blue Agent 1 Message: [0, 0, 0, 0, 0, 0, 0, 0]
Commvector Blue Agent 2 Message: [0, 0, 0, 0, 0, 0, 0, 0]
Commvector Blue Agent 3 Message: [0, 0, 0, 0, 0, 0, 0, 1]

Suspicious Activity Detected:
- Hostname: public_access_zone_subnet_server_host_0 | IP: 10.0.125.189 | INFO: Connection to 10.0.125.254 | INFO: Connection to 10.0.125.254",Sleep,None,"The last action is still in progress, and further actions cannot be executed until it completes."
"# OBSERVATION

Mission Phase: 2
Last Action : Sleep
Last Action Status: UNKNOWN
Communication Vectors: 
Commvector Blue Agent 0 Message: [0, 0, 0, 0, 0, 0, 0, 0]
Commvector Blue Agent 1 Message: [0, 0, 0, 0, 0, 0, 0, 0]
Commvector Blue Agent 2 Message: [0, 0, 0, 0, 0, 0, 0, 1]
Commvector Blue Agent 3 Message: [0, 0, 0, 0, 0, 0, 0, 0]

 Suspicious Activity Detected: None",Sleep,None,"The last action is still in progress, and we need to wait for it to complete."
"# OBSERVATION

Mission Phase: 2
Last Action : Sleep
Last Action Status: UNKNOWN
Communication Vectors: 
Commvector Blue Agent 0 Message: [0, 0, 0, 0, 0, 0, 0, 0]
Commvector Blue Agent 1 Message: [0, 0, 0, 0, 0, 0, 0, 0]
Commvector Blue Agent 2 Message: [0, 0, 0, 0, 0, 0, 0, 0]
Commvector Blue Agent 3 Message: [0, 0, 0, 0, 0, 0, 0, 0]

 Suspicious Activity Detected: None",Sleep,None,"The last action was not completed yet, so I will wait."
"# OBSERVATION

Mission Phase: 2
Last Action : Sleep
Last Action Status: UNKNOWN
Communication Vectors: 
Commvector Blue Agent 0 Message: [0, 0, 0, 0, 0, 0, 0, 0]
Commvector Blue Agent 1 Message: [0, 0, 0, 0, 0, 0, 0, 1]
Commvector Blue Agent 2 Message: [0, 0, 0, 0, 0, 0, 0, 0]
Commvector Blue Agent 3 Message: [0, 0, 0, 0, 0, 0, 0, 1]

 Suspicious Activity Detected: None",Sleep,None,Last action is currently in progress; maintaining status until it's completed.
"# OBSERVATION

Mission Phase: 2
Last Action : Sleep
Last Action Status: UNKNOWN
Communication Vectors: 
Commvector Blue Agent 0 Message: [0, 0, 0, 0, 0, 0, 0, 0]
Commvector Blue Agent 1 Message: [0, 0, 0, 0, 0, 0, 0, 0]
Commvector Blue Agent 2 Message: [0, 0, 0, 0, 0, 0, 0, 1]
Commvector Blue Agent 3 Message: [0, 0, 0, 0, 0, 0, 0, 0]

 Suspicious Activity Detected: None",Sleep,None,"The last action status is UNKNOWN, indicating ongoing action that requires no further action at this time."
"# OBSERVATION

Mission Phase: 2
Last Action : Sleep
Last Action Status: UNKNOWN
Communication Vectors: 
Commvector Blue Agent 0 Message: [0, 0, 0, 0, 0, 0, 0, 0]
Commvector Blue Agent 1 Message: [0, 0, 0, 0, 0, 0, 0, 1]
Commvector Blue Agent 2 Message: [0, 0, 0, 0, 0, 0, 0, 0]
Commvector Blue Agent 3 Message: [0, 0, 0, 0, 0, 0, 0, 1]

 Suspicious Activity Detected: None",Sleep,None,"The last action is currently in progress, and it is necessary to wait."
"# OBSERVATION

Mission Phase: 2
Last Action : Sleep
Last Action Status: UNKNOWN
Communication Vectors: 
Commvector Blue Agent 0 Message: [0, 0, 0, 0, 0, 0, 0, 0]
Commvector Blue Agent 1 Message: [0, 0, 0, 0, 0, 0, 0, 1]
Commvector Blue Agent 2 Message: [0, 0, 0, 0, 0, 0, 0, 1]
Commvector Blue Agent 3 Message: [0, 0, 0, 0, 0, 0, 0, 0]

 Suspicious Activity Detected: None",Sleep,None,The last action is currently in progress and its status is unknown.
"# OBSERVATION

Mission Phase: 2
Last Action : Sleep
Last Action Status: UNKNOWN
Communication Vectors: 
Commvector Blue Agent 0 Message: [0, 0, 0, 0, 0, 0, 0, 0]
Commvector Blue Agent 1 Message: [0, 0, 0, 0, 0, 0, 0, 0]
Commvector Blue Agent 2 Message: [0, 0, 0, 0, 0, 0, 0, 0]
Commvector Blue Agent 3 Message: [0, 0, 0, 0, 0, 0, 0, 1]

 Suspicious Activity Detected: None",Sleep,None,The last action is in progress and status is unknown.
"# OBSERVATION

Mission Phase: 2
Last Action : Sleep
Last Action Status: UNKNOWN
Communication Vectors: 
Commvector Blue Agent 0 Message: [1, 0, 0, 0, 0, 1, 0, 0]
Commvector Blue Agent 1 Message: [0, 0, 0, 0, 0, 0, 0, 1]
Commvector Blue Agent 2 Message: [0, 0, 0, 0, 0, 0, 0, 0]
Commvector Blue Agent 3 Message: [0, 0, 0, 0, 0, 0, 0, 0]

 Suspicious Activity Detected: None",Sleep,None,The last action is still in progress and cannot proceed until it's completed.
"# OBSERVATION

Mission Phase: 2
Last Action : Sleep
Last Action Status: UNKNOWN
Communication Vectors: 
Commvector Blue Agent 0 Message: [0, 0, 0, 0, 0, 0, 0, 0]
Commvector Blue Agent 1 Message: [0, 0, 0, 0, 0, 0, 0, 0]
Commvector Blue Agent 2 Message: [0, 0, 0, 0, 0, 0, 0, 1]
Commvector Blue Agent 3 Message: [0, 0, 0, 0, 0, 0, 0, 0]

 Suspicious Activity Detected: None",Sleep,None,Last action was IN_PROGRESS and the status is UNKNOWN.
"# OBSERVATION

Mission Phase: 2
Last Action : Sleep
Last Action Status: UNKNOWN
Communication Vectors: 
Commvector Blue Agent 0 Message: [0, 0, 0, 0, 0, 0, 0, 0]
Commvector Blue Agent 1 Message: [0, 0, 0, 0, 0, 0, 0, 0]
Commvector Blue Agent 2 Message: [0, 0, 0, 0, 0, 0, 0, 0]
Commvector Blue Agent 3 Message: [0, 0, 0, 0, 0, 0, 0, 1]

 Suspicious Activity Detected: None",Sleep,None,"The last action status is UNKNOWN, indicating it is still in progress."
"# OBSERVATION

Mission Phase: 2
Last Action : Sleep
Last Action Status: UNKNOWN
Communication Vectors: 
Commvector Blue Agent 0 Message: [0, 0, 0, 0, 0, 0, 0, 0]
Commvector Blue Agent 1 Message: [0, 0, 0, 0, 0, 0, 0, 0]
Commvector Blue Agent 2 Message: [0, 0, 0, 0, 0, 0, 0, 1]
Commvector Blue Agent 3 Message: [0, 0, 0, 0, 0, 0, 0, 0]

 Suspicious Activity Detected: None",Sleep,None,"Last action status is UNKNOWN, requiring wait for ongoing processes."
"# OBSERVATION

Mission Phase: 2
Last Action : Sleep
Last Action Status: UNKNOWN
Communication Vectors: 
Commvector Blue Agent 0 Message: [0, 0, 0, 0, 0, 0, 0, 0]
Commvector Blue Agent 1 Message: [0, 0, 0, 0, 0, 0, 0, 1]
Commvector Blue Agent 2 Message: [0, 0, 0, 0, 0, 0, 0, 0]
Commvector Blue Agent 3 Message: [0, 0, 0, 0, 0, 0, 0, 1]

 Suspicious Activity Detected: None",Sleep,None,The last action is in progress and its status is unknown.
"# OBSERVATION

Mission Phase: 2
Last Action : Sleep
Last Action Status: UNKNOWN
Communication Vectors: 
Commvector Blue Agent 0 Message: [0, 0, 0, 0, 0, 0, 0, 1]
Commvector Blue Agent 1 Message: [0, 0, 0, 0, 0, 0, 0, 0]
Commvector Blue Agent 2 Message: [0, 0, 0, 0, 0, 0, 0, 1]
Commvector Blue Agent 3 Message: [0, 0, 0, 0, 0, 0, 0, 0]

 Suspicious Activity Detected: None",Sleep,None,"Last action status is UNKNOWN, indicating I need to wait for ongoing processes to complete."
"# OBSERVATION

Mission Phase: 2
Last Action : Sleep
Last Action Status: UNKNOWN
Communication Vectors: 
Commvector Blue Agent 0 Message: [0, 0, 0, 0, 0, 0, 0, 0]
Commvector Blue Agent 1 Message: [0, 0, 0, 0, 0, 0, 0, 1]
Commvector Blue Agent 2 Message: [0, 0, 0, 0, 0, 0, 0, 0]
Commvector Blue Agent 3 Message: [0, 0, 0, 0, 0, 0, 0, 1]

 Suspicious Activity Detected: None",Sleep,None,The last action is still in progress and requires waiting.
"# OBSERVATION

Mission Phase: 2
Last Action : Sleep
Last Action Status: UNKNOWN
Communication Vectors: 
Commvector Blue Agent 0 Message: [0, 0, 0, 0, 0, 0, 0, 0]
Commvector Blue Agent 1 Message: [0, 0, 0, 0, 0, 0, 0, 0]
Commvector Blue Agent 2 Message: [0, 0, 0, 0, 0, 0, 0, 1]
Commvector Blue Agent 3 Message: [0, 0, 0, 0, 0, 0, 0, 0]

 Suspicious Activity Detected: None",Sleep,None,"Last action status is UNKNOWN, indicating that previous actions are still processing."
"# OBSERVATION

Mission Phase: 2
Last Action : Sleep
Last Action Status: UNKNOWN
Communication Vectors: 
Commvector Blue Agent 0 Message: [0, 0, 0, 0, 0, 0, 0, 0]
Commvector Blue Agent 1 Message: [0, 0, 0, 0, 0, 0, 0, 1]
Commvector Blue Agent 2 Message: [0, 0, 0, 0, 0, 0, 0, 0]
Commvector Blue Agent 3 Message: [0, 0, 0, 0, 0, 0, 0, 1]

 Suspicious Activity Detected: None",Sleep,None,Previous action is in progress and needs to be completed before taking further action.
"# OBSERVATION

Mission Phase: 2
Last Action : Sleep
Last Action Status: UNKNOWN
Communication Vectors: 
Commvector Blue Agent 0 Message: [0, 0, 0, 0, 0, 0, 0, 0]
Commvector Blue Agent 1 Message: [0, 0, 0, 0, 0, 0, 0, 0]
Commvector Blue Agent 2 Message: [0, 0, 0, 0, 0, 0, 0, 1]
Commvector Blue Agent 3 Message: [0, 0, 0, 0, 0, 0, 0, 0]

 Suspicious Activity Detected: None",Sleep,None,The last action is currently in progress and cannot be interrupted.
"# OBSERVATION

Mission Phase: 2
Last Action : Sleep
Last Action Status: UNKNOWN
Communication Vectors: 
Commvector Blue Agent 0 Message: [0, 0, 0, 0, 0, 0, 0, 0]
Commvector Blue Agent 1 Message: [0, 0, 0, 0, 0, 0, 0, 0]
Commvector Blue Agent 2 Message: [0, 0, 0, 0, 0, 0, 0, 0]
Commvector Blue Agent 3 Message: [0, 0, 0, 0, 0, 0, 0, 1]

 Suspicious Activity Detected: None",Sleep,None,The last action is still in progress and requires waiting.
"# OBSERVATION

Mission Phase: 2
Last Action : Sleep
Last Action Status: UNKNOWN
Communication Vectors: 
Commvector Blue Agent 0 Message: [0, 0, 0, 0, 0, 0, 0, 0]
Commvector Blue Agent 1 Message: [0, 0, 0, 0, 0, 0, 0, 0]
Commvector Blue Agent 2 Message: [0, 0, 0, 0, 0, 0, 0, 1]
Commvector Blue Agent 3 Message: [0, 0, 0, 0, 0, 0, 0, 0]

 Suspicious Activity Detected: None",Sleep,None,The last action is currently in progress and requires no further action.
"# OBSERVATION

Mission Phase: 2
Last Action : Sleep
Last Action Status: UNKNOWN
Communication Vectors: 
Commvector Blue Agent 0 Message: [0, 0, 0, 0, 0, 0, 0, 0]
Commvector Blue Agent 1 Message: [0, 0, 0, 0, 0, 0, 0, 0]
Commvector Blue Agent 2 Message: [0, 0, 0, 0, 0, 0, 0, 0]
Commvector Blue Agent 3 Message: [0, 0, 0, 0, 0, 0, 0, 1]

 Suspicious Activity Detected: None",Sleep,None,The last action is currently in progress and its status is unknown.
"# OBSERVATION

Mission Phase: 2
Last Action : Sleep
Last Action Status: UNKNOWN
Communication Vectors: 
Commvector Blue Agent 0 Message: [0, 0, 0, 0, 0, 0, 0, 1]
Commvector Blue Agent 1 Message: [0, 0, 0, 0, 0, 0, 0, 1]
Commvector Blue Agent 2 Message: [0, 0, 0, 0, 0, 0, 0, 1]
Commvector Blue Agent 3 Message: [0, 0, 0, 0, 0, 0, 0, 0]

 Suspicious Activity Detected: None",Sleep,None,The last action status is UNKNOWN and requires further observation before taking additional action.
"# OBSERVATION

Mission Phase: 2
Last Action : Sleep
Last Action Status: UNKNOWN
Communication Vectors: 
Commvector Blue Agent 0 Message: [0, 0, 0, 0, 0, 0, 0, 0]
Commvector Blue Agent 1 Message: [0, 0, 0, 0, 0, 0, 0, 0]
Commvector Blue Agent 2 Message: [0, 0, 0, 0, 0, 0, 0, 0]
Commvector Blue Agent 3 Message: [0, 0, 0, 0, 0, 0, 0, 0]

 Suspicious Activity Detected: None",Sleep,None,"The last action status is UNKNOWN, indicating that I should remain in a wait state."
"# OBSERVATION

Mission Phase: 2
Last Action : Sleep
Last Action Status: UNKNOWN
Communication Vectors: 
Commvector Blue Agent 0 Message: [0, 0, 0, 0, 0, 0, 0, 0]
Commvector Blue Agent 1 Message: [0, 0, 0, 0, 0, 0, 0, 0]
Commvector Blue Agent 2 Message: [0, 0, 0, 0, 0, 0, 0, 1]
Commvector Blue Agent 3 Message: [0, 0, 0, 0, 0, 0, 0, 1]

 Suspicious Activity Detected: None",Sleep,None,The last action is in progress and needs to be completed before taking further actions.
"# OBSERVATION

Mission Phase: 2
Last Action : Sleep
Last Action Status: UNKNOWN
Communication Vectors: 
Commvector Blue Agent 0 Message: [0, 0, 0, 0, 0, 0, 0, 1]
Commvector Blue Agent 1 Message: [0, 0, 0, 0, 0, 0, 0, 1]
Commvector Blue Agent 2 Message: [0, 0, 0, 0, 0, 0, 0, 0]
Commvector Blue Agent 3 Message: [0, 0, 0, 0, 0, 0, 0, 0]

 Suspicious Activity Detected: None",Sleep,None,"Last action status is UNKNOWN, indicating we should wait for the action to complete."
"# OBSERVATION

Mission Phase: 2
Last Action : Sleep
Last Action Status: UNKNOWN
Communication Vectors: 
Commvector Blue Agent 0 Message: [0, 0, 0, 0, 0, 0, 0, 0]
Commvector Blue Agent 1 Message: [0, 0, 0, 0, 0, 0, 0, 0]
Commvector Blue Agent 2 Message: [0, 0, 0, 0, 0, 0, 0, 1]
Commvector Blue Agent 3 Message: [0, 0, 0, 0, 0, 0, 0, 0]

 Suspicious Activity Detected: None",Sleep,None,"The last action status is UNKNOWN, indicating that the previous action is still in progress."
"# OBSERVATION

Mission Phase: 2
Last Action : Analyse host:office_network_subnet_user_host_6
Last Action Status: IN_PROGRESS
Communication Vectors: 
Commvector Blue Agent 0 Message: [0, 0, 0, 0, 0, 0, 0, 0]
Commvector Blue Agent 1 Message: [0, 0, 0, 0, 0, 0, 0, 1]
Commvector Blue Agent 2 Message: [0, 0, 0, 0, 0, 0, 0, 0]
Commvector Blue Agent 3 Message: [0, 0, 0, 0, 0, 0, 0, 1]

 Suspicious Activity Detected: None",Sleep,None,Last action is still in progress and needs to complete before taking further action.
"# OBSERVATION

Mission Phase: 2
Last Action : Sleep
Last Action Status: UNKNOWN
Communication Vectors: 
Commvector Blue Agent 0 Message: [0, 0, 0, 0, 0, 0, 0, 0]
Commvector Blue Agent 1 Message: [0, 0, 0, 0, 0, 0, 0, 0]
Commvector Blue Agent 2 Message: [0, 0, 0, 0, 0, 0, 0, 1]
Commvector Blue Agent 3 Message: [0, 0, 0, 0, 0, 0, 0, 0]

Suspicious Activity Detected:
- Hostname: office_network_subnet_user_host_6 | IP: 10.0.64.169",Analyse,host:office_network_subnet_user_host_6,"Suspicious activity detected on the host, requiring further investigation."
"# OBSERVATION

Mission Phase: 2
Last Action : Sleep
Last Action Status: UNKNOWN
Communication Vectors: 
Commvector Blue Agent 0 Message: [0, 0, 0, 0, 0, 0, 0, 0]
Commvector Blue Agent 1 Message: [0, 0, 0, 0, 0, 0, 0, 0]
Commvector Blue Agent 2 Message: [0, 0, 0, 0, 0, 0, 0, 0]
Commvector Blue Agent 3 Message: [0, 0, 0, 0, 0, 0, 0, 0]

 Suspicious Activity Detected: None",Sleep,None,Last action status is UNKNOWN and needs to be completed before proceeding.
"# OBSERVATION

Mission Phase: 2
Last Action : Sleep
Last Action Status: UNKNOWN
Communication Vectors: 
Commvector Blue Agent 0 Message: [0, 0, 0, 0, 0, 0, 0, 0]
Commvector Blue Agent 1 Message: [0, 0, 0, 0, 0, 0, 0, 1]
Commvector Blue Agent 2 Message: [0, 0, 0, 0, 0, 0, 0, 1]
Commvector Blue Agent 3 Message: [0, 0, 0, 0, 0, 0, 0, 0]

 Suspicious Activity Detected: None",Sleep,None,"The last action is still in progress, so I need to wait for it to complete."
"# OBSERVATION

Mission Phase: 2
Last Action : Analyse host:public_access_zone_subnet_user_host_3
Last Action Status: IN_PROGRESS
Communication Vectors: 
Commvector Blue Agent 0 Message: [0, 0, 0, 0, 0, 0, 0, 1]
Commvector Blue Agent 1 Message: [0, 0, 0, 0, 0, 0, 0, 0]
Commvector Blue Agent 2 Message: [0, 0, 1, 0, 0, 1, 0, 1]
Commvector Blue Agent 3 Message: [0, 0, 0, 0, 0, 0, 0, 0]

 Suspicious Activity Detected: None",Sleep,None,"Last action is still in progress, waiting for completion."
"# OBSERVATION

Mission Phase: 2
Last Action : Sleep
Last Action Status: UNKNOWN
Communication Vectors: 
Commvector Blue Agent 0 Message: [0, 0, 0, 0, 0, 0, 0, 0]
Commvector Blue Agent 1 Message: [0, 0, 0, 0, 0, 0, 0, 0]
Commvector Blue Agent 2 Message: [0, 0, 0, 0, 0, 0, 0, 0]
Commvector Blue Agent 3 Message: [0, 0, 0, 0, 0, 0, 0, 0]

Suspicious Activity Detected:
- Hostname: public_access_zone_subnet_user_host_3 | IP: 10.0.125.234",Analyse,host:public_access_zone_subnet_user_host_3,"Suspicious activity detected on the host, requiring further investigation."
"# OBSERVATION

Mission Phase: 2
Last Action : Sleep
Last Action Status: UNKNOWN
Communication Vectors: 
Commvector Blue Agent 0 Message: [0, 0, 0, 0, 0, 0, 0, 0]
Commvector Blue Agent 1 Message: [0, 0, 0, 0, 0, 0, 0, 0]
Commvector Blue Agent 2 Message: [0, 0, 0, 0, 0, 0, 0, 0]
Commvector Blue Agent 3 Message: [0, 0, 0, 0, 0, 0, 0, 0]

 Suspicious Activity Detected: None",Sleep,None,"The last action was not completed yet, so I will wait for it to finish."
"# OBSERVATION

Mission Phase: 2
Last Action : Sleep
Last Action Status: UNKNOWN
Communication Vectors: 
Commvector Blue Agent 0 Message: [0, 0, 0, 0, 0, 0, 0, 0]
Commvector Blue Agent 1 Message: [0, 0, 0, 0, 0, 0, 0, 0]
Commvector Blue Agent 2 Message: [0, 0, 0, 0, 0, 0, 0, 1]
Commvector Blue Agent 3 Message: [0, 0, 0, 0, 0, 0, 0, 1]

 Suspicious Activity Detected: None",Sleep,None,"Last action is currently IN_PROGRESS, waiting for completion."
"# OBSERVATION

Mission Phase: 2
Last Action : Sleep
Last Action Status: UNKNOWN
Communication Vectors: 
Commvector Blue Agent 0 Message: [0, 0, 0, 0, 0, 0, 0, 0]
Commvector Blue Agent 1 Message: [0, 0, 0, 0, 0, 0, 0, 0]
Commvector Blue Agent 2 Message: [0, 0, 0, 0, 0, 0, 0, 0]
Commvector Blue Agent 3 Message: [0, 0, 0, 0, 0, 0, 0, 0]

 Suspicious Activity Detected: None",Sleep,None,"Last action status is UNKNOWN, waiting for completion."
"# OBSERVATION

Mission Phase: 2
Last Action : Sleep
Last Action Status: UNKNOWN
Communication Vectors: 
Commvector Blue Agent 0 Message: [0, 0, 0, 0, 0, 0, 0, 0]
Commvector Blue Agent 1 Message: [0, 0, 0, 0, 0, 0, 0, 1]
Commvector Blue Agent 2 Message: [0, 0, 0, 0, 0, 0, 0, 1]
Commvector Blue Agent 3 Message: [0, 0, 0, 0, 0, 0, 0, 0]

 Suspicious Activity Detected: None",Sleep,None,"Last action status is UNKNOWN, and no further action is required at the moment."
"# OBSERVATION

Mission Phase: 2
Last Action : Sleep
Last Action Status: UNKNOWN
Communication Vectors: 
Commvector Blue Agent 0 Message: [0, 0, 0, 0, 0, 0, 0, 0]
Commvector Blue Agent 1 Message: [0, 0, 0, 0, 0, 0, 0, 1]
Commvector Blue Agent 2 Message: [0, 0, 0, 0, 0, 0, 0, 0]
Commvector Blue Agent 3 Message: [0, 0, 0, 0, 0, 0, 0, 1]

 Suspicious Activity Detected: None",Sleep,None,"The last action is still in progress, waiting for its completion."
"# OBSERVATION

Mission Phase: 2
Last Action : Sleep
Last Action Status: UNKNOWN
Communication Vectors: 
Commvector Blue Agent 0 Message: [0, 0, 0, 0, 0, 0, 0, 0]
Commvector Blue Agent 1 Message: [0, 0, 0, 0, 0, 0, 0, 0]
Commvector Blue Agent 2 Message: [0, 0, 0, 0, 0, 0, 0, 0]
Commvector Blue Agent 3 Message: [0, 0, 0, 0, 0, 0, 0, 0]

 Suspicious Activity Detected: None",Sleep,None,"Last action status is UNKNOWN, continuing to wait for action completion."
"# OBSERVATION

Mission Phase: 2
Last Action : Sleep
Last Action Status: UNKNOWN
Communication Vectors: 
Commvector Blue Agent 0 Message: [0, 0, 0, 0, 0, 0, 0, 0]
Commvector Blue Agent 1 Message: [0, 0, 0, 0, 0, 0, 0, 0]
Commvector Blue Agent 2 Message: [0, 0, 0, 0, 0, 0, 0, 0]
Commvector Blue Agent 3 Message: [0, 0, 0, 0, 0, 0, 0, 0]

 Suspicious Activity Detected: None",Sleep,None,"Last action status is unknown, waiting for ongoing actions to complete."
"# OBSERVATION

Mission Phase: 2
Last Action : Sleep
Last Action Status: UNKNOWN
Communication Vectors: 
Commvector Blue Agent 0 Message: [0, 0, 0, 0, 0, 0, 0, 0]
Commvector Blue Agent 1 Message: [0, 0, 0, 0, 0, 0, 0, 0]
Commvector Blue Agent 2 Message: [0, 0, 0, 0, 0, 0, 0, 1]
Commvector Blue Agent 3 Message: [0, 0, 0, 0, 0, 0, 0, 0]

 Suspicious Activity Detected: None",Sleep,None,"Last action status is UNKNOWN, indicating the previous action is still in progress."
"# OBSERVATION

Mission Phase: 2
Last Action : Sleep
Last Action Status: UNKNOWN
Communication Vectors: 
Commvector Blue Agent 0 Message: [0, 0, 0, 0, 0, 0, 0, 0]
Commvector Blue Agent 1 Message: [0, 0, 0, 0, 0, 0, 0, 0]
Commvector Blue Agent 2 Message: [0, 0, 0, 0, 0, 0, 0, 0]
Commvector Blue Agent 3 Message: [0, 0, 0, 0, 0, 0, 0, 1]

 Suspicious Activity Detected: None",Sleep,None,Last action is currently in progress and needs to be completed.
"# OBSERVATION

Mission Phase: 2
Last Action : Sleep
Last Action Status: UNKNOWN
Communication Vectors: 
Commvector Blue Agent 0 Message: [0, 0, 0, 0, 0, 0, 0, 0]
Commvector Blue Agent 1 Message: [0, 0, 0, 0, 0, 0, 0, 1]
Commvector Blue Agent 2 Message: [0, 0, 0, 0, 0, 0, 0, 1]
Commvector Blue Agent 3 Message: [0, 0, 0, 0, 0, 0, 0, 0]

 Suspicious Activity Detected: None",Sleep,None,Previous action is still IN_PROGRESS.
"# OBSERVATION

Mission Phase: 2
Last Action : Sleep
Last Action Status: UNKNOWN
Communication Vectors: 
Commvector Blue Agent 0 Message: [0, 0, 0, 0, 0, 0, 0, 0]
Commvector Blue Agent 1 Message: [0, 0, 0, 0, 0, 0, 0, 0]
Commvector Blue Agent 2 Message: [0, 0, 0, 0, 0, 0, 0, 0]
Commvector Blue Agent 3 Message: [0, 0, 0, 0, 0, 0, 0, 0]

 Suspicious Activity Detected: None",Sleep,None,"The last action status is unknown, indicating ongoing processes that require monitoring."
"# OBSERVATION

Mission Phase: 2
Last Action : Sleep
Last Action Status: UNKNOWN
Communication Vectors: 
Commvector Blue Agent 0 Message: [0, 0, 0, 0, 0, 0, 0, 0]
Commvector Blue Agent 1 Message: [0, 0, 0, 0, 0, 0, 0, 0]
Commvector Blue Agent 2 Message: [0, 0, 0, 0, 0, 0, 0, 1]
Commvector Blue Agent 3 Message: [0, 0, 0, 0, 0, 0, 0, 0]

 Suspicious Activity Detected: None",Sleep,None,The last action is currently in progress and needs to be completed before taking further action.
"# OBSERVATION

Mission Phase: 2
Last Action : Sleep
Last Action Status: UNKNOWN
Communication Vectors: 
Commvector Blue Agent 0 Message: [0, 0, 0, 0, 0, 0, 0, 0]
Commvector Blue Agent 1 Message: [0, 0, 0, 0, 0, 0, 0, 0]
Commvector Blue Agent 2 Message: [0, 0, 0, 0, 0, 0, 0, 1]
Commvector Blue Agent 3 Message: [0, 0, 0, 0, 0, 0, 0, 0]

 Suspicious Activity Detected: None",Sleep,None,"The last action is in an unknown status, indicating it is still in progress."
"# OBSERVATION

Mission Phase: 2
Last Action : Sleep
Last Action Status: UNKNOWN
Communication Vectors: 
Commvector Blue Agent 0 Message: [0, 0, 0, 0, 0, 0, 0, 0]
Commvector Blue Agent 1 Message: [0, 0, 0, 0, 0, 0, 0, 1]
Commvector Blue Agent 2 Message: [0, 0, 0, 0, 0, 0, 0, 0]
Commvector Blue Agent 3 Message: [0, 0, 0, 0, 0, 0, 0, 0]

 Suspicious Activity Detected: None",Sleep,None,The last action status is unknown and it is currently in progress.
"# OBSERVATION

Mission Phase: 2
Last Action : Sleep
Last Action Status: UNKNOWN
Communication Vectors: 
Commvector Blue Agent 0 Message: [0, 0, 0, 0, 0, 0, 0, 0]
Commvector Blue Agent 1 Message: [0, 0, 0, 0, 0, 0, 0, 0]
Commvector Blue Agent 2 Message: [0, 0, 0, 0, 0, 0, 0, 1]
Commvector Blue Agent 3 Message: [0, 0, 0, 0, 0, 0, 0, 1]

 Suspicious Activity Detected: None",Sleep,None,The last action is still in progress and requires additional time to complete.
"# OBSERVATION

Mission Phase: 2
Last Action : Sleep
Last Action Status: UNKNOWN
Communication Vectors: 
Commvector Blue Agent 0 Message: [0, 0, 0, 0, 0, 0, 0, 0]
Commvector Blue Agent 1 Message: [0, 0, 0, 0, 0, 0, 0, 1]
Commvector Blue Agent 2 Message: [0, 0, 0, 0, 0, 0, 0, 0]
Commvector Blue Agent 3 Message: [0, 0, 0, 0, 0, 0, 0, 1]

 Suspicious Activity Detected: None",Sleep,None,The last action is currently in progress and its status is unknown.
"# OBSERVATION

Mission Phase: 2
Last Action : Sleep
Last Action Status: TRUE
Communication Vectors: 
Commvector Blue Agent 0 Message: [0, 0, 0, 0, 0, 0, 0, 0]
Commvector Blue Agent 1 Message: [0, 0, 0, 0, 0, 0, 0, 0]
Commvector Blue Agent 2 Message: [0, 0, 0, 0, 0, 0, 0, 1]
Commvector Blue Agent 3 Message: [0, 0, 0, 1, 0, 1, 0, 0]

 Suspicious Activity Detected: None",Sleep,None,Last action was successful and there are no suspicious activities detected.
"# OBSERVATION

Mission Phase: 2
Last Action : Remove host:admin_network_subnet_user_host_7
Last Action Status: IN_PROGRESS
Communication Vectors: 
Commvector Blue Agent 0 Message: [0, 0, 0, 0, 0, 0, 0, 1]
Commvector Blue Agent 1 Message: [0, 0, 0, 0, 0, 0, 0, 1]
Commvector Blue Agent 2 Message: [0, 0, 0, 0, 0, 0, 0, 0]
Commvector Blue Agent 3 Message: [0, 0, 0, 0, 0, 0, 0, 1]

 Suspicious Activity Detected: None",Sleep,None,The last action is currently in progress and cannot be interrupted.
"# OBSERVATION

Mission Phase: 2
Last Action : Sleep
Last Action Status: UNKNOWN
Communication Vectors: 
Commvector Blue Agent 0 Message: [1, 0, 0, 0, 0, 1, 0, 0]
Commvector Blue Agent 1 Message: [0, 0, 0, 0, 0, 0, 0, 0]
Commvector Blue Agent 2 Message: [0, 0, 0, 0, 0, 0, 0, 1]
Commvector Blue Agent 3 Message: [0, 0, 0, 0, 0, 0, 0, 0]

Suspicious Activity Detected:
- Hostname: admin_network_subnet_user_host_7 | IP: 10.0.204.148",Remove,host:admin_network_subnet_user_host_7,A red agent has been detected on the host indicating a user-level compromise.
"# OBSERVATION

Mission Phase: 2
Last Action : Sleep
Last Action Status: UNKNOWN
Communication Vectors: 
Commvector Blue Agent 0 Message: [0, 0, 0, 0, 0, 0, 0, 0]
Commvector Blue Agent 1 Message: [0, 0, 0, 0, 0, 0, 0, 0]
Commvector Blue Agent 2 Message: [0, 0, 0, 0, 0, 0, 0, 0]
Commvector Blue Agent 3 Message: [0, 0, 0, 0, 0, 0, 0, 0]

 Suspicious Activity Detected: None",Sleep,None,Last action is currently in progress and its status is unknown.
"# OBSERVATION

Mission Phase: 2
Last Action : Sleep
Last Action Status: UNKNOWN
Communication Vectors: 
Commvector Blue Agent 0 Message: [0, 0, 0, 0, 0, 0, 0, 0]
Commvector Blue Agent 1 Message: [0, 0, 0, 0, 0, 0, 0, 1]
Commvector Blue Agent 2 Message: [0, 0, 0, 0, 0, 0, 0, 1]
Commvector Blue Agent 3 Message: [0, 0, 0, 0, 0, 0, 0, 0]

 Suspicious Activity Detected: None",Sleep,None,"The last action is in progress, and no further actions can be taken until it is completed."
"# OBSERVATION

Mission Phase: 2
Last Action : Sleep
Last Action Status: UNKNOWN
Communication Vectors: 
Commvector Blue Agent 0 Message: [0, 0, 0, 0, 0, 0, 0, 0]
Commvector Blue Agent 1 Message: [0, 0, 0, 0, 0, 0, 0, 1]
Commvector Blue Agent 2 Message: [0, 0, 0, 0, 0, 0, 0, 0]
Commvector Blue Agent 3 Message: [0, 0, 0, 0, 0, 0, 0, 0]

 Suspicious Activity Detected: None",Sleep,None,The last action is still in progress and requires waiting.
"# OBSERVATION

Mission Phase: 2
Last Action : Sleep
Last Action Status: UNKNOWN
Communication Vectors: 
Commvector Blue Agent 0 Message: [0, 0, 0, 0, 0, 0, 0, 0]
Commvector Blue Agent 1 Message: [0, 0, 0, 0, 0, 0, 0, 0]
Commvector Blue Agent 2 Message: [0, 0, 1, 0, 0, 1, 0, 1]
Commvector Blue Agent 3 Message: [0, 0, 0, 0, 0, 0, 0, 1]

 Suspicious Activity Detected: None",Sleep,None,Last action is in progress and cannot proceed further.
"# OBSERVATION

Mission Phase: 2
Last Action : Sleep
Last Action Status: UNKNOWN
Communication Vectors: 
Commvector Blue Agent 0 Message: [0, 0, 0, 0, 0, 0, 0, 0]
Commvector Blue Agent 1 Message: [0, 0, 0, 0, 0, 0, 0, 0]
Commvector Blue Agent 2 Message: [0, 0, 0, 0, 0, 0, 0, 0]
Commvector Blue Agent 3 Message: [0, 0, 0, 0, 0, 0, 0, 0]

 Suspicious Activity Detected: None",Sleep,None,The last action is still in progress and we need to wait for its completion.
"# OBSERVATION

Mission Phase: 2
Last Action : Sleep
Last Action Status: UNKNOWN
Communication Vectors: 
Commvector Blue Agent 0 Message: [0, 0, 0, 0, 0, 0, 0, 0]
Commvector Blue Agent 1 Message: [0, 0, 0, 0, 0, 0, 0, 0]
Commvector Blue Agent 2 Message: [0, 0, 0, 0, 0, 0, 0, 1]
Commvector Blue Agent 3 Message: [0, 0, 0, 0, 0, 0, 0, 1]

 Suspicious Activity Detected: None",Sleep,None,The last action is still in progress and requires waiting for completion.
"# OBSERVATION

Mission Phase: 2
Last Action : Analyse host:admin_network_subnet_user_host_0
Last Action Status: IN_PROGRESS
Communication Vectors: 
Commvector Blue Agent 0 Message: [0, 0, 0, 0, 0, 0, 0, 0]
Commvector Blue Agent 1 Message: [0, 0, 0, 0, 0, 0, 0, 1]
Commvector Blue Agent 2 Message: [0, 0, 0, 0, 0, 0, 0, 0]
Commvector Blue Agent 3 Message: [0, 0, 0, 0, 0, 0, 0, 0]

 Suspicious Activity Detected: None",Sleep,None,"The last action of analyzing the host is still in progress, so I will wait."
"# OBSERVATION

Mission Phase: 2
Last Action : Sleep
Last Action Status: UNKNOWN
Communication Vectors: 
Commvector Blue Agent 0 Message: [0, 0, 0, 0, 0, 0, 0, 0]
Commvector Blue Agent 1 Message: [0, 0, 0, 0, 0, 0, 0, 0]
Commvector Blue Agent 2 Message: [0, 0, 0, 0, 0, 0, 0, 1]
Commvector Blue Agent 3 Message: [0, 0, 0, 0, 0, 0, 0, 0]

Suspicious Activity Detected:
- Hostname: admin_network_subnet_user_host_0 | IP: 10.0.204.94",Analyse,host:admin_network_subnet_user_host_0,"Suspicious activity detected on the host, requiring further investigation."
"# OBSERVATION

Mission Phase: 2
Last Action : Sleep
Last Action Status: UNKNOWN
Communication Vectors: 
Commvector Blue Agent 0 Message: [0, 0, 0, 0, 0, 0, 0, 0]
Commvector Blue Agent 1 Message: [0, 0, 0, 0, 0, 0, 0, 0]
Commvector Blue Agent 2 Message: [0, 0, 0, 0, 0, 0, 0, 0]
Commvector Blue Agent 3 Message: [0, 0, 0, 0, 0, 0, 0, 0]

 Suspicious Activity Detected: None",Sleep,None,"Previous action status is unknown, continuing to wait for completion."
"# OBSERVATION

Mission Phase: 2
Last Action : Sleep
Last Action Status: UNKNOWN
Communication Vectors: 
Commvector Blue Agent 0 Message: [0, 0, 0, 0, 0, 0, 0, 0]
Commvector Blue Agent 1 Message: [0, 0, 0, 0, 0, 0, 0, 0]
Commvector Blue Agent 2 Message: [0, 0, 0, 0, 0, 0, 0, 1]
Commvector Blue Agent 3 Message: [0, 0, 0, 0, 0, 0, 0, 1]

 Suspicious Activity Detected: None",Sleep,None,"The last action is still in progress, so waiting is necessary."
"# OBSERVATION

Mission Phase: 2
Last Action : Sleep
Last Action Status: UNKNOWN
Communication Vectors: 
Commvector Blue Agent 0 Message: [0, 0, 0, 0, 0, 0, 0, 0]
Commvector Blue Agent 1 Message: [0, 0, 0, 0, 0, 0, 0, 0]
Commvector Blue Agent 2 Message: [0, 0, 0, 0, 0, 0, 0, 0]
Commvector Blue Agent 3 Message: [0, 0, 0, 0, 0, 0, 0, 0]

 Suspicious Activity Detected: None",Sleep,None,"The last action is still in progress, so I will wait."
"# OBSERVATION

Mission Phase: 2
Last Action : Sleep
Last Action Status: UNKNOWN
Communication Vectors: 
Commvector Blue Agent 0 Message: [0, 0, 0, 0, 0, 0, 0, 0]
Commvector Blue Agent 1 Message: [0, 0, 0, 0, 0, 0, 0, 0]
Commvector Blue Agent 2 Message: [0, 0, 0, 0, 0, 0, 0, 1]
Commvector Blue Agent 3 Message: [0, 0, 0, 0, 0, 0, 0, 1]

 Suspicious Activity Detected: None",Sleep,None,"Last action status is UNKNOWN, ensure previous action completes before taking further action."
"# OBSERVATION

Mission Phase: 2
Last Action : Sleep
Last Action Status: UNKNOWN
Communication Vectors: 
Commvector Blue Agent 0 Message: [0, 0, 0, 0, 0, 0, 0, 0]
Commvector Blue Agent 1 Message: [0, 0, 0, 0, 0, 0, 0, 0]
Commvector Blue Agent 2 Message: [0, 0, 0, 0, 0, 0, 0, 0]
Commvector Blue Agent 3 Message: [0, 0, 0, 0, 0, 0, 0, 0]

 Suspicious Activity Detected: None",Sleep,None,The last action is still in progress and we should wait for its completion.
"# OBSERVATION

Mission Phase: 2
Last Action : Analyse host:admin_network_subnet_server_host_2
Last Action Status: IN_PROGRESS
Communication Vectors: 
Commvector Blue Agent 0 Message: [0, 0, 0, 0, 0, 0, 0, 0]
Commvector Blue Agent 1 Message: [0, 0, 0, 0, 0, 0, 0, 1]
Commvector Blue Agent 2 Message: [0, 0, 0, 0, 0, 0, 0, 0]
Commvector Blue Agent 3 Message: [0, 0, 0, 0, 0, 0, 0, 1]

 Suspicious Activity Detected: None",Sleep,None,The last action is still in progress and cannot be interrupted.
"# OBSERVATION

Mission Phase: 2
Last Action : Sleep
Last Action Status: UNKNOWN
Communication Vectors: 
Commvector Blue Agent 0 Message: [1, 0, 0, 0, 0, 1, 0, 0]
Commvector Blue Agent 1 Message: [0, 0, 0, 0, 0, 0, 0, 0]
Commvector Blue Agent 2 Message: [0, 0, 0, 0, 0, 0, 0, 1]
Commvector Blue Agent 3 Message: [0, 0, 0, 0, 0, 0, 0, 0]

Suspicious Activity Detected:
- Hostname: admin_network_subnet_server_host_2 | IP: 10.0.216.63 | INFO: Connection to 10.0.204.252 | INFO: Connection to 10.0.204.252",Analyse,host:admin_network_subnet_server_host_2,Further investigation is needed due to suspicious connection activity detected on the host.
"# OBSERVATION

Mission Phase: 2
Last Action : Sleep
Last Action Status: UNKNOWN
Communication Vectors: 
Commvector Blue Agent 0 Message: [0, 0, 0, 0, 0, 0, 0, 0]
Commvector Blue Agent 1 Message: [0, 0, 0, 0, 0, 0, 0, 0]
Commvector Blue Agent 2 Message: [0, 0, 0, 0, 0, 0, 0, 0]
Commvector Blue Agent 3 Message: [0, 0, 0, 0, 0, 0, 0, 0]

 Suspicious Activity Detected: None",Sleep,None,The last action is currently IN_PROGRESS and needs to be awaited.
"# OBSERVATION

Mission Phase: 2
Last Action : Sleep
Last Action Status: UNKNOWN
Communication Vectors: 
Commvector Blue Agent 0 Message: [0, 0, 0, 0, 0, 0, 0, 0]
Commvector Blue Agent 1 Message: [0, 0, 0, 0, 0, 0, 0, 1]
Commvector Blue Agent 2 Message: [0, 0, 0, 0, 0, 0, 0, 1]
Commvector Blue Agent 3 Message: [0, 0, 0, 0, 0, 0, 0, 1]

 Suspicious Activity Detected: None",Sleep,None,"Last action status is UNKNOWN, indicating ongoing processes that require monitoring."
"# OBSERVATION

Mission Phase: 2
Last Action : Sleep
Last Action Status: UNKNOWN
Communication Vectors: 
Commvector Blue Agent 0 Message: [0, 0, 0, 0, 0, 0, 0, 0]
Commvector Blue Agent 1 Message: [0, 0, 0, 0, 0, 0, 0, 1]
Commvector Blue Agent 2 Message: [0, 0, 0, 0, 0, 0, 0, 0]
Commvector Blue Agent 3 Message: [0, 0, 0, 0, 0, 0, 0, 0]

 Suspicious Activity Detected: None",Sleep,None,Last action is currently in progress and its status is unknown.
"# OBSERVATION

Mission Phase: 2
Last Action : Sleep
Last Action Status: UNKNOWN
Communication Vectors: 
Commvector Blue Agent 0 Message: [0, 0, 0, 0, 0, 0, 0, 0]
Commvector Blue Agent 1 Message: [0, 0, 0, 0, 0, 0, 0, 0]
Commvector Blue Agent 2 Message: [0, 0, 0, 0, 0, 0, 0, 1]
Commvector Blue Agent 3 Message: [0, 0, 0, 0, 0, 0, 0, 1]

 Suspicious Activity Detected: None",Sleep,None,"The last action is still in progress, so no new action is needed."
"# OBSERVATION

Mission Phase: 2
Last Action : Sleep
Last Action Status: UNKNOWN
Communication Vectors: 
Commvector Blue Agent 0 Message: [0, 0, 0, 0, 0, 0, 0, 0]
Commvector Blue Agent 1 Message: [0, 0, 0, 0, 0, 0, 0, 1]
Commvector Blue Agent 2 Message: [0, 0, 0, 0, 0, 0, 0, 0]
Commvector Blue Agent 3 Message: [0, 0, 0, 0, 0, 0, 0, 0]

 Suspicious Activity Detected: None",Sleep,None,"The last action is in progress, and we need to wait for its completion."
"# OBSERVATION

Mission Phase: 2
Last Action : Sleep
Last Action Status: UNKNOWN
Communication Vectors: 
Commvector Blue Agent 0 Message: [0, 0, 0, 0, 0, 0, 0, 0]
Commvector Blue Agent 1 Message: [0, 0, 0, 0, 0, 0, 0, 0]
Commvector Blue Agent 2 Message: [0, 0, 0, 0, 0, 0, 0, 1]
Commvector Blue Agent 3 Message: [0, 0, 0, 0, 0, 0, 0, 1]

 Suspicious Activity Detected: None",Sleep,None,"The last action is in progress, and no suspicious activity detected."
"# OBSERVATION

Mission Phase: 2
Last Action : Sleep
Last Action Status: UNKNOWN
Communication Vectors: 
Commvector Blue Agent 0 Message: [0, 0, 0, 0, 0, 0, 0, 0]
Commvector Blue Agent 1 Message: [0, 0, 0, 0, 0, 0, 0, 1]
Commvector Blue Agent 2 Message: [0, 0, 0, 0, 0, 0, 0, 0]
Commvector Blue Agent 3 Message: [0, 0, 0, 0, 0, 0, 0, 0]

 Suspicious Activity Detected: None",Sleep,None,"The last action was executed and its status is UNKNOWN, indicating ongoing processes."
"# OBSERVATION

Mission Phase: 2
Last Action : Sleep
Last Action Status: UNKNOWN
Communication Vectors: 
Commvector Blue Agent 0 Message: [0, 0, 0, 0, 0, 0, 0, 0]
Commvector Blue Agent 1 Message: [0, 0, 0, 0, 0, 0, 0, 0]
Commvector Blue Agent 2 Message: [0, 0, 0, 0, 0, 0, 0, 0]
Commvector Blue Agent 3 Message: [0, 0, 0, 0, 0, 0, 0, 1]

 Suspicious Activity Detected: None",Sleep,None,Last action is currently in progress and its status is unknown.
"# OBSERVATION

Mission Phase: 2
Last Action : Sleep
Last Action Status: UNKNOWN
Communication Vectors: 
Commvector Blue Agent 0 Message: [0, 0, 0, 0, 0, 0, 0, 0]
Commvector Blue Agent 1 Message: [0, 0, 0, 0, 0, 0, 0, 1]
Commvector Blue Agent 2 Message: [0, 0, 0, 0, 0, 0, 0, 1]
Commvector Blue Agent 3 Message: [0, 0, 0, 0, 0, 0, 0, 0]

 Suspicious Activity Detected: None",Sleep,None,The last action is in progress and its status is unknown.
"# OBSERVATION

Mission Phase: 2
Last Action : Sleep
Last Action Status: UNKNOWN
Communication Vectors: 
Commvector Blue Agent 0 Message: [0, 0, 0, 0, 0, 0, 0, 1]
Commvector Blue Agent 1 Message: [0, 0, 0, 0, 0, 0, 0, 1]
Commvector Blue Agent 2 Message: [0, 0, 0, 0, 0, 0, 0, 0]
Commvector Blue Agent 3 Message: [0, 0, 0, 0, 0, 0, 0, 1]

 Suspicious Activity Detected: None",Sleep,None,"The last action is in progress, and I need to wait until it completes."
"# OBSERVATION

Mission Phase: 2
Last Action : Sleep
Last Action Status: UNKNOWN
Communication Vectors: 
Commvector Blue Agent 0 Message: [0, 0, 0, 0, 0, 0, 0, 1]
Commvector Blue Agent 1 Message: [0, 0, 0, 0, 0, 0, 0, 0]
Commvector Blue Agent 2 Message: [0, 0, 0, 0, 0, 0, 0, 1]
Commvector Blue Agent 3 Message: [0, 0, 0, 0, 0, 0, 0, 0]

 Suspicious Activity Detected: None",Sleep,None,"Last action is in progress and status is unknown, waiting for action to complete."
"# OBSERVATION

Mission Phase: 2
Last Action : Sleep
Last Action Status: UNKNOWN
Communication Vectors: 
Commvector Blue Agent 0 Message: [1, 0, 0, 0, 0, 1, 0, 0]
Commvector Blue Agent 1 Message: [0, 0, 0, 0, 0, 0, 0, 1]
Commvector Blue Agent 2 Message: [0, 0, 0, 0, 0, 0, 0, 1]
Commvector Blue Agent 3 Message: [0, 0, 0, 0, 0, 0, 0, 0]

 Suspicious Activity Detected: None",Sleep,None,"The last action is still in progress, and further actions cannot be taken until completion."
"# OBSERVATION

Mission Phase: 2
Last Action : Sleep
Last Action Status: UNKNOWN
Communication Vectors: 
Commvector Blue Agent 0 Message: [0, 0, 0, 0, 0, 0, 0, 0]
Commvector Blue Agent 1 Message: [0, 0, 0, 0, 0, 0, 0, 0]
Commvector Blue Agent 2 Message: [0, 0, 0, 0, 0, 0, 0, 0]
Commvector Blue Agent 3 Message: [0, 0, 0, 1, 0, 1, 0, 1]

 Suspicious Activity Detected: None",Sleep,None,The last action is still in progress and requires no immediate follow-up action.
"# OBSERVATION

Mission Phase: 2
Last Action : Sleep
Last Action Status: UNKNOWN
Communication Vectors: 
Commvector Blue Agent 0 Message: [0, 0, 0, 0, 0, 0, 0, 0]
Commvector Blue Agent 1 Message: [0, 0, 0, 0, 0, 0, 0, 0]
Commvector Blue Agent 2 Message: [0, 0, 0, 0, 0, 0, 0, 1]
Commvector Blue Agent 3 Message: [0, 0, 0, 0, 0, 0, 0, 0]

 Suspicious Activity Detected: None",Sleep,None,"Last action is currently in progress, waiting for completion."
"# OBSERVATION

Mission Phase: 2
Last Action : Sleep
Last Action Status: UNKNOWN
Communication Vectors: 
Commvector Blue Agent 0 Message: [0, 0, 0, 0, 0, 0, 0, 1]
Commvector Blue Agent 1 Message: [0, 0, 0, 0, 0, 0, 0, 0]
Commvector Blue Agent 2 Message: [0, 0, 0, 0, 0, 0, 0, 0]
Commvector Blue Agent 3 Message: [0, 0, 0, 0, 0, 0, 0, 1]

 Suspicious Activity Detected: None",Sleep,None,The last action is still in progress and cannot be interrupted.
"# OBSERVATION

Mission Phase: 2
Last Action : Sleep
Last Action Status: UNKNOWN
Communication Vectors: 
Commvector Blue Agent 0 Message: [0, 0, 0, 0, 0, 0, 0, 0]
Commvector Blue Agent 1 Message: [0, 0, 0, 0, 0, 0, 0, 0]
Commvector Blue Agent 2 Message: [0, 0, 0, 0, 0, 0, 0, 1]
Commvector Blue Agent 3 Message: [0, 0, 0, 0, 0, 0, 0, 0]

 Suspicious Activity Detected: None",Sleep,None,Last action is in progress and status is unknown.
"# OBSERVATION

Mission Phase: 2
Last Action : Sleep
Last Action Status: UNKNOWN
Communication Vectors: 
Commvector Blue Agent 0 Message: [0, 0, 0, 0, 0, 0, 0, 1]
Commvector Blue Agent 1 Message: [0, 0, 0, 0, 0, 0, 0, 0]
Commvector Blue Agent 2 Message: [0, 0, 0, 0, 0, 0, 0, 0]
Commvector Blue Agent 3 Message: [0, 0, 0, 1, 0, 1, 0, 1]

 Suspicious Activity Detected: None",Sleep,None,"The last action is still in progress, and it's necessary to wait before taking further action."
"# OBSERVATION

Mission Phase: 2
Last Action : Analyse host:office_network_subnet_user_host_5
Last Action Status: IN_PROGRESS
Communication Vectors: 
Commvector Blue Agent 0 Message: [0, 0, 0, 0, 0, 0, 0, 0]
Commvector Blue Agent 1 Message: [0, 0, 0, 0, 0, 0, 0, 0]
Commvector Blue Agent 2 Message: [0, 0, 0, 0, 0, 0, 0, 0]
Commvector Blue Agent 3 Message: [0, 0, 0, 0, 0, 0, 0, 0]

 Suspicious Activity Detected: None",Sleep,None,"The last action is still in progress, so no further actions can be executed at the moment."
"# OBSERVATION

Mission Phase: 2
Last Action : Sleep
Last Action Status: UNKNOWN
Communication Vectors: 
Commvector Blue Agent 0 Message: [0, 0, 0, 0, 0, 0, 0, 1]
Commvector Blue Agent 1 Message: [0, 0, 0, 0, 0, 0, 0, 0]
Commvector Blue Agent 2 Message: [0, 0, 0, 0, 0, 0, 0, 1]
Commvector Blue Agent 3 Message: [0, 0, 0, 0, 0, 0, 0, 0]

Suspicious Activity Detected:
- Hostname: office_network_subnet_user_host_5 | IP: 10.0.64.9",Analyse,host:office_network_subnet_user_host_5,"Suspicious activity detected on the host, indicating potential red agent presence."
"# OBSERVATION

Mission Phase: 2
Last Action : Sleep
Last Action Status: UNKNOWN
Communication Vectors: 
Commvector Blue Agent 0 Message: [0, 0, 0, 0, 0, 0, 0, 0]
Commvector Blue Agent 1 Message: [0, 0, 0, 0, 0, 0, 0, 0]
Commvector Blue Agent 2 Message: [0, 0, 0, 0, 0, 0, 0, 0]
Commvector Blue Agent 3 Message: [0, 0, 0, 0, 0, 0, 0, 1]

 Suspicious Activity Detected: None",Sleep,None,The last action is in progress and its status is unknown.
"# OBSERVATION

Mission Phase: 2
Last Action : Sleep
Last Action Status: UNKNOWN
Communication Vectors: 
Commvector Blue Agent 0 Message: [0, 0, 0, 0, 0, 0, 0, 1]
Commvector Blue Agent 1 Message: [0, 0, 0, 0, 0, 0, 0, 0]
Commvector Blue Agent 2 Message: [0, 0, 0, 0, 0, 0, 0, 1]
Commvector Blue Agent 3 Message: [0, 0, 0, 0, 0, 0, 0, 0]

 Suspicious Activity Detected: None",Sleep,None,Last action is still in progress and its status is unknown.
"# OBSERVATION

Mission Phase: 2
Last Action : Sleep
Last Action Status: UNKNOWN
Communication Vectors: 
Commvector Blue Agent 0 Message: [0, 0, 0, 0, 0, 0, 0, 0]
Commvector Blue Agent 1 Message: [0, 0, 0, 0, 0, 0, 0, 0]
Commvector Blue Agent 2 Message: [0, 0, 0, 0, 0, 0, 0, 0]
Commvector Blue Agent 3 Message: [0, 0, 0, 0, 0, 0, 0, 1]

 Suspicious Activity Detected: None",Sleep,None,"The last action status is UNKNOWN, indicating that action processing is still ongoing."
"# OBSERVATION

Mission Phase: 2
Last Action : Sleep
Last Action Status: UNKNOWN
Communication Vectors: 
Commvector Blue Agent 0 Message: [0, 0, 0, 0, 0, 0, 0, 1]
Commvector Blue Agent 1 Message: [0, 0, 0, 0, 0, 0, 0, 0]
Commvector Blue Agent 2 Message: [0, 0, 0, 0, 0, 0, 0, 1]
Commvector Blue Agent 3 Message: [0, 0, 0, 0, 0, 0, 0, 0]

 Suspicious Activity Detected: None",Sleep,None,The last action status is UNKNOWN and requires completion.
"# OBSERVATION

Mission Phase: 2
Last Action : Sleep
Last Action Status: UNKNOWN
Communication Vectors: 
Commvector Blue Agent 0 Message: [0, 0, 0, 0, 0, 0, 0, 1]
Commvector Blue Agent 1 Message: [0, 0, 0, 0, 0, 0, 0, 0]
Commvector Blue Agent 2 Message: [0, 0, 0, 0, 0, 0, 0, 0]
Commvector Blue Agent 3 Message: [0, 0, 0, 0, 0, 0, 0, 1]

 Suspicious Activity Detected: None",Sleep,None,The last action is still in progress and its success is unknown.
"# OBSERVATION

Mission Phase: 2
Last Action : Sleep
Last Action Status: UNKNOWN
Communication Vectors: 
Commvector Blue Agent 0 Message: [0, 0, 0, 0, 0, 0, 0, 0]
Commvector Blue Agent 1 Message: [0, 0, 0, 0, 0, 0, 0, 0]
Commvector Blue Agent 2 Message: [0, 0, 0, 0, 0, 0, 0, 1]
Commvector Blue Agent 3 Message: [0, 0, 0, 0, 0, 0, 0, 0]

 Suspicious Activity Detected: None",Sleep,None,"Last action is currently in progress, and no new suspicious activity has been detected."
"# OBSERVATION

Mission Phase: 2
Last Action : Sleep
Last Action Status: UNKNOWN
Communication Vectors: 
Commvector Blue Agent 0 Message: [0, 0, 0, 0, 0, 0, 0, 0]
Commvector Blue Agent 1 Message: [0, 0, 0, 0, 0, 0, 0, 0]
Commvector Blue Agent 2 Message: [0, 0, 0, 0, 0, 0, 0, 0]
Commvector Blue Agent 3 Message: [0, 0, 0, 0, 0, 0, 0, 1]

 Suspicious Activity Detected: None",Sleep,None,Last action is still in progress and cannot execute a new action yet.
"# OBSERVATION

Mission Phase: 2
Last Action : Sleep
Last Action Status: UNKNOWN
Communication Vectors: 
Commvector Blue Agent 0 Message: [0, 0, 0, 0, 0, 0, 0, 0]
Commvector Blue Agent 1 Message: [0, 0, 0, 0, 0, 0, 0, 0]
Commvector Blue Agent 2 Message: [0, 0, 0, 0, 0, 0, 0, 1]
Commvector Blue Agent 3 Message: [0, 0, 0, 0, 0, 0, 0, 0]

 Suspicious Activity Detected: None",Sleep,None,"The last action is in progress, and no suspicious activity has been detected."
"# OBSERVATION

Mission Phase: 2
Last Action : Sleep
Last Action Status: UNKNOWN
Communication Vectors: 
Commvector Blue Agent 0 Message: [0, 0, 0, 0, 0, 0, 0, 0]
Commvector Blue Agent 1 Message: [0, 0, 0, 0, 0, 0, 0, 0]
Commvector Blue Agent 2 Message: [0, 0, 0, 0, 0, 0, 0, 0]
Commvector Blue Agent 3 Message: [0, 0, 0, 0, 0, 0, 0, 1]

 Suspicious Activity Detected: None",Sleep,None,"Last action status is UNKNOWN, and the action is still in progress."
"# OBSERVATION

Mission Phase: 2
Last Action : Sleep
Last Action Status: UNKNOWN
Communication Vectors: 
Commvector Blue Agent 0 Message: [0, 0, 0, 0, 0, 0, 0, 0]
Commvector Blue Agent 1 Message: [0, 0, 0, 0, 0, 0, 0, 0]
Commvector Blue Agent 2 Message: [0, 0, 0, 0, 0, 0, 0, 1]
Commvector Blue Agent 3 Message: [0, 0, 0, 0, 0, 0, 0, 0]

 Suspicious Activity Detected: None",Sleep,None,Last action status is unknown and requires further monitoring.
"# OBSERVATION

Mission Phase: 2
Last Action : Sleep
Last Action Status: UNKNOWN
Communication Vectors: 
Commvector Blue Agent 0 Message: [0, 0, 0, 0, 0, 0, 0, 0]
Commvector Blue Agent 1 Message: [0, 0, 0, 0, 0, 0, 0, 0]
Commvector Blue Agent 2 Message: [0, 0, 0, 0, 0, 0, 0, 0]
Commvector Blue Agent 3 Message: [0, 0, 0, 0, 0, 0, 0, 0]

Suspicious Activity Detected:
- Hostname: admin_network_subnet_server_host_3 | IP: 10.0.204.148 | INFO: Connection to 10.0.204.251 | INFO: Connection to 10.0.204.251",Sleep,None,Last action is still in progress and needs to be completed before further actions can be taken.
"# OBSERVATION

Mission Phase: 2
Last Action : Sleep
Last Action Status: UNKNOWN
Communication Vectors: 
Commvector Blue Agent 0 Message: [0, 0, 0, 0, 0, 0, 0, 0]
Commvector Blue Agent 1 Message: [0, 0, 0, 0, 0, 0, 0, 0]
Commvector Blue Agent 2 Message: [0, 0, 0, 0, 0, 0, 0, 1]
Commvector Blue Agent 3 Message: [0, 0, 0, 0, 0, 0, 0, 0]

Suspicious Activity Detected:
- Hostname: public_access_zone_subnet_server_host_5 | IP: 10.0.125.159 | INFO: Connection to 10.0.125.248 | INFO: Connection to 10.0.125.248",Sleep,None,"Last action is in progress, waiting for completion before taking further action."
"# OBSERVATION

Mission Phase: 2
Last Action : Sleep
Last Action Status: UNKNOWN
Communication Vectors: 
Commvector Blue Agent 0 Message: [0, 0, 0, 0, 0, 0, 0, 0]
Commvector Blue Agent 1 Message: [0, 0, 0, 0, 0, 0, 0, 0]
Commvector Blue Agent 2 Message: [0, 0, 0, 0, 0, 0, 0, 0]
Commvector Blue Agent 3 Message: [0, 0, 0, 0, 0, 0, 0, 1]

 Suspicious Activity Detected: None",Sleep,None,"Last action is still in progress, waiting for completion."
"# OBSERVATION

Mission Phase: 2
Last Action : Sleep
Last Action Status: UNKNOWN
Communication Vectors: 
Commvector Blue Agent 0 Message: [0, 0, 0, 0, 0, 0, 0, 0]
Commvector Blue Agent 1 Message: [0, 0, 0, 0, 0, 0, 0, 0]
Commvector Blue Agent 2 Message: [0, 0, 0, 0, 0, 0, 0, 1]
Commvector Blue Agent 3 Message: [0, 0, 0, 0, 0, 0, 0, 0]

 Suspicious Activity Detected: None",Sleep,None,"Current action status is UNKNOWN, indicating the need to wait for the previous action to complete."
"# OBSERVATION

Mission Phase: 2
Last Action : Sleep
Last Action Status: UNKNOWN
Communication Vectors: 
Commvector Blue Agent 0 Message: [0, 0, 0, 0, 0, 0, 0, 0]
Commvector Blue Agent 1 Message: [0, 0, 0, 0, 0, 0, 0, 1]
Commvector Blue Agent 2 Message: [0, 0, 0, 0, 0, 0, 0, 0]
Commvector Blue Agent 3 Message: [0, 0, 0, 0, 0, 0, 0, 1]

 Suspicious Activity Detected: None",Sleep,None,"The last action is in progress, and further action cannot be taken until it's completed."
"# OBSERVATION

Mission Phase: 2
Last Action : Sleep
Last Action Status: UNKNOWN
Communication Vectors: 
Commvector Blue Agent 0 Message: [1, 0, 0, 0, 0, 1, 0, 0]
Commvector Blue Agent 1 Message: [0, 0, 0, 0, 0, 0, 0, 0]
Commvector Blue Agent 2 Message: [0, 0, 0, 0, 0, 0, 0, 1]
Commvector Blue Agent 3 Message: [0, 0, 0, 0, 0, 0, 0, 0]

 Suspicious Activity Detected: None",Sleep,None,"The last action is still in progress, and further actions cannot be executed until it's completed."
"# OBSERVATION

Mission Phase: 2
Last Action : Sleep
Last Action Status: UNKNOWN
Communication Vectors: 
Commvector Blue Agent 0 Message: [1, 0, 0, 0, 0, 1, 0, 0]
Commvector Blue Agent 1 Message: [0, 0, 0, 0, 0, 0, 0, 0]
Commvector Blue Agent 2 Message: [0, 0, 0, 0, 0, 0, 0, 0]
Commvector Blue Agent 3 Message: [0, 0, 0, 0, 0, 0, 0, 0]

 Suspicious Activity Detected: None",Sleep,None,"The last action status is unknown, and no further action can be determined without additional analysis."
"# OBSERVATION

Mission Phase: 2
Last Action : Sleep
Last Action Status: UNKNOWN
Communication Vectors: 
Commvector Blue Agent 0 Message: [0, 0, 0, 0, 0, 0, 0, 0]
Commvector Blue Agent 1 Message: [0, 0, 0, 0, 0, 0, 0, 1]
Commvector Blue Agent 2 Message: [0, 0, 0, 0, 0, 0, 0, 1]
Commvector Blue Agent 3 Message: [0, 0, 0, 0, 0, 0, 0, 0]

Suspicious Activity Detected:
- Hostname: office_network_subnet_server_host_1 | IP: 10.0.64.9 | INFO: Connection to 10.0.64.253 | INFO: Connection to 10.0.64.253",Sleep,None,Last action status is unknown and needs to be confirmed before further actions can be taken.
"# OBSERVATION

Mission Phase: 2
Last Action : Sleep
Last Action Status: UNKNOWN
Communication Vectors: 
Commvector Blue Agent 0 Message: [0, 0, 0, 0, 0, 0, 0, 1]
Commvector Blue Agent 1 Message: [0, 0, 0, 0, 0, 0, 0, 0]
Commvector Blue Agent 2 Message: [0, 0, 0, 0, 0, 0, 0, 1]
Commvector Blue Agent 3 Message: [0, 0, 0, 0, 0, 0, 0, 0]

 Suspicious Activity Detected: None",Sleep,None,Last action status is UNKNOWN and requires no further immediate actions.
"# OBSERVATION

Mission Phase: 2
Last Action : Sleep
Last Action Status: UNKNOWN
Communication Vectors: 
Commvector Blue Agent 0 Message: [0, 0, 0, 0, 0, 0, 0, 0]
Commvector Blue Agent 1 Message: [0, 0, 0, 0, 0, 0, 0, 0]
Commvector Blue Agent 2 Message: [0, 0, 0, 0, 0, 0, 0, 0]
Commvector Blue Agent 3 Message: [0, 0, 0, 0, 0, 0, 0, 1]

 Suspicious Activity Detected: None",Sleep,None,"The last action status is unknown, indicating that an action is currently in progress."
"# OBSERVATION

Mission Phase: 2
Last Action : Sleep
Last Action Status: UNKNOWN
Communication Vectors: 
Commvector Blue Agent 0 Message: [0, 0, 0, 0, 0, 0, 0, 0]
Commvector Blue Agent 1 Message: [0, 0, 0, 0, 0, 0, 0, 0]
Commvector Blue Agent 2 Message: [0, 0, 0, 0, 0, 0, 0, 1]
Commvector Blue Agent 3 Message: [0, 0, 0, 0, 0, 0, 0, 0]

 Suspicious Activity Detected: None",Sleep,None,"The last action status is UNKNOWN, indicating that the previous action is still in progress."
"# OBSERVATION

Mission Phase: 2
Last Action : Sleep
Last Action Status: UNKNOWN
Communication Vectors: 
Commvector Blue Agent 0 Message: [0, 0, 0, 0, 0, 0, 0, 0]
Commvector Blue Agent 1 Message: [0, 0, 0, 0, 0, 0, 0, 0]
Commvector Blue Agent 2 Message: [0, 0, 0, 0, 0, 0, 0, 1]
Commvector Blue Agent 3 Message: [0, 0, 0, 0, 0, 0, 0, 0]

 Suspicious Activity Detected: None",Sleep,None,"Previous action is still in progress, cannot take further action."
"# OBSERVATION

Mission Phase: 2
Last Action : Sleep
Last Action Status: UNKNOWN
Communication Vectors: 
Commvector Blue Agent 0 Message: [0, 0, 0, 0, 0, 0, 0, 0]
Commvector Blue Agent 1 Message: [0, 0, 0, 0, 0, 0, 0, 0]
Commvector Blue Agent 2 Message: [0, 0, 0, 0, 0, 0, 0, 0]
Commvector Blue Agent 3 Message: [0, 0, 0, 0, 0, 0, 0, 1]

 Suspicious Activity Detected: None",Sleep,None,"The last action is still in progress, so I will wait for its completion."
"# OBSERVATION

Mission Phase: 2
Last Action : Analyse host:office_network_subnet_user_host_8
Last Action Status: IN_PROGRESS
Communication Vectors: 
Commvector Blue Agent 0 Message: [0, 0, 0, 0, 0, 0, 0, 0]
Commvector Blue Agent 1 Message: [0, 0, 0, 0, 0, 0, 0, 1]
Commvector Blue Agent 2 Message: [0, 0, 0, 0, 0, 0, 0, 1]
Commvector Blue Agent 3 Message: [0, 0, 0, 0, 0, 0, 0, 0]

 Suspicious Activity Detected: None",Sleep,None,The last action is still in progress.
"# OBSERVATION

Mission Phase: 2
Last Action : Sleep
Last Action Status: UNKNOWN
Communication Vectors: 
Commvector Blue Agent 0 Message: [0, 0, 0, 0, 0, 0, 0, 0]
Commvector Blue Agent 1 Message: [0, 0, 0, 0, 0, 0, 0, 0]
Commvector Blue Agent 2 Message: [0, 0, 0, 0, 0, 0, 0, 0]
Commvector Blue Agent 3 Message: [0, 0, 0, 0, 0, 0, 0, 0]

Suspicious Activity Detected:
- Hostname: office_network_subnet_user_host_8 | IP: 10.0.64.220",Analyse,host:office_network_subnet_user_host_8,"Suspicious activity detected on the host, requiring further investigation."
"# OBSERVATION

Mission Phase: 2
Last Action : Sleep
Last Action Status: UNKNOWN
Communication Vectors: 
Commvector Blue Agent 0 Message: [0, 0, 0, 0, 0, 0, 0, 0]
Commvector Blue Agent 1 Message: [0, 0, 0, 0, 0, 0, 0, 0]
Commvector Blue Agent 2 Message: [0, 0, 0, 0, 0, 0, 0, 1]
Commvector Blue Agent 3 Message: [0, 0, 0, 0, 0, 0, 0, 1]

 Suspicious Activity Detected: None",Sleep,None,"Last action status is UNKNOWN, indicating action is still in progress."
"# OBSERVATION

Mission Phase: 2
Last Action : Sleep
Last Action Status: UNKNOWN
Communication Vectors: 
Commvector Blue Agent 0 Message: [1, 0, 0, 0, 0, 1, 0, 1]
Commvector Blue Agent 1 Message: [0, 0, 0, 0, 0, 0, 0, 0]
Commvector Blue Agent 2 Message: [0, 0, 0, 0, 0, 0, 0, 0]
Commvector Blue Agent 3 Message: [0, 0, 0, 0, 0, 0, 0, 0]

 Suspicious Activity Detected: None",Sleep,None,"Previous action status is UNKNOWN, indicating that an action is still in progress."
"# OBSERVATION

Mission Phase: 2
Last Action : Sleep
Last Action Status: UNKNOWN
Communication Vectors: 
Commvector Blue Agent 0 Message: [0, 0, 0, 0, 0, 0, 0, 0]
Commvector Blue Agent 1 Message: [0, 0, 0, 0, 0, 0, 0, 0]
Commvector Blue Agent 2 Message: [0, 0, 0, 0, 0, 0, 0, 1]
Commvector Blue Agent 3 Message: [0, 0, 0, 0, 0, 0, 0, 0]

 Suspicious Activity Detected: None",Sleep,None,"Last action status is UNKNOWN, indicating the previous action is still in progress."
"# OBSERVATION

Mission Phase: 2
Last Action : Sleep
Last Action Status: UNKNOWN
Communication Vectors: 
Commvector Blue Agent 0 Message: [0, 0, 0, 0, 0, 0, 0, 0]
Commvector Blue Agent 1 Message: [0, 0, 0, 0, 0, 0, 0, 1]
Commvector Blue Agent 2 Message: [0, 0, 0, 0, 0, 0, 0, 0]
Commvector Blue Agent 3 Message: [0, 0, 0, 0, 0, 0, 0, 0]

 Suspicious Activity Detected: None",Sleep,None,"The last action status is UNKNOWN, indicating that an action is already in progress."
"# OBSERVATION

Mission Phase: 2
Last Action : Sleep
Last Action Status: UNKNOWN
Communication Vectors: 
Commvector Blue Agent 0 Message: [0, 0, 0, 0, 0, 0, 0, 0]
Commvector Blue Agent 1 Message: [0, 0, 0, 0, 0, 0, 0, 0]
Commvector Blue Agent 2 Message: [0, 0, 0, 0, 0, 0, 0, 1]
Commvector Blue Agent 3 Message: [0, 0, 0, 0, 0, 0, 0, 0]

 Suspicious Activity Detected: None",Sleep,None,"Last action status is UNKNOWN, indicating that an action is already in progress."
"# OBSERVATION

Mission Phase: 2
Last Action : Analyse host:public_access_zone_subnet_user_host_4
Last Action Status: IN_PROGRESS
Communication Vectors: 
Commvector Blue Agent 0 Message: [0, 0, 0, 0, 0, 0, 0, 0]
Commvector Blue Agent 1 Message: [0, 0, 0, 0, 0, 0, 0, 1]
Commvector Blue Agent 2 Message: [0, 0, 0, 0, 0, 0, 0, 0]
Commvector Blue Agent 3 Message: [0, 0, 0, 0, 0, 0, 0, 0]

 Suspicious Activity Detected: None",Sleep,None,"The previous action is still in progress, and further action cannot be taken until it completes."
"# OBSERVATION

Mission Phase: 2
Last Action : Sleep
Last Action Status: UNKNOWN
Communication Vectors: 
Commvector Blue Agent 0 Message: [0, 0, 0, 0, 0, 0, 0, 0]
Commvector Blue Agent 1 Message: [0, 0, 0, 0, 0, 0, 0, 0]
Commvector Blue Agent 2 Message: [0, 0, 0, 0, 0, 0, 0, 0]
Commvector Blue Agent 3 Message: [0, 0, 0, 0, 0, 0, 0, 1]

Suspicious Activity Detected:
- Hostname: public_access_zone_subnet_user_host_4 | IP: 10.0.125.249",Analyse,host:public_access_zone_subnet_user_host_4,"Suspicious activity detected on host, need to gather more information about potential red agent presence."
"# OBSERVATION

Mission Phase: 2
Last Action : Sleep
Last Action Status: UNKNOWN
Communication Vectors: 
Commvector Blue Agent 0 Message: [0, 0, 0, 0, 0, 0, 0, 0]
Commvector Blue Agent 1 Message: [0, 0, 0, 0, 0, 0, 0, 0]
Commvector Blue Agent 2 Message: [0, 0, 0, 0, 0, 0, 0, 0]
Commvector Blue Agent 3 Message: [0, 0, 0, 1, 0, 1, 0, 0]

 Suspicious Activity Detected: None",Sleep,None,The last action status is unknown and it is still in progress.
"# OBSERVATION

Mission Phase: 2
Last Action : Sleep
Last Action Status: UNKNOWN
Communication Vectors: 
Commvector Blue Agent 0 Message: [0, 0, 0, 0, 0, 0, 0, 0]
Commvector Blue Agent 1 Message: [0, 0, 0, 0, 0, 0, 0, 0]
Commvector Blue Agent 2 Message: [0, 0, 0, 0, 0, 0, 0, 1]
Commvector Blue Agent 3 Message: [0, 0, 0, 0, 0, 0, 0, 1]

 Suspicious Activity Detected: None",Sleep,None,The last action is still in progress and needs to be monitored.
"# OBSERVATION

Mission Phase: 2
Last Action : Analyse host:public_access_zone_subnet_server_host_1
Last Action Status: IN_PROGRESS
Communication Vectors: 
Commvector Blue Agent 0 Message: [0, 0, 0, 0, 0, 0, 0, 0]
Commvector Blue Agent 1 Message: [0, 0, 0, 0, 0, 0, 0, 0]
Commvector Blue Agent 2 Message: [0, 0, 0, 0, 0, 0, 0, 0]
Commvector Blue Agent 3 Message: [0, 0, 0, 0, 0, 0, 0, 0]

 Suspicious Activity Detected: None",Sleep,None,The last action is still in progress and requires monitoring.
"# OBSERVATION

Mission Phase: 2
Last Action : Sleep
Last Action Status: UNKNOWN
Communication Vectors: 
Commvector Blue Agent 0 Message: [0, 0, 0, 0, 0, 0, 0, 0]
Commvector Blue Agent 1 Message: [0, 0, 0, 0, 0, 0, 0, 0]
Commvector Blue Agent 2 Message: [0, 0, 0, 0, 0, 0, 0, 1]
Commvector Blue Agent 3 Message: [0, 0, 0, 0, 0, 0, 0, 1]

Suspicious Activity Detected:
- Hostname: public_access_zone_subnet_server_host_1 | IP: 10.0.125.249 | INFO: Connection to 10.0.125.253 | INFO: Connection to 10.0.125.253
- Hostname: office_network_subnet_user_host_0 | IP: 10.0.64.143",Analyse,host:public_access_zone_subnet_server_host_1,"Suspicious connection activity detected on the host, warranting further investigation."
"# OBSERVATION

Mission Phase: 2
Last Action : Sleep
Last Action Status: UNKNOWN
Communication Vectors: 
Commvector Blue Agent 0 Message: [0, 0, 0, 0, 0, 0, 0, 0]
Commvector Blue Agent 1 Message: [0, 0, 0, 0, 0, 0, 0, 1]
Commvector Blue Agent 2 Message: [0, 0, 0, 0, 0, 0, 0, 0]
Commvector Blue Agent 3 Message: [0, 0, 0, 0, 0, 0, 0, 0]

 Suspicious Activity Detected: None",Sleep,None,"The last action is still in progress, and no suspicious activity has been detected."
"# OBSERVATION

Mission Phase: 2
Last Action : Sleep
Last Action Status: UNKNOWN
Communication Vectors: 
Commvector Blue Agent 0 Message: [0, 0, 0, 0, 0, 0, 0, 0]
Commvector Blue Agent 1 Message: [0, 0, 0, 0, 0, 0, 0, 0]
Commvector Blue Agent 2 Message: [0, 0, 0, 0, 0, 0, 0, 1]
Commvector Blue Agent 3 Message: [0, 0, 0, 0, 0, 0, 0, 1]

 Suspicious Activity Detected: None",Sleep,None,"Last action status is UNKNOWN, indicating ongoing actions that may not be completed."
"# OBSERVATION

Mission Phase: 2
Last Action : Sleep
Last Action Status: UNKNOWN
Communication Vectors: 
Commvector Blue Agent 0 Message: [0, 0, 0, 0, 0, 0, 0, 0]
Commvector Blue Agent 1 Message: [0, 0, 0, 0, 0, 0, 0, 0]
Commvector Blue Agent 2 Message: [0, 0, 0, 0, 0, 0, 0, 0]
Commvector Blue Agent 3 Message: [0, 0, 0, 0, 0, 0, 0, 1]

 Suspicious Activity Detected: None",Sleep,None,The last action is still in progress and cannot be interrupted.
"# OBSERVATION

Mission Phase: 2
Last Action : Analyse host:admin_network_subnet_server_host_0
Last Action Status: IN_PROGRESS
Communication Vectors: 
Commvector Blue Agent 0 Message: [0, 0, 0, 0, 0, 0, 0, 0]
Commvector Blue Agent 1 Message: [0, 0, 0, 0, 0, 0, 0, 1]
Commvector Blue Agent 2 Message: [0, 0, 0, 0, 0, 0, 0, 1]
Commvector Blue Agent 3 Message: [0, 0, 0, 0, 0, 0, 0, 0]

 Suspicious Activity Detected: None",Sleep,None,"The last action of analysing the host is still in progress, so no further action can be taken yet."
"# OBSERVATION

Mission Phase: 2
Last Action : Sleep
Last Action Status: UNKNOWN
Communication Vectors: 
Commvector Blue Agent 0 Message: [0, 0, 0, 0, 0, 0, 0, 0]
Commvector Blue Agent 1 Message: [0, 0, 0, 0, 0, 0, 0, 0]
Commvector Blue Agent 2 Message: [0, 0, 0, 0, 0, 0, 0, 0]
Commvector Blue Agent 3 Message: [0, 0, 0, 0, 0, 0, 0, 0]

Suspicious Activity Detected:
- Hostname: admin_network_subnet_server_host_0 | IP: 10.0.216.136 | INFO: Connection to 10.0.204.254 | INFO: Connection to 10.0.204.254",Analyse,host:admin_network_subnet_server_host_0,"Suspicious connections detected, need to investigate for potential red activity."
"# OBSERVATION

Mission Phase: 2
Last Action : Sleep
Last Action Status: UNKNOWN
Communication Vectors: 
Commvector Blue Agent 0 Message: [0, 0, 0, 0, 0, 0, 0, 0]
Commvector Blue Agent 1 Message: [0, 0, 0, 0, 0, 0, 0, 1]
Commvector Blue Agent 2 Message: [0, 0, 0, 0, 0, 0, 0, 1]
Commvector Blue Agent 3 Message: [0, 0, 0, 0, 0, 0, 0, 0]

 Suspicious Activity Detected: None",Sleep,None,"The previous action is still in progress, so I will wait."
"# OBSERVATION

Mission Phase: 2
Last Action : Sleep
Last Action Status: UNKNOWN
Communication Vectors: 
Commvector Blue Agent 0 Message: [0, 0, 0, 0, 0, 0, 0, 0]
Commvector Blue Agent 1 Message: [0, 0, 0, 0, 0, 0, 0, 0]
Commvector Blue Agent 2 Message: [0, 0, 0, 0, 0, 0, 0, 0]
Commvector Blue Agent 3 Message: [0, 0, 0, 0, 0, 0, 0, 0]

 Suspicious Activity Detected: None",Sleep,None,Last action status is UNKNOWN and requires waiting for completion.
"# OBSERVATION

Mission Phase: 2
Last Action : Sleep
Last Action Status: UNKNOWN
Communication Vectors: 
Commvector Blue Agent 0 Message: [0, 0, 0, 0, 0, 0, 0, 0]
Commvector Blue Agent 1 Message: [0, 0, 0, 0, 0, 0, 0, 0]
Commvector Blue Agent 2 Message: [0, 0, 0, 0, 0, 0, 0, 0]
Commvector Blue Agent 3 Message: [0, 0, 0, 0, 0, 0, 0, 1]

 Suspicious Activity Detected: None",Sleep,None,"The last action is currently in progress, so I will wait."
"# OBSERVATION

Mission Phase: 2
Last Action : Sleep
Last Action Status: UNKNOWN
Communication Vectors: 
Commvector Blue Agent 0 Message: [0, 0, 0, 0, 0, 0, 0, 0]
Commvector Blue Agent 1 Message: [0, 0, 0, 0, 0, 0, 0, 1]
Commvector Blue Agent 2 Message: [0, 0, 0, 0, 0, 0, 0, 0]
Commvector Blue Agent 3 Message: [0, 0, 0, 0, 0, 0, 0, 0]

 Suspicious Activity Detected: None",Sleep,None,"The last action status is UNKNOWN, indicating an ongoing process that needs to complete."
"# OBSERVATION

Mission Phase: 2
Last Action : Sleep
Last Action Status: UNKNOWN
Communication Vectors: 
Commvector Blue Agent 0 Message: [0, 0, 0, 0, 0, 0, 0, 0]
Commvector Blue Agent 1 Message: [0, 0, 0, 0, 0, 0, 0, 0]
Commvector Blue Agent 2 Message: [0, 0, 0, 0, 0, 0, 0, 1]
Commvector Blue Agent 3 Message: [0, 0, 0, 0, 0, 0, 0, 1]

 Suspicious Activity Detected: None",Sleep,None,The last action status is unknown and pending completion.
"# OBSERVATION

Mission Phase: 2
Last Action : Analyse host:public_access_zone_subnet_user_host_1
Last Action Status: IN_PROGRESS
Communication Vectors: 
Commvector Blue Agent 0 Message: [0, 0, 0, 0, 0, 0, 0, 0]
Commvector Blue Agent 1 Message: [0, 0, 0, 0, 0, 0, 0, 1]
Commvector Blue Agent 2 Message: [0, 0, 0, 0, 0, 0, 0, 0]
Commvector Blue Agent 3 Message: [0, 0, 0, 0, 0, 0, 0, 0]

 Suspicious Activity Detected: None",Sleep,None,The last action is still in progress and requires waiting.
"# OBSERVATION

Mission Phase: 2
Last Action : Sleep
Last Action Status: UNKNOWN
Communication Vectors: 
Commvector Blue Agent 0 Message: [0, 0, 0, 0, 0, 0, 0, 0]
Commvector Blue Agent 1 Message: [0, 0, 0, 0, 0, 0, 0, 1]
Commvector Blue Agent 2 Message: [0, 0, 0, 0, 0, 0, 0, 1]
Commvector Blue Agent 3 Message: [0, 0, 0, 0, 0, 0, 0, 1]

Suspicious Activity Detected:
- Hostname: public_access_zone_subnet_user_host_1 | IP: 10.0.125.243",Analyse,host:public_access_zone_subnet_user_host_1,Suspicious activity detected on the host indicating potential red agent presence.
"# OBSERVATION

Mission Phase: 2
Last Action : Sleep
Last Action Status: UNKNOWN
Communication Vectors: 
Commvector Blue Agent 0 Message: [0, 0, 0, 0, 0, 0, 0, 0]
Commvector Blue Agent 1 Message: [0, 0, 0, 0, 0, 0, 0, 0]
Commvector Blue Agent 2 Message: [0, 0, 0, 0, 0, 0, 0, 0]
Commvector Blue Agent 3 Message: [0, 0, 0, 0, 0, 0, 0, 0]

 Suspicious Activity Detected: None",Sleep,None,"The last action was in progress and its status is unknown, so I will wait."
"# OBSERVATION

Mission Phase: 2
Last Action : Sleep
Last Action Status: UNKNOWN
Communication Vectors: 
Commvector Blue Agent 0 Message: [0, 0, 0, 0, 0, 0, 0, 0]
Commvector Blue Agent 1 Message: [0, 0, 0, 0, 0, 0, 0, 1]
Commvector Blue Agent 2 Message: [0, 0, 0, 0, 0, 0, 0, 1]
Commvector Blue Agent 3 Message: [0, 0, 0, 0, 0, 0, 0, 0]

 Suspicious Activity Detected: None",Sleep,None,"The last action status is UNKNOWN, indicating that the previous action is still in progress."
"# OBSERVATION

Mission Phase: 2
Last Action : Sleep
Last Action Status: UNKNOWN
Communication Vectors: 
Commvector Blue Agent 0 Message: [0, 0, 0, 0, 0, 0, 0, 1]
Commvector Blue Agent 1 Message: [0, 0, 0, 0, 0, 0, 0, 0]
Commvector Blue Agent 2 Message: [0, 0, 0, 0, 0, 0, 0, 0]
Commvector Blue Agent 3 Message: [0, 0, 0, 0, 0, 0, 0, 0]

 Suspicious Activity Detected: None",Sleep,None,The last action is still in progress and requires no further action at this moment.
"# OBSERVATION

Mission Phase: 2
Last Action : Sleep
Last Action Status: UNKNOWN
Communication Vectors: 
Commvector Blue Agent 0 Message: [0, 0, 0, 0, 0, 0, 0, 0]
Commvector Blue Agent 1 Message: [0, 0, 0, 0, 0, 0, 0, 0]
Commvector Blue Agent 2 Message: [0, 0, 0, 0, 0, 0, 0, 0]
Commvector Blue Agent 3 Message: [0, 0, 0, 0, 0, 0, 0, 0]

 Suspicious Activity Detected: None",Sleep,None,"Last action status is unknown, so I will wait to ensure all processes are completed before taking further action."
"# OBSERVATION

Mission Phase: 1
Last Action : Sleep
Last Action Status: UNKNOWN
Communication Vectors: 
Commvector Blue Agent 0 Message: [0, 0, 0, 0, 0, 0, 0, 1]
Commvector Blue Agent 1 Message: [0, 0, 0, 0, 0, 0, 0, 0]
Commvector Blue Agent 2 Message: [0, 0, 0, 0, 0, 0, 0, 1]
Commvector Blue Agent 3 Message: [0, 0, 0, 0, 0, 0, 0, 0]

 Suspicious Activity Detected: None",Sleep,None,Last action status is UNKNOWN; waiting for action completion.
"# OBSERVATION

Mission Phase: 1
Last Action : Sleep
Last Action Status: UNKNOWN
Communication Vectors: 
Commvector Blue Agent 0 Message: [0, 0, 0, 0, 0, 0, 0, 0]
Commvector Blue Agent 1 Message: [0, 0, 0, 0, 0, 0, 0, 0]
Commvector Blue Agent 2 Message: [0, 0, 0, 0, 0, 0, 0, 0]
Commvector Blue Agent 3 Message: [0, 0, 0, 0, 0, 0, 0, 0]

 Suspicious Activity Detected: None",Sleep,None,"Last action status is UNKNOWN, and no suspicious activity detected."
"# OBSERVATION

Mission Phase: 1
Last Action : Sleep
Last Action Status: UNKNOWN
Communication Vectors: 
Commvector Blue Agent 0 Message: [0, 0, 0, 0, 0, 0, 0, 0]
Commvector Blue Agent 1 Message: [0, 0, 0, 0, 0, 0, 0, 0]
Commvector Blue Agent 2 Message: [0, 0, 0, 0, 0, 0, 0, 0]
Commvector Blue Agent 3 Message: [0, 0, 0, 0, 0, 0, 0, 0]

 Suspicious Activity Detected: None",Sleep,None,"No suspicious activity detected, and previous action status is unknown."
"# OBSERVATION

Mission Phase: 1
Last Action : Sleep
Last Action Status: UNKNOWN
Communication Vectors: 
Commvector Blue Agent 0 Message: [0, 0, 0, 0, 0, 0, 0, 0]
Commvector Blue Agent 1 Message: [0, 0, 0, 0, 0, 0, 0, 0]
Commvector Blue Agent 2 Message: [0, 0, 0, 0, 0, 0, 0, 1]
Commvector Blue Agent 3 Message: [0, 0, 0, 0, 0, 0, 0, 1]

 Suspicious Activity Detected: None",Sleep,None,"The last action is still in progress, and no suspicious activity is detected."
"# OBSERVATION

Mission Phase: 1
Last Action : Sleep
Last Action Status: UNKNOWN
Communication Vectors: 
Commvector Blue Agent 0 Message: [0, 0, 0, 0, 0, 0, 0, 1]
Commvector Blue Agent 1 Message: [0, 0, 0, 0, 0, 0, 0, 0]
Commvector Blue Agent 2 Message: [0, 0, 0, 0, 0, 0, 0, 0]
Commvector Blue Agent 3 Message: [0, 0, 0, 0, 0, 0, 0, 0]

 Suspicious Activity Detected: None",Sleep,None,The last action is still in progress and it is unknown if it has been completed.
"# OBSERVATION

Mission Phase: 1
Last Action : Sleep
Last Action Status: UNKNOWN
Communication Vectors: 
Commvector Blue Agent 0 Message: [0, 0, 0, 0, 0, 0, 0, 1]
Commvector Blue Agent 1 Message: [0, 0, 0, 0, 0, 0, 0, 0]
Commvector Blue Agent 2 Message: [0, 0, 0, 0, 0, 0, 0, 1]
Commvector Blue Agent 3 Message: [0, 0, 0, 0, 0, 0, 0, 0]

 Suspicious Activity Detected: None",Sleep,None,Last action is in progress and status is unknown.
"# OBSERVATION

Mission Phase: 1
Last Action : Sleep
Last Action Status: UNKNOWN
Communication Vectors: 
Commvector Blue Agent 0 Message: [0, 0, 0, 0, 0, 0, 0, 0]
Commvector Blue Agent 1 Message: [0, 0, 0, 0, 0, 0, 0, 1]
Commvector Blue Agent 2 Message: [0, 0, 0, 0, 0, 0, 0, 0]
Commvector Blue Agent 3 Message: [0, 0, 0, 0, 0, 0, 0, 1]

 Suspicious Activity Detected: None",Sleep,None,"Last action is in progress, maintaining current state until completion."
"# OBSERVATION

Mission Phase: 1
Last Action : Sleep
Last Action Status: UNKNOWN
Communication Vectors: 
Commvector Blue Agent 0 Message: [0, 0, 0, 0, 0, 0, 0, 0]
Commvector Blue Agent 1 Message: [0, 0, 0, 0, 0, 0, 0, 0]
Commvector Blue Agent 2 Message: [0, 0, 0, 0, 0, 0, 0, 1]
Commvector Blue Agent 3 Message: [0, 0, 0, 0, 0, 0, 0, 0]

 Suspicious Activity Detected: None",Sleep,None,"The last action is currently in progress, so I will wait until it completes."
"# OBSERVATION

Mission Phase: 1
Last Action : Sleep
Last Action Status: UNKNOWN
Communication Vectors: 
Commvector Blue Agent 0 Message: [0, 0, 0, 0, 0, 0, 0, 0]
Commvector Blue Agent 1 Message: [0, 0, 0, 0, 0, 0, 0, 0]
Commvector Blue Agent 2 Message: [0, 0, 1, 0, 0, 1, 0, 0]
Commvector Blue Agent 3 Message: [0, 0, 0, 0, 0, 0, 0, 0]

 Suspicious Activity Detected: None",Sleep,None,"Previous action status is UNKNOWN, continuing to wait for completion."
"# OBSERVATION

Mission Phase: 1
Last Action : Sleep
Last Action Status: UNKNOWN
Communication Vectors: 
Commvector Blue Agent 0 Message: [0, 0, 0, 0, 0, 0, 0, 0]
Commvector Blue Agent 1 Message: [0, 0, 0, 0, 0, 0, 0, 0]
Commvector Blue Agent 2 Message: [0, 0, 0, 0, 0, 0, 0, 1]
Commvector Blue Agent 3 Message: [0, 0, 0, 0, 0, 0, 0, 0]

 Suspicious Activity Detected: None",Sleep,None,"The last action status is UNKNOWN, indicating it's still in progress."
"# OBSERVATION

Mission Phase: 1
Last Action : Sleep
Last Action Status: UNKNOWN
Communication Vectors: 
Commvector Blue Agent 0 Message: [0, 0, 0, 0, 0, 0, 0, 0]
Commvector Blue Agent 1 Message: [0, 0, 0, 0, 0, 0, 0, 0]
Commvector Blue Agent 2 Message: [0, 0, 0, 0, 0, 0, 0, 0]
Commvector Blue Agent 3 Message: [0, 0, 0, 0, 0, 0, 0, 1]

 Suspicious Activity Detected: None",Sleep,None,The last action is still in progress and we cannot determine its success.
"# OBSERVATION

Mission Phase: 1
Last Action : Sleep
Last Action Status: UNKNOWN
Communication Vectors: 
Commvector Blue Agent 0 Message: [0, 0, 0, 0, 0, 0, 0, 1]
Commvector Blue Agent 1 Message: [0, 0, 0, 0, 0, 0, 0, 0]
Commvector Blue Agent 2 Message: [0, 0, 0, 0, 0, 0, 0, 1]
Commvector Blue Agent 3 Message: [0, 0, 0, 0, 0, 0, 0, 0]

 Suspicious Activity Detected: None",Sleep,None,"The last action status is UNKNOWN, indicating ongoing processes that need to be completed before taking further action."
"# OBSERVATION

Mission Phase: 1
Last Action : Sleep
Last Action Status: UNKNOWN
Communication Vectors: 
Commvector Blue Agent 0 Message: [0, 0, 0, 0, 0, 0, 0, 0]
Commvector Blue Agent 1 Message: [0, 0, 0, 0, 0, 0, 0, 0]
Commvector Blue Agent 2 Message: [0, 0, 0, 0, 0, 0, 0, 0]
Commvector Blue Agent 3 Message: [0, 0, 0, 0, 0, 0, 0, 1]

 Suspicious Activity Detected: None",Sleep,None,The last action is still in progress and its status is unknown.
"# OBSERVATION

Mission Phase: 1
Last Action : Sleep
Last Action Status: UNKNOWN
Communication Vectors: 
Commvector Blue Agent 0 Message: [0, 0, 0, 0, 0, 0, 0, 0]
Commvector Blue Agent 1 Message: [0, 0, 0, 0, 0, 0, 0, 0]
Commvector Blue Agent 2 Message: [0, 0, 0, 0, 0, 0, 0, 0]
Commvector Blue Agent 3 Message: [0, 0, 0, 1, 0, 1, 0, 0]

 Suspicious Activity Detected: None",Sleep,None,"Last action status is UNKNOWN, need to wait for previous actions to complete."
"# OBSERVATION

Mission Phase: 1
Last Action : Sleep
Last Action Status: UNKNOWN
Communication Vectors: 
Commvector Blue Agent 0 Message: [0, 0, 0, 0, 0, 0, 0, 0]
Commvector Blue Agent 1 Message: [0, 0, 0, 0, 0, 0, 0, 1]
Commvector Blue Agent 2 Message: [0, 0, 0, 0, 0, 0, 0, 0]
Commvector Blue Agent 3 Message: [0, 0, 0, 0, 0, 0, 0, 0]

 Suspicious Activity Detected: None",Sleep,None,The last action is still in progress and its status is unknown.
"# OBSERVATION

Mission Phase: 1
Last Action : Sleep
Last Action Status: UNKNOWN
Communication Vectors: 
Commvector Blue Agent 0 Message: [0, 0, 0, 0, 0, 0, 0, 1]
Commvector Blue Agent 1 Message: [0, 0, 0, 0, 0, 0, 0, 0]
Commvector Blue Agent 2 Message: [0, 0, 0, 0, 0, 0, 0, 1]
Commvector Blue Agent 3 Message: [0, 0, 0, 0, 0, 0, 0, 0]

 Suspicious Activity Detected: None",Sleep,None,The last action is still in progress and needs to be completed before taking further action.
"# OBSERVATION

Mission Phase: 1
Last Action : Sleep
Last Action Status: UNKNOWN
Communication Vectors: 
Commvector Blue Agent 0 Message: [0, 0, 0, 0, 0, 0, 0, 0]
Commvector Blue Agent 1 Message: [0, 0, 0, 0, 0, 0, 0, 0]
Commvector Blue Agent 2 Message: [0, 0, 0, 0, 0, 0, 0, 0]
Commvector Blue Agent 3 Message: [0, 0, 0, 0, 0, 0, 0, 0]

Suspicious Activity Detected:
- Hostname: admin_network_subnet_server_host_3 | IP: 10.0.216.63 | INFO: Connection to 10.0.204.251 | INFO: Connection to 10.0.204.251",Sleep,None,"Last action status is unknown, need to wait for it to complete before taking further action."
"# OBSERVATION

Mission Phase: 1
Last Action : Sleep
Last Action Status: UNKNOWN
Communication Vectors: 
Commvector Blue Agent 0 Message: [0, 0, 0, 0, 0, 0, 0, 0]
Commvector Blue Agent 1 Message: [0, 0, 0, 0, 0, 0, 0, 0]
Commvector Blue Agent 2 Message: [0, 0, 0, 0, 0, 0, 0, 1]
Commvector Blue Agent 3 Message: [0, 0, 0, 0, 0, 0, 0, 0]

 Suspicious Activity Detected: None",Sleep,None,"Last action status is UNKNOWN, indicating that previous action may still be in progress."
"# OBSERVATION

Mission Phase: 1
Last Action : Sleep
Last Action Status: TRUE
Communication Vectors: 
Commvector Blue Agent 0 Message: [0, 0, 0, 0, 0, 0, 0, 0]
Commvector Blue Agent 1 Message: [0, 0, 0, 0, 0, 0, 0, 0]
Commvector Blue Agent 2 Message: [0, 0, 0, 0, 0, 0, 0, 0]
Commvector Blue Agent 3 Message: [0, 0, 0, 0, 0, 0, 0, 1]

 Suspicious Activity Detected: None",Sleep,None,The last action was successful and there is no suspicious activity detected.
"# OBSERVATION

Mission Phase: 1
Last Action : Remove host:public_access_zone_subnet_user_host_5
Last Action Status: IN_PROGRESS
Communication Vectors: 
Commvector Blue Agent 0 Message: [0, 0, 0, 0, 0, 0, 0, 0]
Commvector Blue Agent 1 Message: [0, 0, 0, 0, 0, 0, 0, 0]
Commvector Blue Agent 2 Message: [0, 0, 0, 0, 0, 0, 0, 1]
Commvector Blue Agent 3 Message: [0, 0, 0, 1, 0, 1, 0, 0]

 Suspicious Activity Detected: None",Sleep,None,The last action is still in progress and cannot be interrupted.
"# OBSERVATION

Mission Phase: 1
Last Action : Sleep
Last Action Status: UNKNOWN
Communication Vectors: 
Commvector Blue Agent 0 Message: [1, 0, 0, 0, 0, 1, 0, 0]
Commvector Blue Agent 1 Message: [0, 0, 0, 0, 0, 0, 0, 0]
Commvector Blue Agent 2 Message: [0, 0, 0, 0, 0, 0, 0, 0]
Commvector Blue Agent 3 Message: [0, 0, 0, 0, 0, 0, 0, 1]

Suspicious Activity Detected:
- Hostname: public_access_zone_subnet_user_host_5 | IP: 10.0.125.242",Remove,host:public_access_zone_subnet_user_host_5,"Red agent detected on the host, indicating a user-level compromise."
"# OBSERVATION

Mission Phase: 1
Last Action : Sleep
Last Action Status: UNKNOWN
Communication Vectors: 
Commvector Blue Agent 0 Message: [0, 0, 0, 0, 0, 0, 0, 1]
Commvector Blue Agent 1 Message: [0, 0, 0, 0, 0, 0, 0, 0]
Commvector Blue Agent 2 Message: [0, 0, 0, 0, 0, 0, 0, 1]
Commvector Blue Agent 3 Message: [0, 0, 0, 0, 0, 0, 0, 0]

 Suspicious Activity Detected: None",Sleep,None,The last action is still in progress and needs to be completed.
"# OBSERVATION

Mission Phase: 1
Last Action : Sleep
Last Action Status: UNKNOWN
Communication Vectors: 
Commvector Blue Agent 0 Message: [0, 0, 0, 0, 0, 0, 0, 0]
Commvector Blue Agent 1 Message: [0, 0, 0, 0, 0, 0, 0, 0]
Commvector Blue Agent 2 Message: [0, 0, 0, 0, 0, 0, 0, 0]
Commvector Blue Agent 3 Message: [0, 0, 0, 0, 0, 0, 0, 1]

 Suspicious Activity Detected: None",Sleep,None,The last action is still in progress and we need to wait for its completion.
"# OBSERVATION

Mission Phase: 1
Last Action : Sleep
Last Action Status: UNKNOWN
Communication Vectors: 
Commvector Blue Agent 0 Message: [0, 0, 0, 0, 0, 0, 0, 0]
Commvector Blue Agent 1 Message: [0, 0, 0, 0, 0, 0, 0, 0]
Commvector Blue Agent 2 Message: [0, 0, 0, 0, 0, 0, 0, 1]
Commvector Blue Agent 3 Message: [0, 0, 0, 0, 0, 0, 0, 1]

 Suspicious Activity Detected: None",Sleep,None,"The last action is still in progress, indicating ongoing processes that need to complete."
"# OBSERVATION

Mission Phase: 1
Last Action : Sleep
Last Action Status: UNKNOWN
Communication Vectors: 
Commvector Blue Agent 0 Message: [0, 0, 0, 0, 0, 0, 0, 1]
Commvector Blue Agent 1 Message: [0, 0, 0, 0, 0, 0, 0, 0]
Commvector Blue Agent 2 Message: [0, 0, 0, 0, 0, 0, 0, 0]
Commvector Blue Agent 3 Message: [0, 0, 0, 0, 0, 0, 0, 0]

 Suspicious Activity Detected: None",Sleep,None,Previous action is still in progress and needs to be completed.
"# OBSERVATION

Mission Phase: 1
Last Action : Sleep
Last Action Status: UNKNOWN
Communication Vectors: 
Commvector Blue Agent 0 Message: [0, 0, 0, 0, 0, 0, 0, 0]
Commvector Blue Agent 1 Message: [0, 0, 0, 0, 0, 0, 0, 0]
Commvector Blue Agent 2 Message: [0, 0, 0, 0, 0, 0, 0, 1]
Commvector Blue Agent 3 Message: [0, 0, 0, 0, 0, 0, 0, 0]

 Suspicious Activity Detected: None",Sleep,None,Last action was not completed yet and requires waiting.
"# OBSERVATION

Mission Phase: 1
Last Action : Sleep
Last Action Status: UNKNOWN
Communication Vectors: 
Commvector Blue Agent 0 Message: [0, 0, 0, 0, 0, 0, 0, 1]
Commvector Blue Agent 1 Message: [0, 0, 0, 0, 0, 0, 0, 1]
Commvector Blue Agent 2 Message: [0, 0, 0, 0, 0, 0, 0, 0]
Commvector Blue Agent 3 Message: [0, 0, 0, 0, 0, 0, 0, 1]

 Suspicious Activity Detected: None",Sleep,None,"The last action is in progress and its status is unknown, requiring a pause."
"# OBSERVATION

Mission Phase: 1
Last Action : Sleep
Last Action Status: UNKNOWN
Communication Vectors: 
Commvector Blue Agent 0 Message: [0, 0, 0, 0, 0, 0, 0, 0]
Commvector Blue Agent 1 Message: [0, 0, 0, 0, 0, 0, 0, 0]
Commvector Blue Agent 2 Message: [0, 0, 0, 0, 0, 0, 0, 1]
Commvector Blue Agent 3 Message: [0, 0, 0, 0, 0, 0, 0, 0]

 Suspicious Activity Detected: None",Sleep,None,"The last action status is UNKNOWN, indicating that the previous action may still be in progress."
"# OBSERVATION

Mission Phase: 1
Last Action : Sleep
Last Action Status: UNKNOWN
Communication Vectors: 
Commvector Blue Agent 0 Message: [0, 0, 0, 0, 0, 0, 0, 1]
Commvector Blue Agent 1 Message: [0, 0, 0, 0, 0, 0, 0, 0]
Commvector Blue Agent 2 Message: [0, 0, 0, 0, 0, 0, 0, 0]
Commvector Blue Agent 3 Message: [0, 0, 0, 0, 0, 0, 0, 0]

 Suspicious Activity Detected: None",Sleep,None,"The last action is in progress, and no suspicious activity has been detected."
"# OBSERVATION

Mission Phase: 1
Last Action : Sleep
Last Action Status: UNKNOWN
Communication Vectors: 
Commvector Blue Agent 0 Message: [0, 0, 0, 0, 0, 0, 0, 1]
Commvector Blue Agent 1 Message: [0, 0, 0, 0, 0, 0, 0, 0]
Commvector Blue Agent 2 Message: [0, 0, 0, 0, 0, 0, 0, 1]
Commvector Blue Agent 3 Message: [0, 0, 0, 0, 0, 0, 0, 0]

 Suspicious Activity Detected: None",Sleep,None,"The last action is in progress, indicating ongoing operations."
"# OBSERVATION

Mission Phase: 1
Last Action : Sleep
Last Action Status: UNKNOWN
Communication Vectors: 
Commvector Blue Agent 0 Message: [0, 0, 0, 0, 0, 0, 0, 0]
Commvector Blue Agent 1 Message: [0, 0, 0, 0, 0, 0, 0, 0]
Commvector Blue Agent 2 Message: [0, 0, 0, 0, 0, 0, 0, 0]
Commvector Blue Agent 3 Message: [0, 0, 0, 0, 0, 0, 0, 0]

 Suspicious Activity Detected: None",Sleep,None,"The last action status is UNKNOWN, indicating previous action is still ongoing."
"# OBSERVATION

Mission Phase: 1
Last Action : Sleep
Last Action Status: UNKNOWN
Communication Vectors: 
Commvector Blue Agent 0 Message: [0, 0, 0, 0, 0, 0, 0, 0]
Commvector Blue Agent 1 Message: [0, 0, 0, 0, 0, 0, 0, 1]
Commvector Blue Agent 2 Message: [0, 0, 0, 0, 0, 0, 0, 1]
Commvector Blue Agent 3 Message: [0, 0, 0, 0, 0, 0, 0, 1]

 Suspicious Activity Detected: None",Sleep,None,"The last action is currently in progress, and I need to wait for its completion."
"# OBSERVATION

Mission Phase: 1
Last Action : Sleep
Last Action Status: UNKNOWN
Communication Vectors: 
Commvector Blue Agent 0 Message: [0, 0, 0, 0, 0, 0, 0, 1]
Commvector Blue Agent 1 Message: [0, 0, 0, 0, 0, 0, 0, 0]
Commvector Blue Agent 2 Message: [0, 0, 0, 0, 0, 0, 0, 0]
Commvector Blue Agent 3 Message: [0, 0, 0, 0, 0, 0, 0, 0]

 Suspicious Activity Detected: None",Sleep,None,"Last action status is UNKNOWN, need to wait for the current action to complete."
"# OBSERVATION

Mission Phase: 1
Last Action : Sleep
Last Action Status: UNKNOWN
Communication Vectors: 
Commvector Blue Agent 0 Message: [0, 0, 0, 0, 0, 0, 0, 0]
Commvector Blue Agent 1 Message: [0, 0, 0, 0, 0, 0, 0, 0]
Commvector Blue Agent 2 Message: [0, 0, 0, 0, 0, 0, 0, 1]
Commvector Blue Agent 3 Message: [0, 0, 0, 0, 0, 0, 0, 0]

 Suspicious Activity Detected: None",Sleep,None,The last action is currently unknown and requires no further action at this time.
"# OBSERVATION

Mission Phase: 1
Last Action : Sleep
Last Action Status: UNKNOWN
Communication Vectors: 
Commvector Blue Agent 0 Message: [0, 0, 0, 0, 0, 0, 0, 0]
Commvector Blue Agent 1 Message: [0, 0, 0, 0, 0, 0, 0, 1]
Commvector Blue Agent 2 Message: [0, 0, 0, 0, 0, 0, 0, 0]
Commvector Blue Agent 3 Message: [0, 0, 0, 0, 0, 0, 0, 1]

 Suspicious Activity Detected: None",Sleep,None,The last action is currently in progress and the success status is unknown.
"# OBSERVATION

Mission Phase: 1
Last Action : Sleep
Last Action Status: UNKNOWN
Communication Vectors: 
Commvector Blue Agent 0 Message: [0, 0, 0, 0, 0, 0, 0, 0]
Commvector Blue Agent 1 Message: [0, 0, 0, 0, 0, 0, 0, 0]
Commvector Blue Agent 2 Message: [0, 0, 0, 0, 0, 0, 0, 1]
Commvector Blue Agent 3 Message: [0, 0, 0, 0, 0, 0, 0, 0]

 Suspicious Activity Detected: None",Sleep,None,The last action is currently in progress and needs to be completed before taking further action.
"# OBSERVATION

Mission Phase: 1
Last Action : Sleep
Last Action Status: UNKNOWN
Communication Vectors: 
Commvector Blue Agent 0 Message: [0, 0, 0, 0, 0, 0, 0, 0]
Commvector Blue Agent 1 Message: [0, 0, 0, 0, 0, 0, 0, 1]
Commvector Blue Agent 2 Message: [0, 0, 0, 0, 0, 0, 0, 0]
Commvector Blue Agent 3 Message: [0, 0, 0, 0, 0, 0, 0, 1]

Suspicious Activity Detected:
- Hostname: office_network_subnet_server_host_0 | IP: 10.0.216.82 | INFO: Connection to 10.0.64.254 | INFO: Connection to 10.0.64.254",Sleep,None,The last action is still in progress and cannot proceed with further actions.
"# OBSERVATION

Mission Phase: 1
Last Action : Sleep
Last Action Status: UNKNOWN
Communication Vectors: 
Commvector Blue Agent 0 Message: [0, 0, 0, 0, 0, 0, 0, 0]
Commvector Blue Agent 1 Message: [0, 0, 0, 0, 0, 0, 0, 0]
Commvector Blue Agent 2 Message: [0, 0, 0, 0, 0, 0, 0, 1]
Commvector Blue Agent 3 Message: [0, 0, 0, 0, 0, 0, 0, 0]

 Suspicious Activity Detected: None",Sleep,None,The last action is still in progress.
"# OBSERVATION

Mission Phase: 1
Last Action : Sleep
Last Action Status: UNKNOWN
Communication Vectors: 
Commvector Blue Agent 0 Message: [0, 0, 0, 0, 0, 0, 0, 0]
Commvector Blue Agent 1 Message: [0, 0, 0, 0, 0, 0, 0, 0]
Commvector Blue Agent 2 Message: [0, 0, 0, 0, 0, 0, 0, 0]
Commvector Blue Agent 3 Message: [0, 0, 0, 0, 0, 0, 0, 0]

 Suspicious Activity Detected: None",Sleep,None,The previous action is still in progress.
"# OBSERVATION

Mission Phase: 1
Last Action : Sleep
Last Action Status: UNKNOWN
Communication Vectors: 
Commvector Blue Agent 0 Message: [0, 0, 0, 0, 0, 0, 0, 1]
Commvector Blue Agent 1 Message: [0, 0, 0, 0, 0, 0, 0, 1]
Commvector Blue Agent 2 Message: [0, 0, 0, 0, 0, 0, 0, 1]
Commvector Blue Agent 3 Message: [0, 0, 0, 0, 0, 0, 0, 1]

 Suspicious Activity Detected: None",Sleep,None,"Last action status is unknown, continuing to wait for action to complete."
"# OBSERVATION

Mission Phase: 1
Last Action : Sleep
Last Action Status: UNKNOWN
Communication Vectors: 
Commvector Blue Agent 0 Message: [0, 0, 0, 0, 0, 0, 0, 0]
Commvector Blue Agent 1 Message: [0, 0, 0, 0, 0, 0, 0, 0]
Commvector Blue Agent 2 Message: [0, 0, 0, 0, 0, 0, 0, 0]
Commvector Blue Agent 3 Message: [0, 0, 0, 0, 0, 0, 0, 0]

 Suspicious Activity Detected: None",Sleep,None,"The last action status is UNKNOWN, indicating potential ongoing processes."
"# OBSERVATION

Mission Phase: 1
Last Action : Sleep
Last Action Status: UNKNOWN
Communication Vectors: 
Commvector Blue Agent 0 Message: [0, 0, 0, 0, 0, 0, 0, 1]
Commvector Blue Agent 1 Message: [0, 0, 0, 0, 0, 0, 0, 0]
Commvector Blue Agent 2 Message: [0, 0, 0, 0, 0, 0, 0, 1]
Commvector Blue Agent 3 Message: [0, 0, 0, 1, 0, 1, 0, 1]

 Suspicious Activity Detected: None",Sleep,None,"The last action status is UNKNOWN, indicating that further action should be deferred until the current action is resolved."
"# OBSERVATION

Mission Phase: 1
Last Action : Sleep
Last Action Status: UNKNOWN
Communication Vectors: 
Commvector Blue Agent 0 Message: [0, 0, 0, 0, 0, 0, 0, 0]
Commvector Blue Agent 1 Message: [0, 0, 0, 0, 0, 0, 0, 0]
Commvector Blue Agent 2 Message: [0, 0, 0, 0, 0, 0, 0, 0]
Commvector Blue Agent 3 Message: [0, 0, 0, 0, 0, 0, 0, 0]

 Suspicious Activity Detected: None",Sleep,None,"Last action status is UNKNOWN, waiting for previous action to complete."
"# OBSERVATION

Mission Phase: 1
Last Action : Sleep
Last Action Status: UNKNOWN
Communication Vectors: 
Commvector Blue Agent 0 Message: [0, 0, 0, 0, 0, 0, 0, 0]
Commvector Blue Agent 1 Message: [0, 0, 0, 0, 0, 0, 0, 1]
Commvector Blue Agent 2 Message: [0, 0, 1, 0, 0, 1, 0, 1]
Commvector Blue Agent 3 Message: [0, 0, 0, 0, 0, 0, 0, 0]

 Suspicious Activity Detected: None",Sleep,None,The last action is still in progress and the status is unknown.
"# OBSERVATION

Mission Phase: 1
Last Action : Sleep
Last Action Status: UNKNOWN
Communication Vectors: 
Commvector Blue Agent 0 Message: [0, 0, 0, 0, 0, 0, 0, 1]
Commvector Blue Agent 1 Message: [0, 0, 0, 0, 0, 0, 0, 1]
Commvector Blue Agent 2 Message: [0, 0, 0, 0, 0, 0, 0, 0]
Commvector Blue Agent 3 Message: [0, 0, 0, 0, 0, 0, 0, 0]

 Suspicious Activity Detected: None",Sleep,None,"Last action status is UNKNOWN, continuing to wait."
"# OBSERVATION

Mission Phase: 1
Last Action : Sleep
Last Action Status: UNKNOWN
Communication Vectors: 
Commvector Blue Agent 0 Message: [0, 0, 0, 0, 0, 0, 0, 0]
Commvector Blue Agent 1 Message: [0, 0, 0, 0, 0, 0, 0, 0]
Commvector Blue Agent 2 Message: [0, 0, 0, 0, 0, 0, 0, 1]
Commvector Blue Agent 3 Message: [0, 0, 0, 0, 0, 0, 0, 0]

 Suspicious Activity Detected: None",Sleep,None,"Last action status is UNKNOWN, thus I will wait for its completion."
"# OBSERVATION

Mission Phase: 1
Last Action : Sleep
Last Action Status: UNKNOWN
Communication Vectors: 
Commvector Blue Agent 0 Message: [0, 0, 0, 0, 0, 0, 0, 0]
Commvector Blue Agent 1 Message: [0, 0, 0, 0, 0, 0, 0, 0]
Commvector Blue Agent 2 Message: [0, 0, 0, 0, 0, 0, 0, 0]
Commvector Blue Agent 3 Message: [0, 0, 0, 0, 0, 0, 0, 0]

 Suspicious Activity Detected: None",Sleep,None,"Last action status is UNKNOWN, indicating that the previous action is still IN_PROGRESS."
"# OBSERVATION

Mission Phase: 1
Last Action : Sleep
Last Action Status: UNKNOWN
Communication Vectors: 
Commvector Blue Agent 0 Message: [0, 0, 0, 0, 0, 0, 0, 0]
Commvector Blue Agent 1 Message: [0, 0, 0, 0, 0, 0, 0, 1]
Commvector Blue Agent 2 Message: [0, 0, 0, 0, 0, 0, 0, 1]
Commvector Blue Agent 3 Message: [0, 0, 0, 0, 0, 0, 0, 0]

 Suspicious Activity Detected: None",Sleep,None,"Last action status is UNKNOWN, indicating a need to wait for previous processes to complete."
"# OBSERVATION

Mission Phase: 1
Last Action : Sleep
Last Action Status: UNKNOWN
Communication Vectors: 
Commvector Blue Agent 0 Message: [0, 0, 0, 0, 0, 0, 0, 0]
Commvector Blue Agent 1 Message: [0, 0, 0, 0, 0, 0, 0, 0]
Commvector Blue Agent 2 Message: [0, 0, 0, 0, 0, 0, 0, 0]
Commvector Blue Agent 3 Message: [0, 0, 0, 0, 0, 0, 0, 0]

 Suspicious Activity Detected: None",Sleep,None,"The last action was unknown, indicating the system may still be processing."
"# OBSERVATION

Mission Phase: 1
Last Action : Analyse host:admin_network_subnet_user_host_0
Last Action Status: IN_PROGRESS
Communication Vectors: 
Commvector Blue Agent 0 Message: [0, 0, 0, 0, 0, 0, 0, 0]
Commvector Blue Agent 1 Message: [0, 0, 0, 0, 0, 0, 0, 1]
Commvector Blue Agent 2 Message: [0, 0, 0, 0, 0, 0, 0, 1]
Commvector Blue Agent 3 Message: [0, 0, 0, 0, 0, 0, 0, 1]

 Suspicious Activity Detected: None",Sleep,None,"The last action is still in progress, waiting for completion."
"# OBSERVATION

Mission Phase: 1
Last Action : Sleep
Last Action Status: UNKNOWN
Communication Vectors: 
Commvector Blue Agent 0 Message: [0, 0, 0, 0, 0, 0, 0, 0]
Commvector Blue Agent 1 Message: [0, 0, 0, 0, 0, 0, 0, 0]
Commvector Blue Agent 2 Message: [0, 0, 0, 0, 0, 0, 0, 0]
Commvector Blue Agent 3 Message: [0, 0, 0, 0, 0, 0, 0, 0]

Suspicious Activity Detected:
- Hostname: admin_network_subnet_user_host_0 | IP: 10.0.204.94",Analyse,host:admin_network_subnet_user_host_0,Suspicious activity detected on the host.
"# OBSERVATION

Mission Phase: 1
Last Action : Sleep
Last Action Status: UNKNOWN
Communication Vectors: 
Commvector Blue Agent 0 Message: [0, 0, 0, 0, 0, 0, 0, 0]
Commvector Blue Agent 1 Message: [0, 0, 0, 0, 0, 0, 0, 0]
Commvector Blue Agent 2 Message: [0, 0, 0, 0, 0, 0, 0, 0]
Commvector Blue Agent 3 Message: [0, 0, 0, 0, 0, 0, 0, 0]

Suspicious Activity Detected:
- Hostname: public_access_zone_subnet_server_host_1 | IP: 10.0.233.132 | INFO: Connection to 10.0.125.253 | INFO: Connection to 10.0.125.253",Sleep,None,The last action is still in progress and further action cannot be taken until it is completed.
"# OBSERVATION

Mission Phase: 1
Last Action : Sleep
Last Action Status: UNKNOWN
Communication Vectors: 
Commvector Blue Agent 0 Message: [0, 0, 0, 0, 0, 0, 0, 0]
Commvector Blue Agent 1 Message: [0, 0, 0, 0, 0, 0, 0, 0]
Commvector Blue Agent 2 Message: [0, 0, 0, 0, 0, 0, 0, 0]
Commvector Blue Agent 3 Message: [0, 0, 0, 0, 0, 0, 0, 0]

 Suspicious Activity Detected: None",Sleep,None,No suspicious activity detected and last action status is unknown.
"# OBSERVATION

Mission Phase: 1
Last Action : Sleep
Last Action Status: UNKNOWN
Communication Vectors: 
Commvector Blue Agent 0 Message: [0, 0, 0, 0, 0, 0, 0, 1]
Commvector Blue Agent 1 Message: [0, 0, 0, 0, 0, 0, 0, 1]
Commvector Blue Agent 2 Message: [0, 0, 0, 0, 0, 0, 0, 1]
Commvector Blue Agent 3 Message: [0, 0, 0, 0, 0, 0, 0, 0]

Suspicious Activity Detected:
- Hostname: admin_network_subnet_server_host_3 | IP: 10.0.204.203 | INFO: Connection to 10.0.204.251 | INFO: Connection to 10.0.204.251",Sleep,None,"Last action is still in progress, waiting for completion."
"# OBSERVATION

Mission Phase: 1
Last Action : Sleep
Last Action Status: UNKNOWN
Communication Vectors: 
Commvector Blue Agent 0 Message: [0, 0, 0, 0, 0, 0, 0, 0]
Commvector Blue Agent 1 Message: [0, 0, 0, 0, 0, 0, 0, 0]
Commvector Blue Agent 2 Message: [0, 0, 0, 0, 0, 0, 0, 0]
Commvector Blue Agent 3 Message: [0, 0, 0, 0, 0, 0, 0, 1]

 Suspicious Activity Detected: None",Sleep,None,The last action is still in progress and no suspicious activity has been detected.
"# OBSERVATION

Mission Phase: 1
Last Action : Sleep
Last Action Status: UNKNOWN
Communication Vectors: 
Commvector Blue Agent 0 Message: [0, 0, 0, 0, 0, 0, 0, 1]
Commvector Blue Agent 1 Message: [0, 0, 0, 0, 0, 0, 0, 1]
Commvector Blue Agent 2 Message: [0, 0, 0, 0, 0, 0, 0, 1]
Commvector Blue Agent 3 Message: [0, 0, 0, 0, 0, 0, 0, 0]

 Suspicious Activity Detected: None",Sleep,None,"No suspicious activity detected and last action status is UNKNOWN, ensuring current actions are completed before any further actions."
"# OBSERVATION

Mission Phase: 1
Last Action : Analyse host:admin_network_subnet_user_host_2
Last Action Status: IN_PROGRESS
Communication Vectors: 
Commvector Blue Agent 0 Message: [0, 0, 0, 0, 0, 0, 0, 0]
Commvector Blue Agent 1 Message: [0, 0, 0, 0, 0, 0, 0, 1]
Commvector Blue Agent 2 Message: [0, 0, 0, 0, 0, 0, 0, 0]
Commvector Blue Agent 3 Message: [0, 0, 0, 0, 0, 0, 0, 0]

 Suspicious Activity Detected: None",Sleep,None,The previous action of analyzing the host is still in progress.
"# OBSERVATION

Mission Phase: 1
Last Action : Sleep
Last Action Status: UNKNOWN
Communication Vectors: 
Commvector Blue Agent 0 Message: [0, 0, 0, 0, 0, 0, 0, 1]
Commvector Blue Agent 1 Message: [0, 0, 0, 0, 0, 0, 0, 0]
Commvector Blue Agent 2 Message: [0, 0, 0, 0, 0, 0, 0, 0]
Commvector Blue Agent 3 Message: [0, 0, 0, 0, 0, 0, 0, 0]

Suspicious Activity Detected:
- Hostname: admin_network_subnet_user_host_2 | IP: 10.0.204.13",Analyse,host:admin_network_subnet_user_host_2,"Suspicious activity detected on the host, requiring further investigation."
"# OBSERVATION

Mission Phase: 1
Last Action : Sleep
Last Action Status: UNKNOWN
Communication Vectors: 
Commvector Blue Agent 0 Message: [0, 0, 0, 0, 0, 0, 0, 1]
Commvector Blue Agent 1 Message: [0, 0, 0, 0, 0, 0, 0, 0]
Commvector Blue Agent 2 Message: [0, 0, 0, 0, 0, 0, 0, 1]
Commvector Blue Agent 3 Message: [0, 0, 0, 0, 0, 0, 0, 1]

 Suspicious Activity Detected: None",Sleep,None,"Last action status is UNKNOWN, indicating current actions are still in process."
"# OBSERVATION

Mission Phase: 1
Last Action : Sleep
Last Action Status: UNKNOWN
Communication Vectors: 
Commvector Blue Agent 0 Message: [0, 0, 0, 0, 0, 0, 0, 0]
Commvector Blue Agent 1 Message: [0, 0, 0, 0, 0, 0, 0, 0]
Commvector Blue Agent 2 Message: [0, 0, 0, 0, 0, 0, 0, 0]
Commvector Blue Agent 3 Message: [0, 0, 0, 0, 0, 0, 0, 0]

 Suspicious Activity Detected: None",Sleep,None,The last action status is UNKNOWN and requires no further actions at this time.
"# OBSERVATION

Mission Phase: 1
Last Action : Sleep
Last Action Status: UNKNOWN
Communication Vectors: 
Commvector Blue Agent 0 Message: [0, 0, 0, 0, 0, 0, 0, 0]
Commvector Blue Agent 1 Message: [0, 0, 0, 0, 0, 0, 0, 1]
Commvector Blue Agent 2 Message: [0, 0, 0, 0, 0, 0, 0, 1]
Commvector Blue Agent 3 Message: [0, 0, 0, 0, 0, 0, 0, 0]

 Suspicious Activity Detected: None",Sleep,None,The last action is in progress and cannot be interrupted.
"# OBSERVATION

Mission Phase: 1
Last Action : Sleep
Last Action Status: UNKNOWN
Communication Vectors: 
Commvector Blue Agent 0 Message: [0, 0, 0, 0, 0, 0, 0, 1]
Commvector Blue Agent 1 Message: [0, 0, 0, 0, 0, 0, 0, 0]
Commvector Blue Agent 2 Message: [0, 0, 0, 0, 0, 0, 0, 0]
Commvector Blue Agent 3 Message: [0, 0, 0, 0, 0, 0, 0, 0]

 Suspicious Activity Detected: None",Sleep,None,"The last action is currently in progress, and I need to wait for it to complete."
"# OBSERVATION

Mission Phase: 1
Last Action : Sleep
Last Action Status: UNKNOWN
Communication Vectors: 
Commvector Blue Agent 0 Message: [0, 0, 0, 0, 0, 0, 0, 0]
Commvector Blue Agent 1 Message: [0, 0, 0, 0, 0, 0, 0, 1]
Commvector Blue Agent 2 Message: [0, 0, 0, 0, 0, 0, 0, 1]
Commvector Blue Agent 3 Message: [0, 0, 0, 0, 0, 0, 0, 0]

 Suspicious Activity Detected: None",Sleep,None,"The last action is currently in progress, and further actions cannot be executed until it completes."
"# OBSERVATION

Mission Phase: 1
Last Action : Sleep
Last Action Status: UNKNOWN
Communication Vectors: 
Commvector Blue Agent 0 Message: [0, 0, 0, 0, 0, 0, 0, 0]
Commvector Blue Agent 1 Message: [0, 0, 0, 0, 0, 0, 0, 0]
Commvector Blue Agent 2 Message: [0, 0, 0, 0, 0, 0, 0, 0]
Commvector Blue Agent 3 Message: [0, 0, 0, 0, 0, 0, 0, 0]

 Suspicious Activity Detected: None",Sleep,None,No suspicious activity detected and the last action status is unknown.
"# OBSERVATION

Mission Phase: 1
Last Action : Sleep
Last Action Status: UNKNOWN
Communication Vectors: 
Commvector Blue Agent 0 Message: [0, 0, 0, 0, 0, 0, 0, 0]
Commvector Blue Agent 1 Message: [0, 0, 0, 0, 0, 0, 0, 0]
Commvector Blue Agent 2 Message: [0, 0, 0, 0, 0, 0, 0, 1]
Commvector Blue Agent 3 Message: [0, 0, 0, 0, 0, 0, 0, 0]

Suspicious Activity Detected:
- Hostname: public_access_zone_subnet_server_host_1 | IP: 10.0.125.116 | INFO: Connection to 10.0.125.253 | INFO: Connection to 10.0.125.253",Sleep,None,The last action is currently in progress and cannot be interrupted.
"# OBSERVATION

Mission Phase: 1
Last Action : Sleep
Last Action Status: UNKNOWN
Communication Vectors: 
Commvector Blue Agent 0 Message: [0, 0, 0, 0, 0, 0, 0, 0]
Commvector Blue Agent 1 Message: [0, 0, 0, 0, 0, 0, 0, 0]
Commvector Blue Agent 2 Message: [0, 0, 0, 0, 0, 0, 0, 0]
Commvector Blue Agent 3 Message: [0, 0, 0, 0, 0, 0, 0, 0]

 Suspicious Activity Detected: None",Sleep,None,"Last action status is UNKNOWN, hence I will wait for the ongoing action to complete."
"# OBSERVATION

Mission Phase: 1
Last Action : Sleep
Last Action Status: UNKNOWN
Communication Vectors: 
Commvector Blue Agent 0 Message: [0, 0, 0, 0, 0, 0, 0, 0]
Commvector Blue Agent 1 Message: [0, 0, 0, 0, 0, 0, 0, 1]
Commvector Blue Agent 2 Message: [0, 0, 0, 0, 0, 0, 0, 1]
Commvector Blue Agent 3 Message: [0, 0, 0, 0, 0, 0, 0, 1]

 Suspicious Activity Detected: None",Sleep,None,The last action is IN_PROGRESS and its status is UNKNOWN.
"# OBSERVATION

Mission Phase: 1
Last Action : Sleep
Last Action Status: UNKNOWN
Communication Vectors: 
Commvector Blue Agent 0 Message: [0, 0, 0, 0, 0, 0, 0, 0]
Commvector Blue Agent 1 Message: [0, 0, 0, 0, 0, 0, 0, 0]
Commvector Blue Agent 2 Message: [0, 0, 0, 0, 0, 0, 0, 0]
Commvector Blue Agent 3 Message: [0, 0, 0, 0, 0, 0, 0, 1]

 Suspicious Activity Detected: None",Sleep,None,No suspicious activity detected; previous action status is unknown.
"# OBSERVATION

Mission Phase: 1
Last Action : Sleep
Last Action Status: UNKNOWN
Communication Vectors: 
Commvector Blue Agent 0 Message: [0, 0, 0, 0, 0, 0, 0, 1]
Commvector Blue Agent 1 Message: [0, 0, 0, 0, 0, 0, 0, 0]
Commvector Blue Agent 2 Message: [0, 0, 0, 0, 0, 0, 0, 1]
Commvector Blue Agent 3 Message: [0, 0, 0, 0, 0, 0, 0, 0]

 Suspicious Activity Detected: None",Sleep,None,The last action is currently in progress and cannot be interrupted.
"# OBSERVATION

Mission Phase: 1
Last Action : Sleep
Last Action Status: UNKNOWN
Communication Vectors: 
Commvector Blue Agent 0 Message: [0, 0, 0, 0, 0, 0, 0, 0]
Commvector Blue Agent 1 Message: [0, 0, 0, 0, 0, 0, 0, 0]
Commvector Blue Agent 2 Message: [0, 0, 0, 0, 0, 0, 0, 0]
Commvector Blue Agent 3 Message: [0, 0, 0, 0, 0, 0, 0, 0]

Suspicious Activity Detected:
- Hostname: public_access_zone_subnet_router | IP: 10.0.125.252 | INFO: Connection to 10.0.64.71 | INFO: Connection to 10.0.64.71
- Hostname: public_access_zone_subnet_server_host_2 | IP: 10.0.125.252 | INFO: Connection to 10.0.64.71 | INFO: Connection to 10.0.64.71 | INFO: Connection to 10.0.64.71 | INFO: Connection to 10.0.64.71 | INFO: Connection to 10.0.64.71 | INFO: Connection to 10.0.64.71 | INFO: Connection to 10.0.64.71 | INFO: Connection to 10.0.64.71 | INFO: Connection to 10.0.64.71 | INFO: Connection to 10.0.64.71 | INFO: Connection to 10.0.64.71 | INFO: Connection to 10.0.64.71 | INFO: Connection to 10.0.64.71 | INFO: Connection to 10.0.64.71 | INFO: Connection to 10.0.64.71 | INFO: Connection to 10.0.64.71 | INFO: Connection to 10.0.64.71 | INFO: Connection to 10.0.64.71 | INFO: Connection to 10.0.64.71 | INFO: Connection to 10.0.64.71 | INFO: Connection to 10.0.64.71 | INFO: Connection to 10.0.64.71 | WARNING: Suspicious process detected
- Hostname: office_network_subnet_router | IP: 10.0.125.252 | INFO: Connection to 10.0.64.71 | INFO: Connection to 10.0.64.71
- Hostname: office_network_subnet_user_host_4 | IP: 10.0.125.252 | INFO: Connection to 10.0.64.71 | INFO: Connection to 10.0.64.71",Sleep,None,"Last action is still in progress, awaiting completion."
"# OBSERVATION

Mission Phase: 1
Last Action : Analyse host:public_access_zone_subnet_user_host_6
Last Action Status: IN_PROGRESS
Communication Vectors: 
Commvector Blue Agent 0 Message: [0, 0, 0, 0, 0, 0, 0, 0]
Commvector Blue Agent 1 Message: [0, 0, 0, 0, 0, 0, 0, 0]
Commvector Blue Agent 2 Message: [0, 0, 0, 0, 0, 0, 0, 0]
Commvector Blue Agent 3 Message: [0, 0, 0, 0, 0, 0, 0, 0]

Suspicious Activity Detected:
- Hostname: public_access_zone_subnet_user_host_5 | IP: 10.0.125.242
- Hostname: public_access_zone_subnet_server_host_5 | IP: 10.0.216.82 | INFO: Connection to 10.0.125.248 | INFO: Connection to 10.0.125.248",Sleep,None,Last action is still in progress.
"# OBSERVATION

Mission Phase: 1
Last Action : Sleep
Last Action Status: UNKNOWN
Communication Vectors: 
Commvector Blue Agent 0 Message: [0, 0, 0, 0, 0, 0, 0, 0]
Commvector Blue Agent 1 Message: [0, 0, 0, 0, 0, 0, 0, 0]
Commvector Blue Agent 2 Message: [0, 0, 0, 0, 0, 0, 0, 1]
Commvector Blue Agent 3 Message: [0, 0, 0, 0, 0, 0, 0, 0]

Suspicious Activity Detected:
- Hostname: public_access_zone_subnet_user_host_6 | IP: 10.0.125.84",Analyse,host:public_access_zone_subnet_user_host_6,Suspicious activity detected on the host indicating potential presence of a red agent.
"# OBSERVATION

Mission Phase: 1
Last Action : Sleep
Last Action Status: UNKNOWN
Communication Vectors: 
Commvector Blue Agent 0 Message: [0, 0, 0, 0, 0, 0, 0, 1]
Commvector Blue Agent 1 Message: [0, 1, 0, 0, 0, 1, 0, 0]
Commvector Blue Agent 2 Message: [0, 0, 0, 0, 0, 0, 0, 0]
Commvector Blue Agent 3 Message: [0, 0, 0, 0, 0, 0, 0, 0]

 Suspicious Activity Detected: None",Sleep,None,Last action status is UNKNOWN and requires further time for completion.
"# OBSERVATION

Mission Phase: 1
Last Action : Sleep
Last Action Status: UNKNOWN
Communication Vectors: 
Commvector Blue Agent 0 Message: [0, 0, 0, 0, 0, 0, 0, 1]
Commvector Blue Agent 1 Message: [0, 0, 0, 0, 0, 0, 0, 0]
Commvector Blue Agent 2 Message: [0, 0, 0, 0, 0, 0, 0, 1]
Commvector Blue Agent 3 Message: [0, 0, 0, 0, 0, 0, 0, 0]

 Suspicious Activity Detected: None",Sleep,None,The last action is still in progress and no suspicious activity is detected.
"# OBSERVATION

Mission Phase: 1
Last Action : Sleep
Last Action Status: UNKNOWN
Communication Vectors: 
Commvector Blue Agent 0 Message: [0, 0, 0, 0, 0, 0, 0, 0]
Commvector Blue Agent 1 Message: [0, 0, 0, 0, 0, 0, 0, 0]
Commvector Blue Agent 2 Message: [0, 0, 0, 0, 0, 0, 0, 0]
Commvector Blue Agent 3 Message: [0, 0, 0, 0, 0, 0, 0, 1]

 Suspicious Activity Detected: None",Sleep,None,The last action is still in progress and cannot be interrupted.
"# OBSERVATION

Mission Phase: 1
Last Action : Sleep
Last Action Status: UNKNOWN
Communication Vectors: 
Commvector Blue Agent 0 Message: [0, 0, 0, 0, 0, 0, 0, 0]
Commvector Blue Agent 1 Message: [0, 0, 0, 0, 0, 0, 0, 0]
Commvector Blue Agent 2 Message: [0, 0, 0, 0, 0, 0, 0, 1]
Commvector Blue Agent 3 Message: [0, 0, 0, 0, 0, 0, 0, 0]

 Suspicious Activity Detected: None",Sleep,None,The last action is still in progress and cannot be interrupted.
"# OBSERVATION

Mission Phase: 1
Last Action : Sleep
Last Action Status: UNKNOWN
Communication Vectors: 
Commvector Blue Agent 0 Message: [0, 0, 0, 0, 0, 0, 0, 0]
Commvector Blue Agent 1 Message: [0, 0, 0, 0, 0, 0, 0, 0]
Commvector Blue Agent 2 Message: [0, 0, 0, 0, 0, 0, 0, 0]
Commvector Blue Agent 3 Message: [0, 0, 0, 0, 0, 0, 0, 0]

 Suspicious Activity Detected: None",Sleep,None,"The last action is still in progress, and no suspicious activity has been detected."
"# OBSERVATION

Mission Phase: 1
Last Action : Sleep
Last Action Status: UNKNOWN
Communication Vectors: 
Commvector Blue Agent 0 Message: [0, 0, 0, 0, 0, 0, 0, 0]
Commvector Blue Agent 1 Message: [0, 0, 0, 0, 0, 0, 0, 1]
Commvector Blue Agent 2 Message: [0, 0, 0, 0, 0, 0, 0, 0]
Commvector Blue Agent 3 Message: [0, 0, 0, 0, 0, 0, 0, 0]

 Suspicious Activity Detected: None",Sleep,None,"The last action status is unknown and no suspicious activity has been detected, indicating that we should wait for the previous action to complete."
"# OBSERVATION

Mission Phase: 1
Last Action : Sleep
Last Action Status: UNKNOWN
Communication Vectors: 
Commvector Blue Agent 0 Message: [0, 0, 0, 0, 0, 0, 0, 1]
Commvector Blue Agent 1 Message: [0, 0, 0, 0, 0, 0, 0, 1]
Commvector Blue Agent 2 Message: [0, 0, 0, 0, 0, 0, 0, 1]
Commvector Blue Agent 3 Message: [0, 0, 0, 0, 0, 0, 0, 0]

 Suspicious Activity Detected: None",Sleep,None,"The last action is still in progress, and further actions should wait."
"# OBSERVATION

Mission Phase: 1
Last Action : Sleep
Last Action Status: UNKNOWN
Communication Vectors: 
Commvector Blue Agent 0 Message: [0, 0, 0, 0, 0, 0, 0, 1]
Commvector Blue Agent 1 Message: [0, 0, 0, 0, 0, 0, 0, 0]
Commvector Blue Agent 2 Message: [0, 0, 0, 0, 0, 0, 0, 0]
Commvector Blue Agent 3 Message: [0, 0, 0, 0, 0, 0, 0, 0]

 Suspicious Activity Detected: None",Sleep,None,The last action is in progress and we cannot determine its outcome.
"# OBSERVATION

Mission Phase: 1
Last Action : Sleep
Last Action Status: UNKNOWN
Communication Vectors: 
Commvector Blue Agent 0 Message: [0, 0, 0, 0, 0, 0, 0, 0]
Commvector Blue Agent 1 Message: [0, 0, 0, 0, 0, 0, 0, 0]
Commvector Blue Agent 2 Message: [0, 0, 0, 0, 0, 0, 0, 1]
Commvector Blue Agent 3 Message: [0, 0, 0, 0, 0, 0, 0, 0]

 Suspicious Activity Detected: None",Sleep,None,"The last action status is UNKNOWN, indicating ongoing processes that require waiting."
"# OBSERVATION

Mission Phase: 1
Last Action : Sleep
Last Action Status: UNKNOWN
Communication Vectors: 
Commvector Blue Agent 0 Message: [0, 0, 0, 0, 0, 0, 0, 0]
Commvector Blue Agent 1 Message: [0, 0, 0, 0, 0, 0, 0, 0]
Commvector Blue Agent 2 Message: [0, 0, 0, 0, 0, 0, 0, 0]
Commvector Blue Agent 3 Message: [0, 0, 0, 0, 0, 0, 0, 0]

 Suspicious Activity Detected: None",Sleep,None,"The last action is in progress and its status is unknown, so further action should wait."
"# OBSERVATION

Mission Phase: 1
Last Action : Sleep
Last Action Status: UNKNOWN
Communication Vectors: 
Commvector Blue Agent 0 Message: [0, 0, 0, 0, 0, 0, 0, 0]
Commvector Blue Agent 1 Message: [0, 0, 0, 0, 0, 0, 0, 0]
Commvector Blue Agent 2 Message: [0, 0, 0, 0, 0, 0, 0, 1]
Commvector Blue Agent 3 Message: [0, 0, 0, 0, 0, 0, 0, 0]

 Suspicious Activity Detected: None",Sleep,None,"The last action is still in progress, maintaining current state."
"# OBSERVATION

Mission Phase: 1
Last Action : Sleep
Last Action Status: UNKNOWN
Communication Vectors: 
Commvector Blue Agent 0 Message: [0, 0, 0, 0, 0, 0, 0, 0]
Commvector Blue Agent 1 Message: [0, 0, 0, 0, 0, 0, 0, 0]
Commvector Blue Agent 2 Message: [0, 0, 0, 0, 0, 0, 0, 0]
Commvector Blue Agent 3 Message: [0, 0, 0, 0, 0, 0, 0, 0]

 Suspicious Activity Detected: None",Sleep,None,The last action is still in progress and we cannot proceed without knowing its outcome.
"# OBSERVATION

Mission Phase: 1
Last Action : Sleep
Last Action Status: UNKNOWN
Communication Vectors: 
Commvector Blue Agent 0 Message: [0, 0, 0, 0, 0, 0, 0, 1]
Commvector Blue Agent 1 Message: [0, 0, 0, 0, 0, 0, 0, 0]
Commvector Blue Agent 2 Message: [0, 0, 0, 0, 0, 0, 0, 0]
Commvector Blue Agent 3 Message: [0, 0, 0, 0, 0, 0, 0, 0]

 Suspicious Activity Detected: None",Sleep,None,The last action is still in progress and needs to be completed before taking further action.
"# OBSERVATION

Mission Phase: 1
Last Action : Sleep
Last Action Status: UNKNOWN
Communication Vectors: 
Commvector Blue Agent 0 Message: [0, 0, 0, 0, 0, 0, 0, 0]
Commvector Blue Agent 1 Message: [0, 1, 0, 0, 0, 1, 0, 1]
Commvector Blue Agent 2 Message: [0, 0, 0, 0, 0, 0, 0, 1]
Commvector Blue Agent 3 Message: [0, 0, 0, 0, 0, 0, 0, 0]

 Suspicious Activity Detected: None",Sleep,None,The last action is still in progress and requires monitoring.
"# OBSERVATION

Mission Phase: 1
Last Action : Sleep
Last Action Status: UNKNOWN
Communication Vectors: 
Commvector Blue Agent 0 Message: [0, 0, 0, 0, 0, 0, 0, 1]
Commvector Blue Agent 1 Message: [0, 0, 0, 0, 0, 0, 0, 0]
Commvector Blue Agent 2 Message: [0, 0, 0, 0, 0, 0, 0, 0]
Commvector Blue Agent 3 Message: [0, 0, 0, 0, 0, 0, 0, 0]

 Suspicious Activity Detected: None",Sleep,None,The last action is still in progress and status is unknown.
"# OBSERVATION

Mission Phase: 1
Last Action : Sleep
Last Action Status: UNKNOWN
Communication Vectors: 
Commvector Blue Agent 0 Message: [0, 0, 0, 0, 0, 0, 0, 0]
Commvector Blue Agent 1 Message: [0, 0, 0, 0, 0, 0, 0, 0]
Commvector Blue Agent 2 Message: [0, 0, 0, 0, 0, 0, 0, 1]
Commvector Blue Agent 3 Message: [0, 0, 0, 0, 0, 0, 0, 0]

 Suspicious Activity Detected: None",Sleep,None,The last action is still IN_PROGRESS and no suspicious activity has been detected.
"# OBSERVATION

Mission Phase: 1
Last Action : Sleep
Last Action Status: UNKNOWN
Communication Vectors: 
Commvector Blue Agent 0 Message: [0, 0, 0, 0, 0, 0, 0, 1]
Commvector Blue Agent 1 Message: [0, 0, 0, 0, 0, 0, 0, 0]
Commvector Blue Agent 2 Message: [0, 0, 0, 0, 0, 0, 0, 0]
Commvector Blue Agent 3 Message: [0, 0, 0, 0, 0, 0, 0, 0]

 Suspicious Activity Detected: None",Sleep,None,The last action is in progress and requires further waiting.
"# OBSERVATION

Mission Phase: 1
Last Action : Sleep
Last Action Status: UNKNOWN
Communication Vectors: 
Commvector Blue Agent 0 Message: [0, 0, 0, 0, 0, 0, 0, 0]
Commvector Blue Agent 1 Message: [0, 0, 0, 0, 0, 0, 0, 1]
Commvector Blue Agent 2 Message: [0, 0, 0, 0, 0, 0, 0, 1]
Commvector Blue Agent 3 Message: [0, 0, 0, 0, 0, 0, 0, 0]

 Suspicious Activity Detected: None",Sleep,None,"Last action is in progress and status is unknown, waiting for it to complete."
"# OBSERVATION

Mission Phase: 1
Last Action : Sleep
Last Action Status: UNKNOWN
Communication Vectors: 
Commvector Blue Agent 0 Message: [0, 0, 0, 0, 0, 0, 0, 0]
Commvector Blue Agent 1 Message: [0, 0, 0, 0, 0, 0, 0, 0]
Commvector Blue Agent 2 Message: [0, 0, 0, 0, 0, 0, 0, 0]
Commvector Blue Agent 3 Message: [0, 0, 0, 0, 0, 0, 0, 1]

 Suspicious Activity Detected: None",Sleep,None,Last action status is unknown and requires waiting for completion.
"# OBSERVATION

Mission Phase: 1
Last Action : Analyse host:office_network_subnet_user_host_1
Last Action Status: IN_PROGRESS
Communication Vectors: 
Commvector Blue Agent 0 Message: [0, 0, 0, 0, 0, 0, 0, 1]
Commvector Blue Agent 1 Message: [0, 0, 0, 0, 0, 0, 0, 0]
Commvector Blue Agent 2 Message: [0, 0, 0, 0, 0, 0, 0, 1]
Commvector Blue Agent 3 Message: [0, 0, 0, 0, 0, 0, 0, 0]

 Suspicious Activity Detected: None",Sleep,None,"The last action is still in progress, waiting for completion."
"# OBSERVATION

Mission Phase: 1
Last Action : Sleep
Last Action Status: UNKNOWN
Communication Vectors: 
Commvector Blue Agent 0 Message: [0, 0, 0, 0, 0, 0, 0, 0]
Commvector Blue Agent 1 Message: [0, 0, 0, 0, 0, 0, 0, 1]
Commvector Blue Agent 2 Message: [0, 0, 0, 0, 0, 0, 0, 0]
Commvector Blue Agent 3 Message: [0, 0, 0, 0, 0, 0, 0, 0]

Suspicious Activity Detected:
- Hostname: office_network_subnet_user_host_1 | IP: 10.0.64.157",Analyse,host:office_network_subnet_user_host_1,"Suspicious activity detected on the host, requiring further investigation for potential red agent presence."
"# OBSERVATION

Mission Phase: 1
Last Action : Sleep
Last Action Status: UNKNOWN
Communication Vectors: 
Commvector Blue Agent 0 Message: [0, 0, 0, 0, 0, 0, 0, 0]
Commvector Blue Agent 1 Message: [0, 0, 0, 0, 0, 0, 0, 0]
Commvector Blue Agent 2 Message: [0, 0, 0, 0, 0, 0, 0, 1]
Commvector Blue Agent 3 Message: [0, 0, 0, 0, 0, 0, 0, 1]

 Suspicious Activity Detected: None",Sleep,None,"The last action status is UNKNOWN, indicating the current operation is still in progress."
"# OBSERVATION

Mission Phase: 1
Last Action : Sleep
Last Action Status: UNKNOWN
Communication Vectors: 
Commvector Blue Agent 0 Message: [0, 0, 0, 0, 0, 0, 0, 1]
Commvector Blue Agent 1 Message: [0, 1, 0, 0, 0, 1, 0, 0]
Commvector Blue Agent 2 Message: [0, 0, 0, 0, 0, 0, 0, 0]
Commvector Blue Agent 3 Message: [0, 0, 0, 0, 0, 0, 0, 1]

Suspicious Activity Detected:
- Hostname: public_access_zone_subnet_user_host_0 | IP: 10.0.125.159 | INFO: Connection to 10.0.204.13 | INFO: Connection to 10.0.204.13",Sleep,None,"The last action is IN_PROGRESS, so I will wait for its completion."
"# OBSERVATION

Mission Phase: 1
Last Action : Sleep
Last Action Status: UNKNOWN
Communication Vectors: 
Commvector Blue Agent 0 Message: [1, 0, 0, 0, 0, 1, 0, 0]
Commvector Blue Agent 1 Message: [0, 0, 0, 0, 0, 0, 0, 1]
Commvector Blue Agent 2 Message: [0, 0, 0, 0, 0, 0, 0, 1]
Commvector Blue Agent 3 Message: [0, 0, 0, 0, 0, 0, 0, 0]

 Suspicious Activity Detected: None",Sleep,None,"The last action is currently in progress, and I need to wait for it to complete."
"# OBSERVATION

Mission Phase: 1
Last Action : Sleep
Last Action Status: UNKNOWN
Communication Vectors: 
Commvector Blue Agent 0 Message: [0, 0, 0, 0, 0, 0, 0, 0]
Commvector Blue Agent 1 Message: [0, 0, 0, 0, 0, 0, 0, 0]
Commvector Blue Agent 2 Message: [0, 0, 0, 0, 0, 0, 0, 0]
Commvector Blue Agent 3 Message: [0, 0, 0, 0, 0, 0, 0, 0]

 Suspicious Activity Detected: None",Sleep,None,"Last action status is UNKNOWN, indicating no further actions can be taken at this time."
"# OBSERVATION

Mission Phase: 1
Last Action : Sleep
Last Action Status: UNKNOWN
Communication Vectors: 
Commvector Blue Agent 0 Message: [0, 0, 0, 0, 0, 0, 0, 0]
Commvector Blue Agent 1 Message: [0, 0, 0, 0, 0, 0, 0, 1]
Commvector Blue Agent 2 Message: [0, 0, 0, 0, 0, 0, 0, 1]
Commvector Blue Agent 3 Message: [0, 0, 0, 0, 0, 0, 0, 0]

 Suspicious Activity Detected: None",Sleep,None,"Last action is still in progress and status is unknown, therefore, I will wait."
"# OBSERVATION

Mission Phase: 1
Last Action : Sleep
Last Action Status: UNKNOWN
Communication Vectors: 
Commvector Blue Agent 0 Message: [0, 0, 0, 0, 0, 0, 0, 1]
Commvector Blue Agent 1 Message: [0, 0, 0, 0, 0, 0, 0, 0]
Commvector Blue Agent 2 Message: [0, 0, 0, 0, 0, 0, 0, 1]
Commvector Blue Agent 3 Message: [0, 0, 0, 0, 0, 0, 0, 0]

 Suspicious Activity Detected: None",Sleep,None,"The last action is still in progress, so no further action can be taken at this moment."
"# OBSERVATION

Mission Phase: 1
Last Action : Sleep
Last Action Status: UNKNOWN
Communication Vectors: 
Commvector Blue Agent 0 Message: [0, 0, 0, 0, 0, 0, 0, 0]
Commvector Blue Agent 1 Message: [0, 0, 0, 0, 0, 0, 0, 0]
Commvector Blue Agent 2 Message: [0, 0, 0, 0, 0, 0, 0, 0]
Commvector Blue Agent 3 Message: [0, 0, 0, 0, 0, 0, 0, 0]

 Suspicious Activity Detected: None",Sleep,None,"Last action is still in progress, waiting for it to complete."
"# OBSERVATION

Mission Phase: 1
Last Action : Sleep
Last Action Status: UNKNOWN
Communication Vectors: 
Commvector Blue Agent 0 Message: [0, 0, 0, 0, 0, 0, 0, 0]
Commvector Blue Agent 1 Message: [0, 0, 0, 0, 0, 0, 0, 1]
Commvector Blue Agent 2 Message: [0, 0, 0, 0, 0, 0, 0, 0]
Commvector Blue Agent 3 Message: [0, 0, 0, 0, 0, 0, 0, 0]

 Suspicious Activity Detected: None",Sleep,None,The last action is still in progress and we are awaiting its completion.
"# OBSERVATION

Mission Phase: 1
Last Action : Sleep
Last Action Status: UNKNOWN
Communication Vectors: 
Commvector Blue Agent 0 Message: [0, 0, 0, 0, 0, 0, 0, 0]
Commvector Blue Agent 1 Message: [0, 0, 0, 0, 0, 0, 0, 0]
Commvector Blue Agent 2 Message: [0, 0, 0, 0, 0, 0, 0, 1]
Commvector Blue Agent 3 Message: [0, 0, 0, 0, 0, 0, 0, 0]

 Suspicious Activity Detected: None",Sleep,None,The last action is still in progress and cannot be interrupted.
"# OBSERVATION

Mission Phase: 1
Last Action : Sleep
Last Action Status: UNKNOWN
Communication Vectors: 
Commvector Blue Agent 0 Message: [0, 0, 0, 0, 0, 0, 0, 0]
Commvector Blue Agent 1 Message: [0, 0, 0, 0, 0, 0, 0, 1]
Commvector Blue Agent 2 Message: [0, 0, 1, 0, 0, 1, 0, 0]
Commvector Blue Agent 3 Message: [0, 0, 0, 0, 0, 0, 0, 0]

 Suspicious Activity Detected: None",Sleep,None,The last action is still in progress and requires no immediate further action.
"# OBSERVATION

Mission Phase: 1
Last Action : Sleep
Last Action Status: UNKNOWN
Communication Vectors: 
Commvector Blue Agent 0 Message: [0, 0, 0, 0, 0, 0, 0, 0]
Commvector Blue Agent 1 Message: [0, 0, 0, 0, 0, 0, 0, 1]
Commvector Blue Agent 2 Message: [0, 0, 0, 0, 0, 0, 0, 1]
Commvector Blue Agent 3 Message: [0, 0, 0, 0, 0, 0, 0, 0]

 Suspicious Activity Detected: None",Sleep,None,No suspicious activity detected and the last action status is unknown.
"# OBSERVATION

Mission Phase: 1
Last Action : Analyse host:admin_network_subnet_user_host_2
Last Action Status: IN_PROGRESS
Communication Vectors: 
Commvector Blue Agent 0 Message: [0, 0, 0, 0, 0, 0, 0, 0]
Commvector Blue Agent 1 Message: [0, 0, 0, 0, 0, 0, 0, 0]
Commvector Blue Agent 2 Message: [0, 0, 0, 0, 0, 0, 0, 0]
Commvector Blue Agent 3 Message: [0, 0, 0, 0, 0, 0, 0, 0]

 Suspicious Activity Detected: None",Sleep,None,The last action is still in progress and needs to be completed.
"# OBSERVATION

Mission Phase: 1
Last Action : Sleep
Last Action Status: UNKNOWN
Communication Vectors: 
Commvector Blue Agent 0 Message: [0, 0, 0, 0, 0, 0, 0, 1]
Commvector Blue Agent 1 Message: [0, 0, 0, 0, 0, 0, 0, 0]
Commvector Blue Agent 2 Message: [0, 0, 0, 0, 0, 0, 0, 1]
Commvector Blue Agent 3 Message: [0, 0, 0, 0, 0, 0, 0, 1]

Suspicious Activity Detected:
- Hostname: admin_network_subnet_user_host_2 | IP: 10.0.204.13",Analyse,host:admin_network_subnet_user_host_2,"Suspicious activity detected on this host, requiring further investigation."
"# OBSERVATION

Mission Phase: 1
Last Action : Sleep
Last Action Status: UNKNOWN
Communication Vectors: 
Commvector Blue Agent 0 Message: [0, 0, 0, 0, 0, 0, 0, 0]
Commvector Blue Agent 1 Message: [0, 0, 0, 0, 0, 0, 0, 1]
Commvector Blue Agent 2 Message: [0, 0, 0, 0, 0, 0, 0, 0]
Commvector Blue Agent 3 Message: [0, 0, 0, 0, 0, 0, 0, 0]

 Suspicious Activity Detected: None",Sleep,None,"The last action status is UNKNOWN, indicating that the previous action is still in progress."
"# OBSERVATION

Mission Phase: 1
Last Action : Sleep
Last Action Status: UNKNOWN
Communication Vectors: 
Commvector Blue Agent 0 Message: [0, 0, 0, 0, 0, 0, 0, 0]
Commvector Blue Agent 1 Message: [0, 0, 0, 0, 0, 0, 0, 0]
Commvector Blue Agent 2 Message: [0, 0, 0, 0, 0, 0, 0, 1]
Commvector Blue Agent 3 Message: [0, 0, 0, 0, 0, 0, 0, 0]

 Suspicious Activity Detected: None",Sleep,None,Last action is still in progress and cannot be interrupted.
"# OBSERVATION

Mission Phase: 1
Last Action : Sleep
Last Action Status: UNKNOWN
Communication Vectors: 
Commvector Blue Agent 0 Message: [0, 0, 0, 0, 0, 0, 0, 1]
Commvector Blue Agent 1 Message: [0, 0, 0, 0, 0, 0, 0, 0]
Commvector Blue Agent 2 Message: [0, 0, 0, 0, 0, 0, 0, 0]
Commvector Blue Agent 3 Message: [0, 0, 0, 0, 0, 0, 0, 0]

 Suspicious Activity Detected: None",Sleep,None,"The last action status is UNKNOWN, indicating that the previous action is still in progress."
"# OBSERVATION

Mission Phase: 1
Last Action : Sleep
Last Action Status: UNKNOWN
Communication Vectors: 
Commvector Blue Agent 0 Message: [0, 0, 0, 0, 0, 0, 0, 0]
Commvector Blue Agent 1 Message: [0, 0, 0, 0, 0, 0, 0, 0]
Commvector Blue Agent 2 Message: [0, 0, 0, 0, 0, 0, 0, 0]
Commvector Blue Agent 3 Message: [0, 0, 0, 0, 0, 0, 0, 0]

 Suspicious Activity Detected: None",Sleep,None,Last action status is UNKNOWN and no suspicious activity detected.
"# OBSERVATION

Mission Phase: 1
Last Action : Sleep
Last Action Status: UNKNOWN
Communication Vectors: 
Commvector Blue Agent 0 Message: [0, 0, 0, 0, 0, 0, 0, 0]
Commvector Blue Agent 1 Message: [0, 0, 0, 0, 0, 0, 0, 1]
Commvector Blue Agent 2 Message: [0, 0, 0, 0, 0, 0, 0, 1]
Commvector Blue Agent 3 Message: [0, 0, 0, 0, 0, 0, 0, 1]

Suspicious Activity Detected:
- Hostname: public_access_zone_subnet_server_host_5 | IP: 10.0.125.116 | INFO: Connection to 10.0.125.248 | INFO: Connection to 10.0.125.248",Sleep,None,The last action is still in progress and requires waiting.
"# OBSERVATION

Mission Phase: 1
Last Action : Sleep
Last Action Status: UNKNOWN
Communication Vectors: 
Commvector Blue Agent 0 Message: [0, 0, 0, 0, 0, 0, 0, 0]
Commvector Blue Agent 1 Message: [0, 0, 0, 0, 0, 0, 0, 1]
Commvector Blue Agent 2 Message: [0, 0, 0, 0, 0, 0, 0, 0]
Commvector Blue Agent 3 Message: [0, 0, 0, 0, 0, 0, 0, 0]

 Suspicious Activity Detected: None",Sleep,None,"The last action is still in progress, and no suspicious activity has been detected."
"# OBSERVATION

Mission Phase: 1
Last Action : Sleep
Last Action Status: UNKNOWN
Communication Vectors: 
Commvector Blue Agent 0 Message: [0, 0, 0, 0, 0, 0, 0, 0]
Commvector Blue Agent 1 Message: [0, 0, 0, 0, 0, 0, 0, 0]
Commvector Blue Agent 2 Message: [0, 0, 0, 0, 0, 0, 0, 1]
Commvector Blue Agent 3 Message: [0, 0, 0, 0, 0, 0, 0, 1]

 Suspicious Activity Detected: None",Sleep,None,"The last action status is UNKNOWN, so the current action should be maintained until further assessment is possible."
"# OBSERVATION

Mission Phase: 1
Last Action : Analyse host:office_network_subnet_user_host_9
Last Action Status: IN_PROGRESS
Communication Vectors: 
Commvector Blue Agent 0 Message: [0, 0, 0, 0, 0, 0, 0, 1]
Commvector Blue Agent 1 Message: [0, 0, 0, 0, 0, 0, 0, 0]
Commvector Blue Agent 2 Message: [0, 0, 0, 0, 0, 0, 0, 0]
Commvector Blue Agent 3 Message: [0, 0, 0, 0, 0, 0, 0, 0]

 Suspicious Activity Detected: None",Sleep,None,The last action of analyzing the host is still in progress.
"# OBSERVATION

Mission Phase: 1
Last Action : Sleep
Last Action Status: UNKNOWN
Communication Vectors: 
Commvector Blue Agent 0 Message: [0, 0, 0, 0, 0, 0, 0, 0]
Commvector Blue Agent 1 Message: [0, 0, 0, 0, 0, 0, 0, 1]
Commvector Blue Agent 2 Message: [0, 0, 1, 0, 0, 1, 0, 0]
Commvector Blue Agent 3 Message: [0, 0, 0, 0, 0, 0, 0, 0]

Suspicious Activity Detected:
- Hostname: office_network_subnet_user_host_9 | IP: 10.0.64.200",Analyse,host:office_network_subnet_user_host_9,Suspicious activity detected on the host necessitates further investigation.
"# OBSERVATION

Mission Phase: 1
Last Action : Sleep
Last Action Status: UNKNOWN
Communication Vectors: 
Commvector Blue Agent 0 Message: [0, 0, 0, 0, 0, 0, 0, 0]
Commvector Blue Agent 1 Message: [0, 0, 0, 0, 0, 0, 0, 0]
Commvector Blue Agent 2 Message: [0, 0, 0, 0, 0, 0, 0, 1]
Commvector Blue Agent 3 Message: [0, 0, 0, 0, 0, 0, 0, 1]

 Suspicious Activity Detected: None",Sleep,None,The last action is in progress and further action cannot be taken until it completes.
"# OBSERVATION

Mission Phase: 1
Last Action : Analyse host:public_access_zone_subnet_user_host_3
Last Action Status: IN_PROGRESS
Communication Vectors: 
Commvector Blue Agent 0 Message: [0, 0, 0, 0, 0, 0, 0, 0]
Commvector Blue Agent 1 Message: [0, 0, 0, 0, 0, 0, 0, 0]
Commvector Blue Agent 2 Message: [0, 0, 0, 0, 0, 0, 0, 0]
Commvector Blue Agent 3 Message: [0, 0, 0, 0, 0, 0, 0, 0]

 Suspicious Activity Detected: None",Sleep,None,The previous action of analyzing the host is still in progress.
"# OBSERVATION

Mission Phase: 1
Last Action : Sleep
Last Action Status: UNKNOWN
Communication Vectors: 
Commvector Blue Agent 0 Message: [0, 0, 0, 0, 0, 0, 0, 0]
Commvector Blue Agent 1 Message: [0, 0, 0, 0, 0, 0, 0, 1]
Commvector Blue Agent 2 Message: [0, 0, 0, 0, 0, 0, 0, 1]
Commvector Blue Agent 3 Message: [0, 0, 0, 0, 0, 0, 0, 0]

Suspicious Activity Detected:
- Hostname: public_access_zone_subnet_user_host_3 | IP: 10.0.125.234",Analyse,host:public_access_zone_subnet_user_host_3,Suspicious activity detected on the host that needs further investigation.
"# OBSERVATION

Mission Phase: 1
Last Action : Sleep
Last Action Status: UNKNOWN
Communication Vectors: 
Commvector Blue Agent 0 Message: [0, 0, 0, 0, 0, 0, 0, 0]
Commvector Blue Agent 1 Message: [0, 0, 0, 0, 0, 0, 0, 1]
Commvector Blue Agent 2 Message: [0, 0, 0, 0, 0, 0, 0, 0]
Commvector Blue Agent 3 Message: [0, 0, 0, 0, 0, 0, 0, 0]

 Suspicious Activity Detected: None",Sleep,None,"Last action status is UNKNOWN, indicating an ongoing process that requires waiting."
"# OBSERVATION

Mission Phase: 1
Last Action : Sleep
Last Action Status: UNKNOWN
Communication Vectors: 
Commvector Blue Agent 0 Message: [0, 0, 0, 0, 0, 0, 0, 1]
Commvector Blue Agent 1 Message: [0, 0, 0, 0, 0, 0, 0, 0]
Commvector Blue Agent 2 Message: [0, 0, 0, 0, 0, 0, 0, 0]
Commvector Blue Agent 3 Message: [0, 0, 0, 0, 0, 0, 0, 1]

 Suspicious Activity Detected: None",Sleep,None,"The last action is still in progress, and the status is unknown."
"# OBSERVATION

Mission Phase: 1
Last Action : Sleep
Last Action Status: UNKNOWN
Communication Vectors: 
Commvector Blue Agent 0 Message: [0, 0, 0, 0, 0, 0, 0, 0]
Commvector Blue Agent 1 Message: [0, 0, 0, 0, 0, 0, 0, 1]
Commvector Blue Agent 2 Message: [0, 0, 1, 0, 0, 1, 0, 1]
Commvector Blue Agent 3 Message: [0, 0, 0, 0, 0, 0, 0, 0]

 Suspicious Activity Detected: None",Sleep,None,"The last action is still IN_PROGRESS, so I will wait for it to complete."
"# OBSERVATION

Mission Phase: 1
Last Action : Sleep
Last Action Status: UNKNOWN
Communication Vectors: 
Commvector Blue Agent 0 Message: [0, 0, 0, 0, 0, 0, 0, 1]
Commvector Blue Agent 1 Message: [0, 0, 0, 0, 0, 1, 0, 0]
Commvector Blue Agent 2 Message: [0, 0, 0, 0, 0, 0, 0, 0]
Commvector Blue Agent 3 Message: [0, 0, 0, 0, 0, 0, 0, 1]

 Suspicious Activity Detected: None",Sleep,None,Last action is still in progress and cannot be interrupted.
"# OBSERVATION

Mission Phase: 1
Last Action : Sleep
Last Action Status: UNKNOWN
Communication Vectors: 
Commvector Blue Agent 0 Message: [0, 0, 0, 0, 0, 0, 0, 1]
Commvector Blue Agent 1 Message: [0, 0, 0, 0, 0, 0, 0, 0]
Commvector Blue Agent 2 Message: [0, 0, 0, 0, 0, 0, 0, 0]
Commvector Blue Agent 3 Message: [0, 0, 0, 0, 0, 0, 0, 0]

 Suspicious Activity Detected: None",Sleep,None,"Last action status is UNKNOWN, indicating ongoing processes."
"# OBSERVATION

Mission Phase: 1
Last Action : Sleep
Last Action Status: UNKNOWN
Communication Vectors: 
Commvector Blue Agent 0 Message: [0, 0, 0, 0, 0, 0, 0, 0]
Commvector Blue Agent 1 Message: [0, 0, 0, 0, 0, 0, 0, 1]
Commvector Blue Agent 2 Message: [0, 0, 0, 0, 0, 0, 0, 1]
Commvector Blue Agent 3 Message: [0, 0, 0, 0, 0, 0, 0, 0]

 Suspicious Activity Detected: None",Sleep,None,Last action is in progress and status is unknown.
"# OBSERVATION

Mission Phase: 1
Last Action : Sleep
Last Action Status: UNKNOWN
Communication Vectors: 
Commvector Blue Agent 0 Message: [0, 0, 0, 0, 0, 0, 0, 1]
Commvector Blue Agent 1 Message: [0, 0, 0, 0, 0, 0, 0, 0]
Commvector Blue Agent 2 Message: [0, 0, 0, 0, 0, 0, 0, 0]
Commvector Blue Agent 3 Message: [0, 0, 0, 0, 0, 0, 0, 1]

 Suspicious Activity Detected: None",Sleep,None,"The last action is currently in progress, and no suspicious activity has been detected."
"# OBSERVATION

Mission Phase: 1
Last Action : Sleep
Last Action Status: UNKNOWN
Communication Vectors: 
Commvector Blue Agent 0 Message: [0, 0, 0, 0, 0, 0, 0, 0]
Commvector Blue Agent 1 Message: [0, 0, 0, 0, 0, 0, 0, 1]
Commvector Blue Agent 2 Message: [0, 0, 0, 0, 0, 0, 0, 1]
Commvector Blue Agent 3 Message: [0, 0, 0, 0, 0, 0, 0, 0]

 Suspicious Activity Detected: None",Sleep,None,The last action is in progress and the status is unknown.
"# OBSERVATION

Mission Phase: 1
Last Action : Sleep
Last Action Status: UNKNOWN
Communication Vectors: 
Commvector Blue Agent 0 Message: [0, 0, 0, 0, 0, 0, 0, 0]
Commvector Blue Agent 1 Message: [0, 0, 0, 0, 0, 0, 0, 1]
Commvector Blue Agent 2 Message: [0, 0, 0, 0, 0, 0, 0, 0]
Commvector Blue Agent 3 Message: [0, 0, 0, 0, 0, 0, 0, 0]

 Suspicious Activity Detected: None",Sleep,None,"The last action is currently in progress, and no suspicious activity has been detected."
"# OBSERVATION

Mission Phase: 1
Last Action : Sleep
Last Action Status: UNKNOWN
Communication Vectors: 
Commvector Blue Agent 0 Message: [0, 0, 0, 0, 0, 0, 0, 0]
Commvector Blue Agent 1 Message: [0, 1, 0, 0, 0, 1, 0, 0]
Commvector Blue Agent 2 Message: [0, 0, 0, 0, 0, 0, 0, 1]
Commvector Blue Agent 3 Message: [0, 0, 0, 0, 0, 0, 0, 0]

 Suspicious Activity Detected: None",Sleep,None,"Last action status is UNKNOWN, continuing to wait for the previous action to complete."
"# OBSERVATION

Mission Phase: 1
Last Action : Sleep
Last Action Status: UNKNOWN
Communication Vectors: 
Commvector Blue Agent 0 Message: [0, 0, 0, 0, 0, 0, 0, 0]
Commvector Blue Agent 1 Message: [0, 0, 0, 0, 0, 0, 0, 0]
Commvector Blue Agent 2 Message: [0, 0, 0, 0, 0, 0, 0, 0]
Commvector Blue Agent 3 Message: [0, 0, 0, 0, 0, 0, 0, 0]

 Suspicious Activity Detected: None",Sleep,None,"The last action is still in progress, and no suspicious activity has been detected."
"# OBSERVATION

Mission Phase: 1
Last Action : Sleep
Last Action Status: UNKNOWN
Communication Vectors: 
Commvector Blue Agent 0 Message: [0, 0, 0, 0, 0, 0, 0, 1]
Commvector Blue Agent 1 Message: [0, 0, 0, 0, 0, 0, 0, 0]
Commvector Blue Agent 2 Message: [0, 0, 0, 0, 0, 0, 0, 1]
Commvector Blue Agent 3 Message: [0, 0, 0, 0, 0, 0, 0, 0]

 Suspicious Activity Detected: None",Sleep,None,"Last action is still in progress, and no suspicious activity has been detected."
"# OBSERVATION

Mission Phase: 1
Last Action : Sleep
Last Action Status: UNKNOWN
Communication Vectors: 
Commvector Blue Agent 0 Message: [0, 0, 0, 0, 0, 0, 0, 0]
Commvector Blue Agent 1 Message: [0, 0, 0, 0, 0, 0, 0, 1]
Commvector Blue Agent 2 Message: [0, 0, 0, 0, 0, 0, 0, 1]
Commvector Blue Agent 3 Message: [0, 0, 0, 0, 0, 0, 0, 1]

 Suspicious Activity Detected: None",Sleep,None,The last action is still in progress and has an unknown status.
"# OBSERVATION

Mission Phase: 1
Last Action : Sleep
Last Action Status: UNKNOWN
Communication Vectors: 
Commvector Blue Agent 0 Message: [0, 0, 0, 0, 0, 0, 0, 0]
Commvector Blue Agent 1 Message: [0, 0, 0, 0, 0, 0, 0, 0]
Commvector Blue Agent 2 Message: [0, 0, 0, 0, 0, 0, 0, 0]
Commvector Blue Agent 3 Message: [0, 0, 0, 0, 0, 0, 0, 0]

 Suspicious Activity Detected: None",Sleep,None,"The last action status is UNKNOWN, indicating that the previous action is still in progress."
"# OBSERVATION

Mission Phase: 1
Last Action : Sleep
Last Action Status: UNKNOWN
Communication Vectors: 
Commvector Blue Agent 0 Message: [0, 0, 0, 0, 0, 0, 0, 0]
Commvector Blue Agent 1 Message: [0, 0, 0, 0, 0, 0, 0, 1]
Commvector Blue Agent 2 Message: [0, 0, 0, 0, 0, 0, 0, 1]
Commvector Blue Agent 3 Message: [0, 0, 0, 0, 0, 0, 0, 1]

 Suspicious Activity Detected: None",Sleep,None,Current action status is UNKNOWN and requires waiting for completion.
"# OBSERVATION

Mission Phase: 1
Last Action : Sleep
Last Action Status: UNKNOWN
Communication Vectors: 
Commvector Blue Agent 0 Message: [0, 0, 0, 0, 0, 0, 0, 0]
Commvector Blue Agent 1 Message: [0, 0, 0, 0, 0, 0, 0, 0]
Commvector Blue Agent 2 Message: [0, 0, 0, 0, 0, 0, 0, 0]
Commvector Blue Agent 3 Message: [0, 0, 0, 0, 0, 0, 0, 0]

 Suspicious Activity Detected: None",Sleep,None,"Last action status is UNKNOWN, indicating that the previous task is still in progress."
"# OBSERVATION

Mission Phase: 1
Last Action : Sleep
Last Action Status: UNKNOWN
Communication Vectors: 
Commvector Blue Agent 0 Message: [1, 0, 0, 0, 0, 1, 0, 0]
Commvector Blue Agent 1 Message: [0, 0, 0, 0, 0, 0, 0, 0]
Commvector Blue Agent 2 Message: [0, 0, 0, 0, 0, 0, 0, 0]
Commvector Blue Agent 3 Message: [0, 0, 0, 0, 0, 0, 0, 0]

 Suspicious Activity Detected: None",Sleep,None,The last action is still in progress and needs to be completed before executing any further actions.
"# OBSERVATION

Mission Phase: 1
Last Action : Sleep
Last Action Status: UNKNOWN
Communication Vectors: 
Commvector Blue Agent 0 Message: [0, 0, 0, 0, 0, 0, 0, 1]
Commvector Blue Agent 1 Message: [0, 0, 0, 0, 0, 0, 0, 0]
Commvector Blue Agent 2 Message: [0, 0, 0, 0, 0, 0, 0, 1]
Commvector Blue Agent 3 Message: [0, 0, 0, 1, 0, 1, 0, 0]

 Suspicious Activity Detected: None",Sleep,None,"Last action status is UNKNOWN, indicating the previous action is still in progress."
"# OBSERVATION

Mission Phase: 1
Last Action : Sleep
Last Action Status: UNKNOWN
Communication Vectors: 
Commvector Blue Agent 0 Message: [0, 0, 0, 0, 0, 0, 0, 0]
Commvector Blue Agent 1 Message: [0, 0, 0, 0, 0, 0, 0, 1]
Commvector Blue Agent 2 Message: [0, 0, 0, 0, 0, 0, 0, 0]
Commvector Blue Agent 3 Message: [0, 0, 0, 0, 0, 0, 0, 1]

 Suspicious Activity Detected: None",Sleep,None,"The last action is still in progress, and no suspicious activity has been detected."
"# OBSERVATION

Mission Phase: 1
Last Action : Sleep
Last Action Status: UNKNOWN
Communication Vectors: 
Commvector Blue Agent 0 Message: [0, 0, 0, 0, 0, 0, 0, 0]
Commvector Blue Agent 1 Message: [0, 0, 0, 0, 0, 0, 0, 0]
Commvector Blue Agent 2 Message: [0, 0, 0, 0, 0, 0, 0, 1]
Commvector Blue Agent 3 Message: [0, 0, 0, 0, 0, 0, 0, 0]

 Suspicious Activity Detected: None",Sleep,None,The last action is in progress and its status is unknown.
"# OBSERVATION

Mission Phase: 1
Last Action : Sleep
Last Action Status: UNKNOWN
Communication Vectors: 
Commvector Blue Agent 0 Message: [0, 0, 0, 0, 0, 0, 0, 0]
Commvector Blue Agent 1 Message: [0, 0, 0, 0, 0, 0, 0, 1]
Commvector Blue Agent 2 Message: [0, 0, 0, 0, 0, 0, 0, 0]
Commvector Blue Agent 3 Message: [0, 0, 0, 0, 0, 0, 0, 0]

 Suspicious Activity Detected: None",Sleep,None,"The last action status is unknown, indicating the prior action is still in progress."
"# OBSERVATION

Mission Phase: 1
Last Action : Sleep
Last Action Status: UNKNOWN
Communication Vectors: 
Commvector Blue Agent 0 Message: [0, 0, 0, 0, 0, 0, 0, 0]
Commvector Blue Agent 1 Message: [0, 0, 0, 0, 0, 0, 0, 0]
Commvector Blue Agent 2 Message: [0, 0, 0, 0, 0, 0, 0, 1]
Commvector Blue Agent 3 Message: [0, 0, 0, 0, 0, 0, 0, 1]

 Suspicious Activity Detected: None",Sleep,None,The last action is currently in progress and its status is unknown.
"# OBSERVATION

Mission Phase: 1
Last Action : Sleep
Last Action Status: UNKNOWN
Communication Vectors: 
Commvector Blue Agent 0 Message: [0, 0, 0, 0, 0, 0, 0, 1]
Commvector Blue Agent 1 Message: [0, 0, 0, 0, 0, 0, 0, 1]
Commvector Blue Agent 2 Message: [0, 0, 0, 0, 0, 0, 0, 0]
Commvector Blue Agent 3 Message: [0, 0, 0, 0, 0, 0, 0, 0]

 Suspicious Activity Detected: None",Sleep,None,The last action was not completed yet.
"# OBSERVATION

Mission Phase: 1
Last Action : Sleep
Last Action Status: UNKNOWN
Communication Vectors: 
Commvector Blue Agent 0 Message: [0, 0, 0, 0, 0, 0, 0, 0]
Commvector Blue Agent 1 Message: [0, 0, 0, 0, 0, 0, 0, 0]
Commvector Blue Agent 2 Message: [0, 0, 1, 0, 0, 1, 0, 1]
Commvector Blue Agent 3 Message: [0, 0, 0, 0, 0, 0, 0, 1]

 Suspicious Activity Detected: None",Sleep,None,The last action is still in progress and its status is unknown.
"# OBSERVATION

Mission Phase: 1
Last Action : Sleep
Last Action Status: UNKNOWN
Communication Vectors: 
Commvector Blue Agent 0 Message: [0, 0, 0, 0, 0, 0, 0, 0]
Commvector Blue Agent 1 Message: [0, 0, 0, 0, 0, 0, 0, 0]
Commvector Blue Agent 2 Message: [0, 0, 0, 0, 0, 0, 0, 0]
Commvector Blue Agent 3 Message: [0, 0, 0, 0, 0, 0, 0, 0]

 Suspicious Activity Detected: None",Sleep,None,"The last action status is unknown, indicating that no new actions can be performed until the current operations are completed."
"# OBSERVATION

Mission Phase: 1
Last Action : Sleep
Last Action Status: UNKNOWN
Communication Vectors: 
Commvector Blue Agent 0 Message: [0, 0, 0, 0, 0, 0, 0, 0]
Commvector Blue Agent 1 Message: [0, 0, 0, 0, 0, 0, 0, 0]
Commvector Blue Agent 2 Message: [0, 0, 0, 0, 0, 0, 0, 1]
Commvector Blue Agent 3 Message: [0, 0, 0, 0, 0, 0, 0, 1]

 Suspicious Activity Detected: None",Sleep,None,Last action status is unknown; waiting for action completion.
"# OBSERVATION

Mission Phase: 1
Last Action : Sleep
Last Action Status: UNKNOWN
Communication Vectors: 
Commvector Blue Agent 0 Message: [0, 0, 0, 0, 0, 0, 0, 1]
Commvector Blue Agent 1 Message: [0, 0, 0, 0, 0, 0, 0, 0]
Commvector Blue Agent 2 Message: [0, 0, 0, 0, 0, 0, 0, 0]
Commvector Blue Agent 3 Message: [0, 0, 0, 0, 0, 0, 0, 1]

 Suspicious Activity Detected: None",Sleep,None,"The last action is still in progress, and I need to wait for its completion."
"# OBSERVATION

Mission Phase: 1
Last Action : Analyse host:public_access_zone_subnet_user_host_1
Last Action Status: IN_PROGRESS
Communication Vectors: 
Commvector Blue Agent 0 Message: [0, 0, 0, 0, 0, 0, 0, 0]
Commvector Blue Agent 1 Message: [0, 0, 0, 0, 0, 0, 0, 1]
Commvector Blue Agent 2 Message: [0, 0, 0, 0, 0, 0, 0, 1]
Commvector Blue Agent 3 Message: [0, 0, 0, 0, 0, 0, 0, 0]

Suspicious Activity Detected:
- Hostname: office_network_subnet_user_host_8 | IP: 10.0.64.220",Sleep,None,The previous action is still in progress and cannot be interrupted.
"# OBSERVATION

Mission Phase: 1
Last Action : Sleep
Last Action Status: UNKNOWN
Communication Vectors: 
Commvector Blue Agent 0 Message: [0, 0, 0, 0, 0, 0, 0, 1]
Commvector Blue Agent 1 Message: [0, 0, 0, 0, 0, 0, 0, 0]
Commvector Blue Agent 2 Message: [0, 0, 0, 0, 0, 0, 0, 0]
Commvector Blue Agent 3 Message: [0, 0, 0, 0, 0, 0, 0, 0]

Suspicious Activity Detected:
- Hostname: public_access_zone_subnet_user_host_1 | IP: 10.0.125.243",Analyse,host:public_access_zone_subnet_user_host_1,"Suspicious activity detected on host, needs analysis to identify potential red agent presence."
"# OBSERVATION

Mission Phase: 1
Last Action : Analyse host:office_network_subnet_user_host_4
Last Action Status: IN_PROGRESS
Communication Vectors: 
Commvector Blue Agent 0 Message: [0, 0, 0, 0, 0, 0, 0, 1]
Commvector Blue Agent 1 Message: [0, 0, 0, 0, 0, 0, 0, 1]
Commvector Blue Agent 2 Message: [0, 0, 0, 0, 0, 0, 0, 0]
Commvector Blue Agent 3 Message: [0, 0, 0, 0, 0, 0, 0, 0]

 Suspicious Activity Detected: None",Sleep,None,"The last action is still in progress, waiting for completion."
"# OBSERVATION

Mission Phase: 1
Last Action : Sleep
Last Action Status: UNKNOWN
Communication Vectors: 
Commvector Blue Agent 0 Message: [0, 0, 0, 0, 0, 0, 0, 0]
Commvector Blue Agent 1 Message: [0, 1, 0, 0, 0, 1, 0, 0]
Commvector Blue Agent 2 Message: [0, 0, 0, 0, 0, 0, 0, 1]
Commvector Blue Agent 3 Message: [0, 0, 0, 0, 0, 0, 0, 0]

Suspicious Activity Detected:
- Hostname: office_network_subnet_user_host_4 | IP: 10.0.64.71",Analyse,host:office_network_subnet_user_host_4,"Suspicious activity detected on the host, indicating potential red activity."
"# OBSERVATION

Mission Phase: 1
Last Action : Sleep
Last Action Status: UNKNOWN
Communication Vectors: 
Commvector Blue Agent 0 Message: [0, 0, 0, 0, 0, 0, 0, 0]
Commvector Blue Agent 1 Message: [0, 0, 0, 0, 0, 0, 0, 0]
Commvector Blue Agent 2 Message: [0, 0, 0, 0, 0, 0, 0, 0]
Commvector Blue Agent 3 Message: [0, 0, 0, 0, 0, 0, 0, 1]

 Suspicious Activity Detected: None",Sleep,None,The last action is still in progress.
"# OBSERVATION

Mission Phase: 1
Last Action : Sleep
Last Action Status: UNKNOWN
Communication Vectors: 
Commvector Blue Agent 0 Message: [0, 0, 0, 0, 0, 0, 0, 0]
Commvector Blue Agent 1 Message: [0, 0, 0, 0, 0, 0, 0, 1]
Commvector Blue Agent 2 Message: [0, 0, 0, 0, 0, 0, 0, 1]
Commvector Blue Agent 3 Message: [0, 0, 0, 0, 0, 0, 0, 0]

 Suspicious Activity Detected: None",Sleep,None,"The last action is in progress and its status is unknown, requiring a wait for completion."
"# OBSERVATION

Mission Phase: 1
Last Action : Sleep
Last Action Status: UNKNOWN
Communication Vectors: 
Commvector Blue Agent 0 Message: [0, 0, 0, 0, 0, 0, 0, 1]
Commvector Blue Agent 1 Message: [0, 0, 0, 0, 0, 0, 0, 0]
Commvector Blue Agent 2 Message: [0, 0, 1, 0, 0, 1, 0, 0]
Commvector Blue Agent 3 Message: [0, 0, 0, 0, 0, 0, 0, 0]

 Suspicious Activity Detected: None",Sleep,None,The last action is still in progress and requires waiting.
"# OBSERVATION

Mission Phase: 1
Last Action : Sleep
Last Action Status: UNKNOWN
Communication Vectors: 
Commvector Blue Agent 0 Message: [0, 0, 0, 0, 0, 0, 0, 0]
Commvector Blue Agent 1 Message: [0, 0, 0, 0, 0, 0, 0, 0]
Commvector Blue Agent 2 Message: [0, 0, 0, 0, 0, 0, 0, 0]
Commvector Blue Agent 3 Message: [0, 0, 0, 0, 0, 0, 0, 0]

Suspicious Activity Detected:
- Hostname: admin_network_subnet_server_host_4 | IP: 10.0.216.253 | INFO: Connection to 10.0.204.250 | INFO: Connection to 10.0.204.250",Sleep,None,"The last action is still in progress, and no immediate threat has been detected."
"# OBSERVATION

Mission Phase: 1
Last Action : Sleep
Last Action Status: UNKNOWN
Communication Vectors: 
Commvector Blue Agent 0 Message: [0, 0, 0, 0, 0, 0, 0, 0]
Commvector Blue Agent 1 Message: [0, 0, 0, 0, 0, 0, 0, 0]
Commvector Blue Agent 2 Message: [0, 0, 0, 0, 0, 0, 0, 1]
Commvector Blue Agent 3 Message: [0, 0, 0, 0, 0, 0, 0, 0]

Suspicious Activity Detected:
- Hostname: public_access_zone_subnet_server_host_5 | IP: 10.0.233.22 | INFO: Connection to 10.0.125.248 | INFO: Connection to 10.0.125.248",Sleep,None,The last action is still in progress and needs to be completed before taking further action.
"# OBSERVATION

Mission Phase: 1
Last Action : Sleep
Last Action Status: UNKNOWN
Communication Vectors: 
Commvector Blue Agent 0 Message: [0, 0, 0, 0, 0, 0, 0, 0]
Commvector Blue Agent 1 Message: [0, 0, 0, 0, 0, 0, 0, 1]
Commvector Blue Agent 2 Message: [0, 0, 0, 0, 0, 0, 0, 0]
Commvector Blue Agent 3 Message: [0, 0, 0, 0, 0, 0, 0, 1]

 Suspicious Activity Detected: None",Sleep,None,The last action is still in progress and requires waiting.
"# OBSERVATION

Mission Phase: 1
Last Action : Sleep
Last Action Status: UNKNOWN
Communication Vectors: 
Commvector Blue Agent 0 Message: [0, 0, 0, 0, 0, 0, 0, 1]
Commvector Blue Agent 1 Message: [0, 1, 0, 0, 0, 1, 0, 0]
Commvector Blue Agent 2 Message: [0, 0, 0, 0, 0, 0, 0, 1]
Commvector Blue Agent 3 Message: [0, 0, 0, 0, 0, 0, 0, 1]

 Suspicious Activity Detected: None",Sleep,None,"The last action is currently in progress, awaiting completion."
"# OBSERVATION

Mission Phase: 1
Last Action : Sleep
Last Action Status: UNKNOWN
Communication Vectors: 
Commvector Blue Agent 0 Message: [0, 0, 0, 0, 0, 0, 0, 0]
Commvector Blue Agent 1 Message: [0, 0, 0, 0, 0, 0, 0, 1]
Commvector Blue Agent 2 Message: [0, 0, 0, 0, 0, 0, 0, 0]
Commvector Blue Agent 3 Message: [0, 0, 0, 0, 0, 0, 0, 0]

 Suspicious Activity Detected: None",Sleep,None,Last action status is UNKNOWN and requires time to determine the outcome.
"# OBSERVATION

Mission Phase: 1
Last Action : Sleep
Last Action Status: UNKNOWN
Communication Vectors: 
Commvector Blue Agent 0 Message: [0, 0, 0, 0, 0, 0, 0, 1]
Commvector Blue Agent 1 Message: [0, 0, 0, 0, 0, 0, 0, 0]
Commvector Blue Agent 2 Message: [0, 0, 0, 0, 0, 0, 0, 0]
Commvector Blue Agent 3 Message: [0, 0, 0, 0, 0, 0, 0, 1]

Suspicious Activity Detected:
- Hostname: public_access_zone_subnet_server_host_3 | IP: 10.0.216.175 | INFO: Connection to 10.0.125.251 | INFO: Connection to 10.0.125.251",Sleep,None,"Last action is in progress, cannot execute further actions until it's completed."
"# OBSERVATION

Mission Phase: 1
Last Action : Sleep
Last Action Status: UNKNOWN
Communication Vectors: 
Commvector Blue Agent 0 Message: [0, 0, 0, 0, 0, 0, 0, 1]
Commvector Blue Agent 1 Message: [0, 0, 0, 0, 0, 0, 0, 0]
Commvector Blue Agent 2 Message: [0, 0, 0, 0, 0, 0, 0, 0]
Commvector Blue Agent 3 Message: [0, 0, 0, 0, 0, 0, 0, 0]

 Suspicious Activity Detected: None",Sleep,None,No suspicious activity detected and the last action status is unknown.
"# OBSERVATION

Mission Phase: 1
Last Action : Sleep
Last Action Status: UNKNOWN
Communication Vectors: 
Commvector Blue Agent 0 Message: [0, 0, 0, 0, 0, 0, 0, 0]
Commvector Blue Agent 1 Message: [0, 0, 0, 0, 0, 0, 0, 0]
Commvector Blue Agent 2 Message: [0, 0, 0, 0, 0, 0, 0, 1]
Commvector Blue Agent 3 Message: [0, 0, 0, 0, 0, 0, 0, 1]

Suspicious Activity Detected:
- Hostname: admin_network_subnet_server_host_1 | IP: 10.0.204.211 | INFO: Connection to 10.0.204.253 | INFO: Connection to 10.0.204.253",Sleep,None,Last action is currently unknown and still in progress.
"# OBSERVATION

Mission Phase: 1
Last Action : Sleep
Last Action Status: UNKNOWN
Communication Vectors: 
Commvector Blue Agent 0 Message: [0, 0, 0, 0, 0, 0, 0, 1]
Commvector Blue Agent 1 Message: [0, 0, 0, 0, 0, 0, 0, 0]
Commvector Blue Agent 2 Message: [0, 0, 0, 0, 0, 0, 0, 0]
Commvector Blue Agent 3 Message: [0, 0, 0, 0, 0, 0, 0, 0]

 Suspicious Activity Detected: None",Sleep,None,"The last action is currently in progress, and further action cannot be taken until completion."
"# OBSERVATION

Mission Phase: 1
Last Action : Sleep
Last Action Status: UNKNOWN
Communication Vectors: 
Commvector Blue Agent 0 Message: [0, 0, 0, 0, 0, 0, 0, 0]
Commvector Blue Agent 1 Message: [0, 0, 0, 0, 0, 0, 0, 0]
Commvector Blue Agent 2 Message: [0, 0, 0, 0, 0, 0, 0, 1]
Commvector Blue Agent 3 Message: [0, 0, 0, 0, 0, 0, 0, 0]

 Suspicious Activity Detected: None",Sleep,None,Last action is currently IN_PROGRESS and its status is UNKNOWN.
"# OBSERVATION

Mission Phase: 1
Last Action : Sleep
Last Action Status: UNKNOWN
Communication Vectors: 
Commvector Blue Agent 0 Message: [0, 0, 0, 0, 0, 0, 0, 0]
Commvector Blue Agent 1 Message: [0, 0, 0, 0, 0, 0, 0, 0]
Commvector Blue Agent 2 Message: [0, 0, 0, 0, 0, 0, 0, 0]
Commvector Blue Agent 3 Message: [0, 0, 0, 0, 0, 0, 0, 1]

 Suspicious Activity Detected: None",Sleep,None,"The last action is in progress and status is unknown, indicating that we should wait."
"# OBSERVATION

Mission Phase: 1
Last Action : Sleep
Last Action Status: UNKNOWN
Communication Vectors: 
Commvector Blue Agent 0 Message: [0, 0, 0, 0, 0, 0, 0, 1]
Commvector Blue Agent 1 Message: [0, 0, 0, 0, 0, 0, 0, 0]
Commvector Blue Agent 2 Message: [0, 0, 0, 0, 0, 0, 0, 0]
Commvector Blue Agent 3 Message: [0, 0, 0, 0, 0, 0, 0, 0]

 Suspicious Activity Detected: None",Sleep,None,"Last action status is unknown, continue waiting for completion."
"# OBSERVATION

Mission Phase: 1
Last Action : Sleep
Last Action Status: UNKNOWN
Communication Vectors: 
Commvector Blue Agent 0 Message: [0, 0, 0, 0, 0, 0, 0, 0]
Commvector Blue Agent 1 Message: [0, 0, 0, 0, 0, 0, 0, 0]
Commvector Blue Agent 2 Message: [0, 0, 0, 0, 0, 0, 0, 1]
Commvector Blue Agent 3 Message: [0, 0, 0, 0, 0, 0, 0, 0]

 Suspicious Activity Detected: None",Sleep,None,"The last action status is UNKNOWN and no suspicious activity detected, so I will wait."
"# OBSERVATION

Mission Phase: 1
Last Action : Sleep
Last Action Status: UNKNOWN
Communication Vectors: 
Commvector Blue Agent 0 Message: [1, 0, 0, 0, 0, 1, 0, 0]
Commvector Blue Agent 1 Message: [0, 0, 0, 0, 0, 0, 0, 0]
Commvector Blue Agent 2 Message: [0, 0, 0, 0, 0, 0, 0, 0]
Commvector Blue Agent 3 Message: [0, 0, 0, 0, 0, 0, 0, 1]

 Suspicious Activity Detected: None",Sleep,None,The last action is still in progress and the status is unknown.
"# OBSERVATION

Mission Phase: 1
Last Action : Sleep
Last Action Status: UNKNOWN
Communication Vectors: 
Commvector Blue Agent 0 Message: [0, 0, 0, 0, 0, 0, 0, 0]
Commvector Blue Agent 1 Message: [0, 0, 0, 0, 0, 0, 0, 1]
Commvector Blue Agent 2 Message: [0, 0, 0, 0, 0, 0, 0, 0]
Commvector Blue Agent 3 Message: [0, 0, 0, 0, 0, 0, 0, 0]

 Suspicious Activity Detected: None",Sleep,None,"Last action status is UNKNOWN, indicating ongoing processes, and no suspicious activity detected."
"# OBSERVATION

Mission Phase: 0
Last Action : Analyse host:office_network_subnet_user_host_1
Last Action Status: IN_PROGRESS
Communication Vectors: 
Commvector Blue Agent 0 Message: [0, 0, 0, 0, 0, 0, 0, 0]
Commvector Blue Agent 1 Message: [0, 0, 0, 0, 0, 0, 0, 1]
Commvector Blue Agent 2 Message: [0, 0, 0, 0, 0, 0, 0, 1]
Commvector Blue Agent 3 Message: [0, 0, 0, 0, 0, 0, 0, 0]

 Suspicious Activity Detected: None",Sleep,None,"The last action of analyzing the host is still in progress, so I will wait."
"# OBSERVATION

Mission Phase: 0
Last Action : Sleep
Last Action Status: UNKNOWN
Communication Vectors: 
Commvector Blue Agent 0 Message: [0, 0, 0, 0, 0, 0, 0, 0]
Commvector Blue Agent 1 Message: [0, 0, 0, 0, 0, 0, 0, 0]
Commvector Blue Agent 2 Message: [0, 0, 0, 0, 0, 0, 0, 0]
Commvector Blue Agent 3 Message: [0, 0, 0, 0, 0, 0, 0, 0]

Suspicious Activity Detected:
- Hostname: office_network_subnet_user_host_1 | IP: 10.0.64.157
- Hostname: office_network_subnet_user_host_9 | IP: 10.0.64.200",Analyse,host:office_network_subnet_user_host_1,"Suspicious activity detected on the host, requiring further investigation."
"# OBSERVATION

Mission Phase: 0
Last Action : Sleep
Last Action Status: UNKNOWN
Communication Vectors: 
Commvector Blue Agent 0 Message: [0, 0, 0, 0, 0, 0, 0, 0]
Commvector Blue Agent 1 Message: [0, 0, 0, 0, 0, 0, 0, 1]
Commvector Blue Agent 2 Message: [0, 0, 0, 0, 0, 0, 0, 0]
Commvector Blue Agent 3 Message: [0, 0, 0, 0, 0, 0, 0, 0]

 Suspicious Activity Detected: None",Sleep,None,The last action is currently IN_PROGRESS and cannot be interrupted.
"# OBSERVATION

Mission Phase: 0
Last Action : Sleep
Last Action Status: UNKNOWN
Communication Vectors: 
Commvector Blue Agent 0 Message: [0, 0, 0, 0, 0, 0, 0, 0]
Commvector Blue Agent 1 Message: [0, 0, 0, 0, 0, 0, 0, 0]
Commvector Blue Agent 2 Message: [0, 0, 0, 0, 0, 0, 0, 1]
Commvector Blue Agent 3 Message: [0, 0, 0, 0, 0, 0, 0, 1]

Suspicious Activity Detected:
- Hostname: public_access_zone_subnet_server_host_3 | IP: 10.0.125.251 | INFO: Connection to 10.0.125.189 | INFO: Connection to 10.0.125.189 | INFO: Connection to 10.0.125.189 | INFO: Connection to 10.0.125.189 | INFO: Connection to 10.0.125.189 | INFO: Connection to 10.0.125.189 | INFO: Connection to 10.0.125.189 | INFO: Connection to 10.0.125.189",Sleep,None,The last action is currently in progress and its status is unknown.
"# OBSERVATION

Mission Phase: 0
Last Action : Sleep
Last Action Status: UNKNOWN
Communication Vectors: 
Commvector Blue Agent 0 Message: [0, 0, 0, 0, 0, 0, 0, 0]
Commvector Blue Agent 1 Message: [0, 0, 0, 0, 0, 0, 0, 0]
Commvector Blue Agent 2 Message: [0, 0, 1, 0, 0, 1, 0, 0]
Commvector Blue Agent 3 Message: [0, 0, 0, 0, 0, 0, 0, 0]

 Suspicious Activity Detected: None",Sleep,None,"Last action status is UNKNOWN, waiting for the previous action to complete."
"# OBSERVATION

Mission Phase: 0
Last Action : Sleep
Last Action Status: UNKNOWN
Communication Vectors: 
Commvector Blue Agent 0 Message: [0, 0, 0, 0, 0, 0, 0, 0]
Commvector Blue Agent 1 Message: [0, 0, 0, 0, 0, 0, 0, 0]
Commvector Blue Agent 2 Message: [0, 0, 0, 0, 0, 0, 0, 0]
Commvector Blue Agent 3 Message: [0, 0, 0, 0, 0, 0, 0, 1]

 Suspicious Activity Detected: None",Sleep,None,Last action is in progress and status is unknown.
"# OBSERVATION

Mission Phase: 0
Last Action : Sleep
Last Action Status: UNKNOWN
Communication Vectors: 
Commvector Blue Agent 0 Message: [0, 0, 0, 0, 0, 0, 0, 0]
Commvector Blue Agent 1 Message: [0, 0, 0, 0, 0, 0, 0, 0]
Commvector Blue Agent 2 Message: [0, 0, 0, 0, 0, 0, 0, 0]
Commvector Blue Agent 3 Message: [0, 0, 0, 0, 0, 0, 0, 0]

 Suspicious Activity Detected: None",Sleep,None,The previous action is still in progress and requires no further action at this time.
"# OBSERVATION

Mission Phase: 0
Last Action : Sleep
Last Action Status: UNKNOWN
Communication Vectors: 
Commvector Blue Agent 0 Message: [0, 0, 0, 0, 0, 0, 0, 0]
Commvector Blue Agent 1 Message: [0, 0, 0, 0, 0, 0, 0, 0]
Commvector Blue Agent 2 Message: [0, 0, 0, 0, 0, 0, 0, 0]
Commvector Blue Agent 3 Message: [0, 0, 0, 0, 0, 0, 0, 0]

 Suspicious Activity Detected: None",Sleep,None,"Last action status is UNKNOWN, indicating that previous actions are still being processed."
"# OBSERVATION

Mission Phase: 0
Last Action : Sleep
Last Action Status: UNKNOWN
Communication Vectors: 
Commvector Blue Agent 0 Message: [0, 0, 0, 0, 0, 0, 0, 0]
Commvector Blue Agent 1 Message: [0, 0, 0, 0, 0, 0, 0, 1]
Commvector Blue Agent 2 Message: [0, 0, 0, 0, 0, 0, 0, 0]
Commvector Blue Agent 3 Message: [0, 0, 0, 0, 0, 0, 0, 0]

 Suspicious Activity Detected: None",Sleep,None,The last action is still in progress and the status is UNKNOWN.
"# OBSERVATION

Mission Phase: 0
Last Action : Sleep
Last Action Status: UNKNOWN
Communication Vectors: 
Commvector Blue Agent 0 Message: [0, 0, 0, 0, 0, 0, 0, 0]
Commvector Blue Agent 1 Message: [0, 0, 0, 0, 0, 0, 0, 0]
Commvector Blue Agent 2 Message: [0, 0, 0, 0, 0, 0, 0, 1]
Commvector Blue Agent 3 Message: [0, 0, 0, 0, 0, 0, 0, 0]

 Suspicious Activity Detected: None",Sleep,None,Last action is still in progress and its status is unknown.
"# OBSERVATION

Mission Phase: 0
Last Action : Sleep
Last Action Status: UNKNOWN
Communication Vectors: 
Commvector Blue Agent 0 Message: [0, 0, 0, 0, 0, 0, 0, 0]
Commvector Blue Agent 1 Message: [0, 0, 0, 0, 0, 0, 0, 1]
Commvector Blue Agent 2 Message: [0, 0, 0, 0, 0, 0, 0, 0]
Commvector Blue Agent 3 Message: [0, 0, 0, 0, 0, 0, 0, 1]

 Suspicious Activity Detected: None",Sleep,None,The last action is still in progress and requires waiting.
"# OBSERVATION

Mission Phase: 0
Last Action : Sleep
Last Action Status: UNKNOWN
Communication Vectors: 
Commvector Blue Agent 0 Message: [0, 0, 0, 0, 0, 0, 0, 0]
Commvector Blue Agent 1 Message: [0, 0, 0, 0, 0, 0, 0, 0]
Commvector Blue Agent 2 Message: [0, 0, 0, 0, 0, 0, 0, 0]
Commvector Blue Agent 3 Message: [0, 0, 0, 0, 0, 0, 0, 0]

 Suspicious Activity Detected: None",Sleep,None,"Last action status is UNKNOWN, continuing to wait for execution completion."
"# OBSERVATION

Mission Phase: 0
Last Action : Sleep
Last Action Status: UNKNOWN
Communication Vectors: 
Commvector Blue Agent 0 Message: [0, 0, 0, 0, 0, 0, 0, 0]
Commvector Blue Agent 1 Message: [0, 0, 0, 0, 0, 0, 0, 0]
Commvector Blue Agent 2 Message: [0, 0, 0, 0, 0, 0, 0, 0]
Commvector Blue Agent 3 Message: [0, 0, 0, 0, 0, 0, 0, 1]

 Suspicious Activity Detected: None",Sleep,None,"The last action is still in progress, and no suspicious activity has been detected."
"# OBSERVATION

Mission Phase: 0
Last Action : Sleep
Last Action Status: UNKNOWN
Communication Vectors: 
Commvector Blue Agent 0 Message: [0, 0, 0, 0, 0, 0, 0, 0]
Commvector Blue Agent 1 Message: [0, 0, 0, 0, 0, 0, 0, 0]
Commvector Blue Agent 2 Message: [0, 0, 0, 0, 0, 0, 0, 0]
Commvector Blue Agent 3 Message: [0, 0, 0, 0, 0, 0, 0, 0]

 Suspicious Activity Detected: None",Sleep,None,"Last action status is UNKNOWN, indicating ongoing processes or actions."
"# OBSERVATION

Mission Phase: 0
Last Action : Sleep
Last Action Status: UNKNOWN
Communication Vectors: 
Commvector Blue Agent 0 Message: [0, 0, 0, 0, 0, 0, 0, 0]
Commvector Blue Agent 1 Message: [0, 1, 0, 0, 0, 1, 0, 1]
Commvector Blue Agent 2 Message: [0, 0, 0, 0, 0, 0, 0, 0]
Commvector Blue Agent 3 Message: [0, 0, 0, 0, 0, 0, 0, 0]

 Suspicious Activity Detected: None",Sleep,None,"The last action is still in progress and its status is unknown, indicating that we should wait before taking further action."
"# OBSERVATION

Mission Phase: 0
Last Action : Sleep
Last Action Status: UNKNOWN
Communication Vectors: 
Commvector Blue Agent 0 Message: [1, 0, 0, 0, 0, 1, 0, 0]
Commvector Blue Agent 1 Message: [0, 0, 0, 0, 0, 0, 0, 1]
Commvector Blue Agent 2 Message: [0, 0, 0, 0, 0, 0, 0, 0]
Commvector Blue Agent 3 Message: [0, 0, 0, 0, 0, 0, 0, 1]

Suspicious Activity Detected:
- Hostname: public_access_zone_subnet_server_host_1 | IP: 10.0.216.130 | INFO: Connection to 10.0.125.253 | INFO: Connection to 10.0.125.253
- Hostname: admin_network_subnet_server_host_3 | IP: 10.0.204.203 | INFO: Connection to 10.0.204.251 | INFO: Connection to 10.0.204.251",Sleep,None,"The last action is still in progress, and further actions cannot be taken until it completes."
"# OBSERVATION

Mission Phase: 0
Last Action : Analyse host:admin_network_subnet_user_host_2
Last Action Status: IN_PROGRESS
Communication Vectors: 
Commvector Blue Agent 0 Message: [0, 0, 0, 0, 0, 0, 0, 1]
Commvector Blue Agent 1 Message: [0, 0, 0, 0, 0, 0, 0, 0]
Commvector Blue Agent 2 Message: [0, 0, 0, 0, 0, 0, 0, 0]
Commvector Blue Agent 3 Message: [0, 0, 0, 0, 0, 0, 0, 0]

Suspicious Activity Detected:
- Hostname: admin_network_subnet_server_host_3 | IP: 10.0.204.98 | INFO: Connection to 10.0.204.251 | INFO: Connection to 10.0.204.251",Sleep,None,"Last action is still in progress, waiting for completion before taking further actions."
"# OBSERVATION

Mission Phase: 0
Last Action : Sleep
Last Action Status: UNKNOWN
Communication Vectors: 
Commvector Blue Agent 0 Message: [0, 0, 0, 0, 0, 0, 0, 1]
Commvector Blue Agent 1 Message: [0, 0, 0, 0, 0, 0, 0, 1]
Commvector Blue Agent 2 Message: [0, 0, 0, 0, 0, 0, 0, 0]
Commvector Blue Agent 3 Message: [0, 0, 0, 0, 0, 0, 0, 0]

Suspicious Activity Detected:
- Hostname: admin_network_subnet_user_host_2 | IP: 10.0.204.13",Analyse,host:admin_network_subnet_user_host_2,"Suspicious activity detected on the host, requiring further investigation."
"# OBSERVATION

Mission Phase: 0
Last Action : Sleep
Last Action Status: UNKNOWN
Communication Vectors: 
Commvector Blue Agent 0 Message: [0, 0, 0, 0, 0, 0, 0, 0]
Commvector Blue Agent 1 Message: [0, 1, 0, 0, 0, 1, 0, 1]
Commvector Blue Agent 2 Message: [0, 0, 0, 0, 0, 0, 0, 0]
Commvector Blue Agent 3 Message: [0, 0, 0, 0, 0, 0, 0, 0]

 Suspicious Activity Detected: None",Sleep,None,The last action is currently in progress and cannot proceed with a new action.
"# OBSERVATION

Mission Phase: 0
Last Action : Sleep
Last Action Status: UNKNOWN
Communication Vectors: 
Commvector Blue Agent 0 Message: [0, 0, 0, 0, 0, 0, 0, 0]
Commvector Blue Agent 1 Message: [0, 0, 0, 0, 0, 0, 0, 0]
Commvector Blue Agent 2 Message: [0, 0, 0, 0, 0, 0, 0, 1]
Commvector Blue Agent 3 Message: [0, 0, 0, 0, 0, 0, 0, 0]

 Suspicious Activity Detected: None",Sleep,None,The last action is still in progress and its status is unknown.
"# OBSERVATION

Mission Phase: 0
Last Action : Sleep
Last Action Status: UNKNOWN
Communication Vectors: 
Commvector Blue Agent 0 Message: [0, 0, 0, 0, 0, 0, 0, 0]
Commvector Blue Agent 1 Message: [0, 0, 0, 0, 0, 0, 0, 0]
Commvector Blue Agent 2 Message: [0, 0, 0, 0, 0, 0, 0, 0]
Commvector Blue Agent 3 Message: [0, 0, 0, 0, 0, 0, 0, 0]

 Suspicious Activity Detected: None",Sleep,None,Previous action status is UNKNOWN; waiting for action to complete.
"# OBSERVATION

Mission Phase: 0
Last Action : Sleep
Last Action Status: UNKNOWN
Communication Vectors: 
Commvector Blue Agent 0 Message: [0, 0, 0, 0, 0, 0, 0, 0]
Commvector Blue Agent 1 Message: [0, 0, 0, 0, 0, 0, 0, 0]
Commvector Blue Agent 2 Message: [0, 0, 0, 0, 0, 0, 0, 0]
Commvector Blue Agent 3 Message: [0, 0, 0, 0, 0, 0, 0, 0]

 Suspicious Activity Detected: None",Sleep,None,"Last action status is UNKNOWN, indicating the previous action is still in progress."
"# OBSERVATION

Mission Phase: 0
Last Action : Sleep
Last Action Status: UNKNOWN
Communication Vectors: 
Commvector Blue Agent 0 Message: [0, 0, 0, 0, 0, 0, 0, 0]
Commvector Blue Agent 1 Message: [0, 0, 0, 0, 0, 0, 0, 0]
Commvector Blue Agent 2 Message: [0, 0, 0, 0, 0, 0, 0, 0]
Commvector Blue Agent 3 Message: [0, 0, 0, 0, 0, 0, 0, 0]

 Suspicious Activity Detected: None",Sleep,None,"The last action is in progress, so I will wait for it to complete before taking further action."
"# OBSERVATION

Mission Phase: 0
Last Action : Sleep
Last Action Status: UNKNOWN
Communication Vectors: 
Commvector Blue Agent 0 Message: [0, 0, 0, 0, 0, 0, 0, 0]
Commvector Blue Agent 1 Message: [0, 0, 0, 0, 0, 0, 0, 1]
Commvector Blue Agent 2 Message: [0, 0, 0, 0, 0, 0, 0, 0]
Commvector Blue Agent 3 Message: [0, 0, 0, 0, 0, 0, 0, 1]

Suspicious Activity Detected:
- Hostname: public_access_zone_subnet_server_host_2 | IP: 10.0.125.116 | INFO: Connection to 10.0.125.252 | INFO: Connection to 10.0.125.252",Sleep,None,"Last action status is UNKNOWN, waiting for resolution."
"# OBSERVATION

Mission Phase: 0
Last Action : Sleep
Last Action Status: UNKNOWN
Communication Vectors: 
Commvector Blue Agent 0 Message: [0, 0, 0, 0, 0, 0, 0, 0]
Commvector Blue Agent 1 Message: [0, 1, 0, 0, 0, 1, 0, 0]
Commvector Blue Agent 2 Message: [0, 0, 0, 0, 0, 0, 0, 0]
Commvector Blue Agent 3 Message: [0, 0, 0, 0, 0, 0, 0, 0]

 Suspicious Activity Detected: None",Sleep,None,The last action is still in progress and status is unknown.
"# OBSERVATION

Mission Phase: 0
Last Action : Sleep
Last Action Status: UNKNOWN
Communication Vectors: 
Commvector Blue Agent 0 Message: [0, 0, 0, 0, 0, 0, 0, 0]
Commvector Blue Agent 1 Message: [0, 0, 0, 0, 0, 0, 0, 1]
Commvector Blue Agent 2 Message: [0, 0, 0, 0, 0, 0, 0, 1]
Commvector Blue Agent 3 Message: [0, 0, 0, 0, 0, 0, 0, 0]

Suspicious Activity Detected:
- Hostname: public_access_zone_subnet_server_host_2 | IP: 10.0.216.82 | INFO: Connection to 10.0.125.252 | INFO: Connection to 10.0.125.252",Sleep,None,The last action status is unknown and it is in progress.
"# OBSERVATION

Mission Phase: 0
Last Action : Sleep
Last Action Status: UNKNOWN
Communication Vectors: 
Commvector Blue Agent 0 Message: [0, 0, 0, 0, 0, 0, 0, 0]
Commvector Blue Agent 1 Message: [0, 0, 0, 0, 0, 0, 0, 0]
Commvector Blue Agent 2 Message: [0, 0, 0, 0, 0, 0, 0, 0]
Commvector Blue Agent 3 Message: [0, 0, 0, 0, 0, 0, 0, 0]

 Suspicious Activity Detected: None",Sleep,None,"Last action is still in progress, waiting for completion."
"# OBSERVATION

Mission Phase: 0
Last Action : Sleep
Last Action Status: UNKNOWN
Communication Vectors: 
Commvector Blue Agent 0 Message: [0, 0, 0, 0, 0, 0, 0, 0]
Commvector Blue Agent 1 Message: [0, 0, 0, 0, 0, 0, 0, 0]
Commvector Blue Agent 2 Message: [0, 0, 0, 0, 0, 0, 0, 0]
Commvector Blue Agent 3 Message: [0, 0, 0, 1, 0, 1, 0, 1]

Suspicious Activity Detected:
- Hostname: admin_network_subnet_server_host_0 | IP: 10.0.28.152 | INFO: Connection to 10.0.204.254 | INFO: Connection to 10.0.204.254",Sleep,None,The last action is still in progress and requires waiting for completion before taking further action.
"# OBSERVATION

Mission Phase: 0
Last Action : Sleep
Last Action Status: UNKNOWN
Communication Vectors: 
Commvector Blue Agent 0 Message: [0, 0, 0, 0, 0, 0, 0, 0]
Commvector Blue Agent 1 Message: [0, 0, 0, 0, 0, 0, 0, 0]
Commvector Blue Agent 2 Message: [0, 0, 0, 0, 0, 0, 0, 0]
Commvector Blue Agent 3 Message: [0, 0, 0, 0, 0, 0, 0, 0]

 Suspicious Activity Detected: None",Sleep,None,"The last action status is unknown, indicating that previous actions are not yet completed."
"# OBSERVATION

Mission Phase: 0
Last Action : Sleep
Last Action Status: UNKNOWN
Communication Vectors: 
Commvector Blue Agent 0 Message: [0, 0, 0, 0, 0, 0, 0, 0]
Commvector Blue Agent 1 Message: [0, 0, 0, 0, 0, 0, 0, 0]
Commvector Blue Agent 2 Message: [0, 0, 0, 0, 0, 0, 0, 0]
Commvector Blue Agent 3 Message: [0, 0, 0, 0, 0, 0, 0, 0]

 Suspicious Activity Detected: None",Sleep,None,Last action status is unknown; waiting for completion of previous action.
"# OBSERVATION

Mission Phase: 0
Last Action : Sleep
Last Action Status: UNKNOWN
Communication Vectors: 
Commvector Blue Agent 0 Message: [0, 0, 0, 0, 0, 0, 0, 0]
Commvector Blue Agent 1 Message: [0, 0, 0, 0, 0, 0, 0, 0]
Commvector Blue Agent 2 Message: [0, 0, 0, 0, 0, 0, 0, 1]
Commvector Blue Agent 3 Message: [0, 0, 0, 0, 0, 0, 0, 0]

 Suspicious Activity Detected: None",Sleep,None,The last action is currently in progress and cannot be interrupted.
"# OBSERVATION

Mission Phase: 0
Last Action : Sleep
Last Action Status: UNKNOWN
Communication Vectors: 
Commvector Blue Agent 0 Message: [0, 0, 0, 0, 0, 0, 0, 0]
Commvector Blue Agent 1 Message: [0, 0, 0, 0, 0, 0, 0, 0]
Commvector Blue Agent 2 Message: [0, 0, 0, 0, 0, 0, 0, 0]
Commvector Blue Agent 3 Message: [0, 0, 0, 0, 0, 0, 0, 1]

Suspicious Activity Detected:
- Hostname: public_access_zone_subnet_server_host_5 | IP: 10.0.125.248 | INFO: Connection to 10.0.204.94 | INFO: Connection to 10.0.204.94 | INFO: Connection to 10.0.204.94 | INFO: Connection to 10.0.204.94 | INFO: Connection to 10.0.204.94 | INFO: Connection to 10.0.204.94 | INFO: Connection to 10.0.204.94 | INFO: Connection to 10.0.204.94",Sleep,None,The last action is still in progress and I cannot take any new action.
"# OBSERVATION

Mission Phase: 0
Last Action : Sleep
Last Action Status: UNKNOWN
Communication Vectors: 
Commvector Blue Agent 0 Message: [0, 0, 0, 0, 0, 0, 0, 0]
Commvector Blue Agent 1 Message: [0, 0, 0, 0, 0, 0, 0, 0]
Commvector Blue Agent 2 Message: [0, 0, 0, 0, 0, 0, 0, 0]
Commvector Blue Agent 3 Message: [0, 0, 0, 0, 0, 0, 0, 0]

Suspicious Activity Detected:
- Hostname: admin_network_subnet_server_host_2 | IP: 10.0.28.152 | INFO: Connection to 10.0.204.252 | INFO: Connection to 10.0.204.252",Sleep,None,"Last action is still in progress, awaiting further developments."
"# OBSERVATION

Mission Phase: 0
Last Action : Analyse host:admin_network_subnet_user_host_4
Last Action Status: IN_PROGRESS
Communication Vectors: 
Commvector Blue Agent 0 Message: [0, 0, 0, 0, 0, 0, 0, 0]
Commvector Blue Agent 1 Message: [0, 0, 0, 0, 0, 0, 0, 1]
Commvector Blue Agent 2 Message: [0, 0, 0, 0, 0, 0, 0, 1]
Commvector Blue Agent 3 Message: [0, 0, 0, 0, 0, 0, 0, 1]

 Suspicious Activity Detected: None",Sleep,None,The last action is still IN_PROGRESS and needs to be completed before taking further action.
"# OBSERVATION

Mission Phase: 0
Last Action : Sleep
Last Action Status: UNKNOWN
Communication Vectors: 
Commvector Blue Agent 0 Message: [0, 0, 0, 0, 0, 0, 0, 0]
Commvector Blue Agent 1 Message: [0, 0, 0, 0, 0, 0, 0, 0]
Commvector Blue Agent 2 Message: [0, 0, 0, 0, 0, 0, 0, 1]
Commvector Blue Agent 3 Message: [0, 0, 0, 0, 0, 0, 0, 0]

Suspicious Activity Detected:
- Hostname: admin_network_subnet_user_host_4 | IP: 10.0.204.203",Analyse,host:admin_network_subnet_user_host_4,"Suspicious activity detected on the host, which requires further investigation."
"# OBSERVATION

Mission Phase: 0
Last Action : Sleep
Last Action Status: UNKNOWN
Communication Vectors: 
Commvector Blue Agent 0 Message: [0, 0, 0, 0, 0, 0, 0, 0]
Commvector Blue Agent 1 Message: [0, 0, 0, 0, 0, 0, 0, 0]
Commvector Blue Agent 2 Message: [0, 0, 0, 0, 0, 0, 0, 0]
Commvector Blue Agent 3 Message: [0, 0, 0, 0, 0, 0, 0, 1]

 Suspicious Activity Detected: None",Sleep,None,The last action is in progress and further action should wait until it is completed.
"# OBSERVATION

Mission Phase: 0
Last Action : Sleep
Last Action Status: UNKNOWN
Communication Vectors: 
Commvector Blue Agent 0 Message: [0, 0, 0, 0, 0, 0, 0, 1]
Commvector Blue Agent 1 Message: [0, 0, 0, 0, 0, 0, 0, 0]
Commvector Blue Agent 2 Message: [0, 0, 0, 0, 0, 0, 0, 0]
Commvector Blue Agent 3 Message: [0, 0, 0, 0, 0, 0, 0, 0]

Suspicious Activity Detected:
- Hostname: admin_network_subnet_server_host_4 | IP: 10.0.28.188 | INFO: Connection to 10.0.204.250 | INFO: Connection to 10.0.204.250",Sleep,None,The last action is still in progress and requires no immediate additional action.
"# OBSERVATION

Mission Phase: 0
Last Action : Sleep
Last Action Status: UNKNOWN
Communication Vectors: 
Commvector Blue Agent 0 Message: [0, 0, 0, 0, 0, 0, 0, 1]
Commvector Blue Agent 1 Message: [0, 0, 0, 0, 0, 0, 0, 0]
Commvector Blue Agent 2 Message: [0, 0, 0, 0, 0, 0, 0, 0]
Commvector Blue Agent 3 Message: [0, 0, 0, 0, 0, 0, 0, 0]

 Suspicious Activity Detected: None",Sleep,None,"The last action is still in progress, awaiting completion."
"# OBSERVATION

Mission Phase: 0
Last Action : Sleep
Last Action Status: UNKNOWN
Communication Vectors: 
Commvector Blue Agent 0 Message: [0, 0, 0, 0, 0, 0, 0, 0]
Commvector Blue Agent 1 Message: [0, 0, 0, 0, 0, 0, 0, 0]
Commvector Blue Agent 2 Message: [0, 0, 0, 0, 0, 1, 0, 1]
Commvector Blue Agent 3 Message: [0, 0, 0, 0, 0, 0, 0, 0]

 Suspicious Activity Detected: None",Sleep,None,"Last action status is UNKNOWN, continuing to wait for previous actions to complete."
"# OBSERVATION

Mission Phase: 0
Last Action : Sleep
Last Action Status: UNKNOWN
Communication Vectors: 
Commvector Blue Agent 0 Message: [0, 0, 0, 0, 0, 0, 0, 0]
Commvector Blue Agent 1 Message: [0, 0, 0, 0, 0, 0, 0, 1]
Commvector Blue Agent 2 Message: [0, 0, 0, 0, 0, 0, 0, 1]
Commvector Blue Agent 3 Message: [0, 0, 0, 0, 0, 0, 0, 1]

Suspicious Activity Detected:
- Hostname: public_access_zone_subnet_server_host_0 | IP: 10.0.125.189 | INFO: Connection to 10.0.125.254 | INFO: Connection to 10.0.125.254",Sleep,None,"Last action is still in progress, waiting for completion."
"# OBSERVATION

Mission Phase: 0
Last Action : Analyse host:office_network_subnet_user_host_5
Last Action Status: IN_PROGRESS
Communication Vectors: 
Commvector Blue Agent 0 Message: [0, 0, 0, 0, 0, 0, 0, 1]
Commvector Blue Agent 1 Message: [0, 0, 0, 0, 0, 0, 0, 0]
Commvector Blue Agent 2 Message: [0, 0, 1, 0, 0, 1, 0, 0]
Commvector Blue Agent 3 Message: [0, 0, 0, 0, 0, 0, 0, 0]

 Suspicious Activity Detected: None",Sleep,None,The last action is still in progress.
"# OBSERVATION

Mission Phase: 0
Last Action : Sleep
Last Action Status: UNKNOWN
Communication Vectors: 
Commvector Blue Agent 0 Message: [0, 0, 0, 0, 0, 0, 0, 0]
Commvector Blue Agent 1 Message: [0, 0, 0, 0, 0, 0, 0, 0]
Commvector Blue Agent 2 Message: [0, 0, 0, 0, 0, 0, 0, 0]
Commvector Blue Agent 3 Message: [0, 0, 0, 0, 0, 0, 0, 0]

Suspicious Activity Detected:
- Hostname: office_network_subnet_user_host_5 | IP: 10.0.64.9",Analyse,host:office_network_subnet_user_host_5,"Suspicious activity detected on the host, necessitating further investigation."
"# OBSERVATION

Mission Phase: 0
Last Action : Sleep
Last Action Status: UNKNOWN
Communication Vectors: 
Commvector Blue Agent 0 Message: [1, 0, 0, 0, 0, 1, 0, 0]
Commvector Blue Agent 1 Message: [0, 0, 0, 0, 0, 0, 0, 0]
Commvector Blue Agent 2 Message: [0, 0, 0, 0, 0, 0, 0, 1]
Commvector Blue Agent 3 Message: [0, 0, 0, 0, 0, 0, 0, 0]

 Suspicious Activity Detected: None",Sleep,None,"The last action is currently in progress, and no further actions can be taken until it completes."
"# OBSERVATION

Mission Phase: 0
Last Action : Analyse host:public_access_zone_subnet_user_host_8
Last Action Status: IN_PROGRESS
Communication Vectors: 
Commvector Blue Agent 0 Message: [0, 0, 0, 0, 0, 0, 0, 0]
Commvector Blue Agent 1 Message: [0, 0, 0, 0, 0, 0, 0, 1]
Commvector Blue Agent 2 Message: [0, 0, 0, 0, 0, 0, 0, 1]
Commvector Blue Agent 3 Message: [0, 0, 0, 0, 0, 0, 0, 1]

 Suspicious Activity Detected: None",Sleep,None,"The last action is still in progress, indicating further analysis is required."
"# OBSERVATION

Mission Phase: 0
Last Action : Sleep
Last Action Status: UNKNOWN
Communication Vectors: 
Commvector Blue Agent 0 Message: [0, 0, 0, 0, 0, 0, 0, 1]
Commvector Blue Agent 1 Message: [0, 0, 0, 0, 0, 0, 0, 0]
Commvector Blue Agent 2 Message: [0, 0, 0, 0, 0, 0, 0, 0]
Commvector Blue Agent 3 Message: [0, 0, 0, 0, 0, 0, 0, 0]

Suspicious Activity Detected:
- Hostname: public_access_zone_subnet_user_host_8 | IP: 10.0.125.241",Analyse,host:public_access_zone_subnet_user_host_8,Suspicious activity detected on the host; analysis is required to assess the situation.
"# OBSERVATION

Mission Phase: 0
Last Action : Sleep
Last Action Status: UNKNOWN
Communication Vectors: 
Commvector Blue Agent 0 Message: [0, 0, 0, 0, 0, 0, 0, 1]
Commvector Blue Agent 1 Message: [0, 0, 0, 0, 0, 0, 0, 1]
Commvector Blue Agent 2 Message: [0, 0, 0, 0, 0, 0, 0, 0]
Commvector Blue Agent 3 Message: [0, 0, 0, 0, 0, 0, 0, 1]

 Suspicious Activity Detected: None",Sleep,None,"Last action status is unknown, need to wait for ongoing actions to complete."
"# OBSERVATION

Mission Phase: 0
Last Action : Sleep
Last Action Status: UNKNOWN
Communication Vectors: 
Commvector Blue Agent 0 Message: [0, 0, 0, 0, 0, 0, 0, 0]
Commvector Blue Agent 1 Message: [0, 0, 0, 0, 0, 0, 0, 0]
Commvector Blue Agent 2 Message: [0, 0, 0, 0, 0, 0, 0, 0]
Commvector Blue Agent 3 Message: [0, 0, 0, 0, 0, 0, 0, 0]

 Suspicious Activity Detected: None",Sleep,None,"The last action status is UNKNOWN, indicating ongoing processes."
"# OBSERVATION

Mission Phase: 0
Last Action : Sleep
Last Action Status: UNKNOWN
Communication Vectors: 
Commvector Blue Agent 0 Message: [0, 0, 0, 0, 0, 0, 0, 1]
Commvector Blue Agent 1 Message: [0, 0, 0, 0, 0, 0, 0, 0]
Commvector Blue Agent 2 Message: [0, 0, 0, 0, 0, 0, 0, 1]
Commvector Blue Agent 3 Message: [0, 0, 0, 0, 0, 0, 0, 0]

 Suspicious Activity Detected: None",Sleep,None,"The last action is in progress, and further action cannot be taken until it completes."
"# OBSERVATION

Mission Phase: 0
Last Action : Sleep
Last Action Status: UNKNOWN
Communication Vectors: 
Commvector Blue Agent 0 Message: [0, 0, 0, 0, 0, 0, 0, 0]
Commvector Blue Agent 1 Message: [0, 0, 0, 0, 0, 0, 0, 1]
Commvector Blue Agent 2 Message: [0, 0, 0, 0, 0, 0, 0, 0]
Commvector Blue Agent 3 Message: [0, 0, 0, 0, 0, 0, 0, 0]

 Suspicious Activity Detected: None",Sleep,None,"The last action is still in progress, so I will wait."
"# OBSERVATION

Mission Phase: 0
Last Action : Sleep
Last Action Status: UNKNOWN
Communication Vectors: 
Commvector Blue Agent 0 Message: [0, 0, 0, 0, 0, 0, 0, 1]
Commvector Blue Agent 1 Message: [0, 0, 0, 0, 0, 0, 0, 0]
Commvector Blue Agent 2 Message: [0, 0, 0, 0, 0, 0, 0, 1]
Commvector Blue Agent 3 Message: [0, 0, 0, 0, 0, 0, 0, 0]

 Suspicious Activity Detected: None",Sleep,None,No suspicious activity detected and the last action is still in progress.
"# OBSERVATION

Mission Phase: 0
Last Action : Sleep
Last Action Status: UNKNOWN
Communication Vectors: 
Commvector Blue Agent 0 Message: [0, 0, 0, 0, 0, 0, 0, 0]
Commvector Blue Agent 1 Message: [0, 0, 0, 0, 0, 0, 0, 0]
Commvector Blue Agent 2 Message: [0, 0, 0, 0, 0, 0, 0, 0]
Commvector Blue Agent 3 Message: [0, 0, 0, 0, 0, 0, 0, 1]

 Suspicious Activity Detected: None",Sleep,None,The last action is still in progress and requires additional time.
"# OBSERVATION

Mission Phase: 0
Last Action : Sleep
Last Action Status: UNKNOWN
Communication Vectors: 
Commvector Blue Agent 0 Message: [0, 0, 0, 0, 0, 0, 0, 1]
Commvector Blue Agent 1 Message: [0, 0, 0, 0, 0, 0, 0, 1]
Commvector Blue Agent 2 Message: [0, 0, 0, 0, 0, 0, 0, 0]
Commvector Blue Agent 3 Message: [0, 0, 0, 0, 0, 0, 0, 0]

 Suspicious Activity Detected: None",Sleep,None,Last action status is unknown; waiting for action to complete.
"# OBSERVATION

Mission Phase: 0
Last Action : Sleep
Last Action Status: UNKNOWN
Communication Vectors: 
Commvector Blue Agent 0 Message: [0, 0, 0, 0, 0, 0, 0, 0]
Commvector Blue Agent 1 Message: [0, 0, 0, 0, 0, 0, 0, 1]
Commvector Blue Agent 2 Message: [0, 0, 0, 0, 0, 0, 0, 0]
Commvector Blue Agent 3 Message: [0, 0, 0, 0, 0, 0, 0, 0]

 Suspicious Activity Detected: None",Sleep,None,"The last action status is UNKNOWN, indicating I should wait."
"# OBSERVATION

Mission Phase: 0
Last Action : Sleep
Last Action Status: UNKNOWN
Communication Vectors: 
Commvector Blue Agent 0 Message: [0, 0, 0, 0, 0, 0, 0, 0]
Commvector Blue Agent 1 Message: [0, 0, 0, 0, 0, 0, 0, 0]
Commvector Blue Agent 2 Message: [0, 0, 0, 0, 0, 0, 0, 0]
Commvector Blue Agent 3 Message: [0, 0, 0, 0, 0, 0, 0, 0]

 Suspicious Activity Detected: None",Sleep,None,"Last action is still in progress, maintaining current status."
"# OBSERVATION

Mission Phase: 0
Last Action : Sleep
Last Action Status: UNKNOWN
Communication Vectors: 
Commvector Blue Agent 0 Message: [0, 0, 0, 0, 0, 0, 0, 1]
Commvector Blue Agent 1 Message: [0, 0, 0, 0, 0, 0, 0, 0]
Commvector Blue Agent 2 Message: [0, 0, 0, 0, 0, 0, 0, 0]
Commvector Blue Agent 3 Message: [0, 0, 0, 0, 0, 0, 0, 0]

 Suspicious Activity Detected: None",Sleep,None,"Last action status is UNKNOWN, requiring a pause until action completion is confirmed."
"# OBSERVATION

Mission Phase: 0
Last Action : Sleep
Last Action Status: UNKNOWN
Communication Vectors: 
Commvector Blue Agent 0 Message: [0, 0, 0, 0, 0, 0, 0, 1]
Commvector Blue Agent 1 Message: [0, 1, 0, 0, 0, 1, 0, 0]
Commvector Blue Agent 2 Message: [0, 0, 0, 0, 0, 0, 0, 1]
Commvector Blue Agent 3 Message: [0, 0, 0, 0, 0, 0, 0, 0]

 Suspicious Activity Detected: None",Sleep,None,"Last action status is UNKNOWN, so I will continue to wait for the previous action to complete."
"# OBSERVATION

Mission Phase: 0
Last Action : Sleep
Last Action Status: UNKNOWN
Communication Vectors: 
Commvector Blue Agent 0 Message: [1, 0, 0, 0, 0, 1, 0, 0]
Commvector Blue Agent 1 Message: [0, 0, 0, 0, 0, 0, 0, 1]
Commvector Blue Agent 2 Message: [0, 0, 0, 0, 0, 0, 0, 1]
Commvector Blue Agent 3 Message: [0, 0, 0, 0, 0, 0, 0, 0]

 Suspicious Activity Detected: None",Sleep,None,Last action is still IN_PROGRESS and status is UNKNOWN.
"# OBSERVATION

Mission Phase: 0
Last Action : Sleep
Last Action Status: UNKNOWN
Communication Vectors: 
Commvector Blue Agent 0 Message: [0, 0, 0, 0, 0, 0, 0, 0]
Commvector Blue Agent 1 Message: [0, 0, 0, 0, 0, 0, 0, 0]
Commvector Blue Agent 2 Message: [0, 0, 0, 0, 0, 0, 0, 0]
Commvector Blue Agent 3 Message: [0, 0, 0, 0, 0, 0, 0, 0]

 Suspicious Activity Detected: None",Sleep,None,"Last action status is UNKNOWN, so continue to sleep until the last action is resolved."
"# OBSERVATION

Mission Phase: 0
Last Action : Sleep
Last Action Status: UNKNOWN
Communication Vectors: 
Commvector Blue Agent 0 Message: [0, 0, 0, 0, 0, 0, 0, 1]
Commvector Blue Agent 1 Message: [0, 0, 0, 0, 0, 0, 0, 0]
Commvector Blue Agent 2 Message: [0, 0, 0, 0, 0, 0, 0, 0]
Commvector Blue Agent 3 Message: [0, 0, 0, 0, 0, 0, 0, 0]

Suspicious Activity Detected:
- Hostname: admin_network_subnet_server_host_4 | IP: 10.0.216.175 | INFO: Connection to 10.0.204.250 | INFO: Connection to 10.0.204.250",Sleep,None,"Last action status is UNKNOWN, indicating the previous action is still in progress."
"# OBSERVATION

Mission Phase: 0
Last Action : Sleep
Last Action Status: UNKNOWN
Communication Vectors: 
Commvector Blue Agent 0 Message: [0, 0, 0, 0, 0, 0, 0, 1]
Commvector Blue Agent 1 Message: [0, 0, 0, 0, 0, 0, 0, 0]
Commvector Blue Agent 2 Message: [0, 0, 0, 0, 0, 0, 0, 0]
Commvector Blue Agent 3 Message: [0, 0, 0, 0, 0, 0, 0, 0]

 Suspicious Activity Detected: None",Sleep,None,The last action is still in progress and its status is unknown.
"# OBSERVATION

Mission Phase: 0
Last Action : Sleep
Last Action Status: UNKNOWN
Communication Vectors: 
Commvector Blue Agent 0 Message: [0, 0, 0, 0, 0, 0, 0, 0]
Commvector Blue Agent 1 Message: [0, 0, 0, 0, 0, 0, 0, 1]
Commvector Blue Agent 2 Message: [0, 0, 0, 0, 0, 0, 0, 0]
Commvector Blue Agent 3 Message: [0, 0, 0, 0, 0, 0, 0, 0]

Suspicious Activity Detected:
- Hostname: public_access_zone_subnet_server_host_2 | IP: 10.0.125.189 | INFO: Connection to 10.0.125.252 | INFO: Connection to 10.0.125.252",Sleep,None,The last action is still in progress and requires waiting for completion.
"# OBSERVATION

Mission Phase: 0
Last Action : Sleep
Last Action Status: UNKNOWN
Communication Vectors: 
Commvector Blue Agent 0 Message: [0, 0, 0, 0, 0, 0, 0, 0]
Commvector Blue Agent 1 Message: [0, 0, 0, 0, 0, 0, 0, 0]
Commvector Blue Agent 2 Message: [0, 0, 0, 0, 0, 0, 0, 0]
Commvector Blue Agent 3 Message: [0, 0, 0, 0, 0, 0, 0, 0]

 Suspicious Activity Detected: None",Sleep,None,Last action is in progress and status is unknown.
"# OBSERVATION

Mission Phase: 0
Last Action : Sleep
Last Action Status: UNKNOWN
Communication Vectors: 
Commvector Blue Agent 0 Message: [0, 0, 0, 0, 0, 0, 0, 0]
Commvector Blue Agent 1 Message: [0, 0, 0, 0, 0, 0, 0, 1]
Commvector Blue Agent 2 Message: [0, 0, 0, 0, 0, 0, 0, 0]
Commvector Blue Agent 3 Message: [0, 0, 0, 0, 0, 0, 0, 0]

 Suspicious Activity Detected: None",Sleep,None,"The last action is still in progress, requiring the agent to wait."
"# OBSERVATION

Mission Phase: 0
Last Action : Sleep
Last Action Status: UNKNOWN
Communication Vectors: 
Commvector Blue Agent 0 Message: [0, 0, 0, 0, 0, 0, 0, 1]
Commvector Blue Agent 1 Message: [0, 0, 0, 0, 0, 0, 0, 0]
Commvector Blue Agent 2 Message: [0, 0, 0, 0, 0, 0, 0, 0]
Commvector Blue Agent 3 Message: [0, 0, 0, 0, 0, 0, 0, 0]

 Suspicious Activity Detected: None",Sleep,None,"The last action status is unknown, indicating that the previous action did not complete, and I should wait."
"# OBSERVATION

Mission Phase: 0
Last Action : Sleep
Last Action Status: UNKNOWN
Communication Vectors: 
Commvector Blue Agent 0 Message: [0, 0, 0, 0, 0, 0, 0, 1]
Commvector Blue Agent 1 Message: [0, 0, 0, 0, 0, 0, 0, 0]
Commvector Blue Agent 2 Message: [0, 0, 1, 0, 0, 1, 0, 0]
Commvector Blue Agent 3 Message: [0, 0, 0, 0, 0, 0, 0, 1]

 Suspicious Activity Detected: None",Sleep,None,"Last action status is UNKNOWN, so waiting for the action to complete."
"# OBSERVATION

Mission Phase: 0
Last Action : Sleep
Last Action Status: UNKNOWN
Communication Vectors: 
Commvector Blue Agent 0 Message: [0, 0, 0, 0, 0, 0, 0, 0]
Commvector Blue Agent 1 Message: [0, 0, 0, 0, 0, 0, 0, 0]
Commvector Blue Agent 2 Message: [0, 0, 0, 0, 0, 0, 0, 0]
Commvector Blue Agent 3 Message: [0, 0, 0, 0, 0, 0, 0, 0]

 Suspicious Activity Detected: None",Sleep,None,"Last action status is UNKNOWN, maintaining current state until further clarity on action completion."
"# OBSERVATION

Mission Phase: 0
Last Action : Sleep
Last Action Status: UNKNOWN
Communication Vectors: 
Commvector Blue Agent 0 Message: [0, 0, 0, 0, 0, 0, 0, 1]
Commvector Blue Agent 1 Message: [0, 0, 0, 0, 0, 0, 0, 0]
Commvector Blue Agent 2 Message: [0, 0, 0, 0, 0, 0, 0, 0]
Commvector Blue Agent 3 Message: [0, 0, 0, 0, 0, 0, 0, 0]

 Suspicious Activity Detected: None",Sleep,None,"Last action status is UNKNOWN, continuing to wait."
"# OBSERVATION

Mission Phase: 0
Last Action : Sleep
Last Action Status: UNKNOWN
Communication Vectors: 
Commvector Blue Agent 0 Message: [0, 0, 0, 0, 0, 0, 0, 0]
Commvector Blue Agent 1 Message: [0, 0, 0, 0, 0, 0, 0, 0]
Commvector Blue Agent 2 Message: [0, 0, 0, 0, 0, 0, 0, 0]
Commvector Blue Agent 3 Message: [0, 0, 0, 0, 0, 0, 0, 0]

 Suspicious Activity Detected: None",Sleep,None,Last action status is unknown and no suspicious activity is detected.
"# OBSERVATION

Mission Phase: 0
Last Action : Sleep
Last Action Status: UNKNOWN
Communication Vectors: 
Commvector Blue Agent 0 Message: [0, 0, 0, 0, 0, 0, 0, 1]
Commvector Blue Agent 1 Message: [0, 0, 0, 0, 0, 0, 0, 0]
Commvector Blue Agent 2 Message: [0, 0, 0, 0, 0, 0, 0, 0]
Commvector Blue Agent 3 Message: [0, 0, 0, 0, 0, 0, 0, 1]

Suspicious Activity Detected:
- Hostname: admin_network_subnet_server_host_2 | IP: 10.0.216.235 | INFO: Connection to 10.0.204.252 | INFO: Connection to 10.0.204.252",Sleep,None,"Last action is still in progress, waiting for it to complete."
"# OBSERVATION

Mission Phase: 0
Last Action : Sleep
Last Action Status: UNKNOWN
Communication Vectors: 
Commvector Blue Agent 0 Message: [0, 0, 0, 0, 0, 0, 0, 0]
Commvector Blue Agent 1 Message: [0, 0, 0, 0, 0, 0, 0, 0]
Commvector Blue Agent 2 Message: [0, 0, 0, 0, 0, 0, 0, 0]
Commvector Blue Agent 3 Message: [0, 0, 0, 0, 0, 0, 0, 0]

 Suspicious Activity Detected: None",Sleep,None,"Last action status is unknown, maintaining current state until action completes."
"# OBSERVATION

Mission Phase: 0
Last Action : Sleep
Last Action Status: UNKNOWN
Communication Vectors: 
Commvector Blue Agent 0 Message: [0, 0, 0, 0, 0, 0, 0, 0]
Commvector Blue Agent 1 Message: [0, 0, 0, 0, 0, 0, 0, 0]
Commvector Blue Agent 2 Message: [0, 0, 1, 0, 0, 1, 0, 0]
Commvector Blue Agent 3 Message: [0, 0, 0, 0, 0, 0, 0, 1]

 Suspicious Activity Detected: None",Sleep,None,The last action is IN_PROGRESS and its status is UNKNOWN.
"# OBSERVATION

Mission Phase: 0
Last Action : Sleep
Last Action Status: UNKNOWN
Communication Vectors: 
Commvector Blue Agent 0 Message: [0, 0, 0, 0, 0, 0, 0, 0]
Commvector Blue Agent 1 Message: [0, 0, 0, 0, 0, 0, 0, 0]
Commvector Blue Agent 2 Message: [0, 0, 0, 0, 0, 0, 0, 0]
Commvector Blue Agent 3 Message: [0, 0, 0, 0, 0, 0, 0, 1]

 Suspicious Activity Detected: None",Sleep,None,The last action is still in progress and no suspicious activity has been detected.
"# OBSERVATION

Mission Phase: 0
Last Action : Sleep
Last Action Status: UNKNOWN
Communication Vectors: 
Commvector Blue Agent 0 Message: [0, 0, 0, 0, 0, 0, 0, 1]
Commvector Blue Agent 1 Message: [0, 0, 0, 0, 0, 0, 0, 1]
Commvector Blue Agent 2 Message: [0, 0, 0, 0, 0, 0, 0, 0]
Commvector Blue Agent 3 Message: [0, 0, 0, 1, 0, 1, 0, 0]

Suspicious Activity Detected:
- Hostname: public_access_zone_subnet_server_host_0 | IP: 10.0.125.254 | INFO: Connection to 10.0.204.126 | INFO: Connection to 10.0.204.126 | INFO: Connection to 10.0.204.126 | INFO: Connection to 10.0.204.126 | INFO: Connection to 10.0.204.126 | INFO: Connection to 10.0.204.126",Sleep,None,The last action is still in progress and needs to be completed.
"# OBSERVATION

Mission Phase: 0
Last Action : Analyse host:admin_network_subnet_user_host_1
Last Action Status: IN_PROGRESS
Communication Vectors: 
Commvector Blue Agent 0 Message: [0, 0, 0, 0, 0, 0, 0, 1]
Commvector Blue Agent 1 Message: [0, 0, 0, 0, 0, 0, 0, 1]
Commvector Blue Agent 2 Message: [0, 0, 0, 0, 0, 0, 0, 0]
Commvector Blue Agent 3 Message: [0, 0, 0, 0, 0, 0, 0, 0]

 Suspicious Activity Detected: None",Sleep,None,The last action of analysing the host is still in progress.
"# OBSERVATION

Mission Phase: 0
Last Action : Sleep
Last Action Status: UNKNOWN
Communication Vectors: 
Commvector Blue Agent 0 Message: [0, 0, 0, 0, 0, 0, 0, 0]
Commvector Blue Agent 1 Message: [0, 0, 0, 0, 0, 0, 0, 0]
Commvector Blue Agent 2 Message: [0, 0, 0, 0, 0, 0, 0, 0]
Commvector Blue Agent 3 Message: [0, 0, 0, 0, 0, 0, 0, 0]

Suspicious Activity Detected:
- Hostname: admin_network_subnet_user_host_1 | IP: 10.0.204.126",Analyse,host:admin_network_subnet_user_host_1,"Suspicious activity detected on the host, requiring further investigation."
"# OBSERVATION

Mission Phase: 0
Last Action : Sleep
Last Action Status: UNKNOWN
Communication Vectors: 
Commvector Blue Agent 0 Message: [0, 0, 0, 0, 0, 0, 0, 0]
Commvector Blue Agent 1 Message: [0, 0, 0, 0, 0, 0, 0, 0]
Commvector Blue Agent 2 Message: [0, 0, 0, 0, 0, 0, 0, 0]
Commvector Blue Agent 3 Message: [0, 0, 0, 0, 0, 0, 0, 1]

 Suspicious Activity Detected: None",Sleep,None,"The last action is still in progress, and no suspicious activity has been detected."
"# OBSERVATION

Mission Phase: 0
Last Action : Sleep
Last Action Status: UNKNOWN
Communication Vectors: 
Commvector Blue Agent 0 Message: [0, 0, 0, 0, 0, 0, 0, 0]
Commvector Blue Agent 1 Message: [0, 0, 0, 0, 0, 0, 0, 0]
Commvector Blue Agent 2 Message: [0, 0, 0, 0, 0, 0, 0, 0]
Commvector Blue Agent 3 Message: [0, 0, 0, 1, 0, 1, 0, 0]

 Suspicious Activity Detected: None",Sleep,None,"The last action status is UNKNOWN, indicating ongoing operations."
"# OBSERVATION

Mission Phase: 0
Last Action : Sleep
Last Action Status: UNKNOWN
Communication Vectors: 
Commvector Blue Agent 0 Message: [0, 0, 0, 0, 0, 0, 0, 0]
Commvector Blue Agent 1 Message: [0, 0, 0, 0, 0, 0, 0, 0]
Commvector Blue Agent 2 Message: [0, 0, 0, 0, 0, 0, 0, 0]
Commvector Blue Agent 3 Message: [0, 0, 0, 0, 0, 0, 0, 0]

 Suspicious Activity Detected: None",Sleep,None,"Last action status is UNKNOWN, waiting for completion."
"# OBSERVATION

Mission Phase: 0
Last Action : Sleep
Last Action Status: UNKNOWN
Communication Vectors: 
Commvector Blue Agent 0 Message: [0, 0, 0, 0, 0, 0, 0, 0]
Commvector Blue Agent 1 Message: [0, 0, 0, 0, 0, 0, 0, 0]
Commvector Blue Agent 2 Message: [0, 0, 0, 0, 0, 0, 0, 0]
Commvector Blue Agent 3 Message: [0, 0, 0, 0, 0, 0, 0, 1]

 Suspicious Activity Detected: None",Sleep,None,"The last action status is UNKNOWN, indicating that action is still in progress."
"# OBSERVATION

Mission Phase: 0
Last Action : Sleep
Last Action Status: UNKNOWN
Communication Vectors: 
Commvector Blue Agent 0 Message: [0, 0, 0, 0, 0, 0, 0, 1]
Commvector Blue Agent 1 Message: [0, 0, 0, 0, 0, 0, 0, 0]
Commvector Blue Agent 2 Message: [0, 0, 0, 0, 0, 0, 0, 0]
Commvector Blue Agent 3 Message: [0, 0, 0, 0, 0, 0, 0, 1]

Suspicious Activity Detected:
- Hostname: admin_network_subnet_user_host_7 | IP: 10.0.204.148 | INFO: Connection to 10.0.125.254 | INFO: Connection to 10.0.125.254",Sleep,None,The last action is currently in progress and needs to complete.
"# OBSERVATION

Mission Phase: 0
Last Action : Sleep
Last Action Status: UNKNOWN
Communication Vectors: 
Commvector Blue Agent 0 Message: [0, 0, 0, 0, 0, 0, 0, 1]
Commvector Blue Agent 1 Message: [0, 0, 0, 0, 0, 0, 0, 1]
Commvector Blue Agent 2 Message: [0, 0, 0, 0, 0, 0, 0, 1]
Commvector Blue Agent 3 Message: [0, 0, 0, 0, 0, 0, 0, 0]

Suspicious Activity Detected:
- Hostname: public_access_zone_subnet_user_host_3 | IP: 10.0.125.234 | INFO: Connection to 10.0.204.94 | INFO: Connection to 10.0.204.94 | INFO: Connection to 10.0.204.94 | INFO: Connection to 10.0.204.94",Sleep,None,Last action is in progress and cannot take new actions.
"# OBSERVATION

Mission Phase: 0
Last Action : Sleep
Last Action Status: UNKNOWN
Communication Vectors: 
Commvector Blue Agent 0 Message: [0, 0, 0, 0, 0, 0, 0, 0]
Commvector Blue Agent 1 Message: [0, 0, 0, 0, 0, 0, 0, 0]
Commvector Blue Agent 2 Message: [0, 0, 0, 0, 0, 0, 0, 0]
Commvector Blue Agent 3 Message: [0, 0, 0, 0, 0, 0, 0, 1]

 Suspicious Activity Detected: None",Sleep,None,"Last action status is UNKNOWN, indicating that a previous action is still in progress."
"# OBSERVATION

Mission Phase: 0
Last Action : Analyse host:public_access_zone_subnet_server_host_0
Last Action Status: IN_PROGRESS
Communication Vectors: 
Commvector Blue Agent 0 Message: [0, 0, 0, 0, 0, 0, 0, 1]
Commvector Blue Agent 1 Message: [0, 0, 0, 0, 0, 0, 0, 0]
Commvector Blue Agent 2 Message: [0, 0, 0, 0, 0, 0, 0, 1]
Commvector Blue Agent 3 Message: [0, 0, 0, 0, 0, 0, 0, 0]

Suspicious Activity Detected:
- Hostname: admin_network_subnet_user_host_2 | IP: 10.0.204.13",Sleep,None,"The last action is still in progress, waiting for completion."
"# OBSERVATION

Mission Phase: 0
Last Action : Sleep
Last Action Status: UNKNOWN
Communication Vectors: 
Commvector Blue Agent 0 Message: [0, 0, 0, 0, 0, 0, 0, 1]
Commvector Blue Agent 1 Message: [0, 0, 0, 0, 0, 0, 0, 0]
Commvector Blue Agent 2 Message: [0, 0, 0, 0, 0, 0, 0, 0]
Commvector Blue Agent 3 Message: [0, 0, 0, 0, 0, 0, 0, 1]

Suspicious Activity Detected:
- Hostname: public_access_zone_subnet_router | IP: 10.0.125.254 | INFO: Connection to 10.0.28.126 | INFO: Connection to 10.0.28.126
- Hostname: public_access_zone_subnet_server_host_0 | IP: 10.0.125.254 | INFO: Connection to 10.0.28.126 | INFO: Connection to 10.0.28.126 | INFO: Connection to 10.0.28.126 | INFO: Connection to 10.0.28.126 | INFO: Connection to 10.0.28.126 | INFO: Connection to 10.0.28.126 | INFO: Connection to 10.0.28.126 | INFO: Connection to 10.0.28.126 | INFO: Connection to 10.0.28.126 | INFO: Connection to 10.0.28.126 | INFO: Connection to 10.0.28.126 | INFO: Connection to 10.0.28.126 | INFO: Connection to 10.0.28.126 | INFO: Connection to 10.0.28.126 | INFO: Connection to 10.0.28.126 | INFO: Connection to 10.0.28.126 | INFO: Connection to 10.0.28.126 | INFO: Connection to 10.0.28.126 | INFO: Connection to 10.0.28.126 | INFO: Connection to 10.0.28.126 | INFO: Connection to 10.0.28.126 | INFO: Connection to 10.0.28.126 | WARNING: Suspicious process detected",Analyse,host:public_access_zone_subnet_server_host_0,Suspicious process detected on the host indicating possible red activity.
"# OBSERVATION

Mission Phase: 0
Last Action : Sleep
Last Action Status: UNKNOWN
Communication Vectors: 
Commvector Blue Agent 0 Message: [0, 0, 0, 0, 0, 0, 0, 0]
Commvector Blue Agent 1 Message: [0, 0, 0, 0, 0, 0, 0, 0]
Commvector Blue Agent 2 Message: [0, 0, 0, 0, 0, 0, 0, 0]
Commvector Blue Agent 3 Message: [0, 0, 0, 0, 0, 0, 0, 0]

 Suspicious Activity Detected: None",Sleep,None,"Last action status is UNKNOWN, indicating further action is pending."
"# OBSERVATION

Mission Phase: 0
Last Action : Analyse host:admin_network_subnet_user_host_7
Last Action Status: IN_PROGRESS
Communication Vectors: 
Commvector Blue Agent 0 Message: [0, 0, 0, 0, 0, 0, 0, 1]
Commvector Blue Agent 1 Message: [0, 0, 0, 0, 0, 0, 0, 0]
Commvector Blue Agent 2 Message: [0, 0, 0, 0, 0, 0, 0, 0]
Commvector Blue Agent 3 Message: [0, 0, 0, 0, 0, 0, 0, 1]

 Suspicious Activity Detected: None",Sleep,None,"The last action of analysing the host is still in progress, waiting for completion."
"# OBSERVATION

Mission Phase: 0
Last Action : Sleep
Last Action Status: UNKNOWN
Communication Vectors: 
Commvector Blue Agent 0 Message: [0, 0, 0, 0, 0, 0, 0, 0]
Commvector Blue Agent 1 Message: [0, 0, 0, 0, 0, 0, 0, 0]
Commvector Blue Agent 2 Message: [0, 0, 0, 0, 0, 0, 0, 0]
Commvector Blue Agent 3 Message: [0, 0, 0, 0, 0, 0, 0, 0]

Suspicious Activity Detected:
- Hostname: admin_network_subnet_user_host_7 | IP: 10.0.204.148",Analyse,host:admin_network_subnet_user_host_7,To collect further information relating to suspicious activity detected on the host.
"# OBSERVATION

Mission Phase: 0
Last Action : Sleep
Last Action Status: UNKNOWN
Communication Vectors: 
Commvector Blue Agent 0 Message: [0, 0, 0, 0, 0, 0, 0, 0]
Commvector Blue Agent 1 Message: [0, 0, 0, 0, 0, 0, 0, 1]
Commvector Blue Agent 2 Message: [0, 0, 0, 0, 0, 0, 0, 0]
Commvector Blue Agent 3 Message: [0, 0, 0, 0, 0, 0, 0, 1]

 Suspicious Activity Detected: None",Sleep,None,The last action is in progress and needs to be completed.
"# OBSERVATION

Mission Phase: 0
Last Action : Sleep
Last Action Status: UNKNOWN
Communication Vectors: 
Commvector Blue Agent 0 Message: [1, 0, 0, 0, 0, 1, 0, 1]
Commvector Blue Agent 1 Message: [0, 0, 0, 0, 0, 0, 0, 0]
Commvector Blue Agent 2 Message: [0, 0, 0, 0, 0, 0, 0, 0]
Commvector Blue Agent 3 Message: [0, 0, 0, 0, 0, 0, 0, 1]

 Suspicious Activity Detected: None",Sleep,None,The last action is still in progress and requires the agent to wait.
"# OBSERVATION

Mission Phase: 0
Last Action : Sleep
Last Action Status: UNKNOWN
Communication Vectors: 
Commvector Blue Agent 0 Message: [0, 0, 0, 0, 0, 0, 0, 1]
Commvector Blue Agent 1 Message: [0, 0, 0, 0, 0, 0, 0, 0]
Commvector Blue Agent 2 Message: [0, 0, 0, 0, 0, 0, 0, 0]
Commvector Blue Agent 3 Message: [0, 0, 0, 0, 0, 0, 0, 0]

 Suspicious Activity Detected: None",Sleep,None,"The last action status is UNKNOWN, indicating that the action is still in progress."
"# OBSERVATION

Mission Phase: 0
Last Action : Sleep
Last Action Status: UNKNOWN
Communication Vectors: 
Commvector Blue Agent 0 Message: [0, 0, 0, 0, 0, 0, 0, 0]
Commvector Blue Agent 1 Message: [0, 0, 0, 0, 0, 0, 0, 0]
Commvector Blue Agent 2 Message: [0, 0, 0, 0, 0, 0, 0, 0]
Commvector Blue Agent 3 Message: [0, 0, 0, 0, 0, 0, 0, 1]

 Suspicious Activity Detected: None",Sleep,None,"Last action status is UNKNOWN, so I must wait for the previous action to complete."
"# OBSERVATION

Mission Phase: 0
Last Action : Sleep
Last Action Status: UNKNOWN
Communication Vectors: 
Commvector Blue Agent 0 Message: [0, 0, 0, 0, 0, 0, 0, 0]
Commvector Blue Agent 1 Message: [0, 0, 0, 0, 0, 0, 0, 0]
Commvector Blue Agent 2 Message: [0, 0, 0, 0, 0, 0, 0, 0]
Commvector Blue Agent 3 Message: [0, 0, 0, 0, 0, 0, 0, 1]

 Suspicious Activity Detected: None",Sleep,None,Current action status is UNKNOWN; no immediate threat detected to act upon.
"# OBSERVATION

Mission Phase: 0
Last Action : Sleep
Last Action Status: UNKNOWN
Communication Vectors: 
Commvector Blue Agent 0 Message: [1, 0, 0, 0, 0, 1, 0, 1]
Commvector Blue Agent 1 Message: [0, 0, 0, 0, 0, 0, 0, 0]
Commvector Blue Agent 2 Message: [0, 0, 0, 0, 0, 0, 0, 0]
Commvector Blue Agent 3 Message: [0, 0, 0, 0, 0, 0, 0, 0]

 Suspicious Activity Detected: None",Sleep,None,"The last action status is UNKNOWN, and we need to wait until the current action is completed."
"# OBSERVATION

Mission Phase: 0
Last Action : Sleep
Last Action Status: UNKNOWN
Communication Vectors: 
Commvector Blue Agent 0 Message: [0, 0, 0, 0, 0, 0, 0, 1]
Commvector Blue Agent 1 Message: [0, 1, 0, 0, 0, 1, 0, 0]
Commvector Blue Agent 2 Message: [0, 0, 0, 0, 0, 0, 0, 0]
Commvector Blue Agent 3 Message: [0, 0, 0, 0, 0, 0, 0, 1]

 Suspicious Activity Detected: None",Sleep,None,The last action is in progress and needs to complete.
"# OBSERVATION

Mission Phase: 0
Last Action : Sleep
Last Action Status: UNKNOWN
Communication Vectors: 
Commvector Blue Agent 0 Message: [0, 0, 0, 0, 0, 0, 0, 0]
Commvector Blue Agent 1 Message: [0, 0, 0, 0, 0, 0, 0, 0]
Commvector Blue Agent 2 Message: [0, 0, 0, 0, 0, 0, 0, 0]
Commvector Blue Agent 3 Message: [0, 0, 0, 0, 0, 0, 0, 0]

 Suspicious Activity Detected: None",Sleep,None,"Last action status is unknown, so I will wait for the current action to complete."
"# OBSERVATION

Mission Phase: 0
Last Action : Sleep
Last Action Status: UNKNOWN
Communication Vectors: 
Commvector Blue Agent 0 Message: [0, 0, 0, 0, 0, 0, 0, 0]
Commvector Blue Agent 1 Message: [0, 1, 0, 0, 0, 1, 0, 1]
Commvector Blue Agent 2 Message: [0, 0, 0, 0, 0, 0, 0, 1]
Commvector Blue Agent 3 Message: [0, 0, 0, 0, 0, 0, 0, 1]

 Suspicious Activity Detected: None",Sleep,None,"The last action is in progress, and no immediate action is required based on the current network status."
"# OBSERVATION

Mission Phase: 0
Last Action : Analyse host:admin_network_subnet_user_host_5
Last Action Status: IN_PROGRESS
Communication Vectors: 
Commvector Blue Agent 0 Message: [0, 0, 0, 0, 0, 0, 0, 0]
Commvector Blue Agent 1 Message: [0, 0, 0, 0, 0, 0, 0, 1]
Commvector Blue Agent 2 Message: [0, 0, 0, 0, 0, 0, 0, 0]
Commvector Blue Agent 3 Message: [0, 0, 0, 1, 0, 1, 0, 1]

 Suspicious Activity Detected: None",Sleep,None,The previous action of analysing the host is still in progress.
"# OBSERVATION

Mission Phase: 0
Last Action : Sleep
Last Action Status: UNKNOWN
Communication Vectors: 
Commvector Blue Agent 0 Message: [0, 0, 0, 0, 0, 0, 0, 0]
Commvector Blue Agent 1 Message: [0, 1, 0, 0, 0, 1, 0, 0]
Commvector Blue Agent 2 Message: [0, 0, 0, 0, 0, 0, 0, 0]
Commvector Blue Agent 3 Message: [0, 0, 0, 0, 0, 0, 0, 0]

Suspicious Activity Detected:
- Hostname: admin_network_subnet_user_host_5 | IP: 10.0.204.211",Analyse,host:admin_network_subnet_user_host_5,Suspicious activity detected on host indicates possible red agent presence.
"# OBSERVATION

Mission Phase: 0
Last Action : Sleep
Last Action Status: UNKNOWN
Communication Vectors: 
Commvector Blue Agent 0 Message: [0, 0, 0, 0, 0, 0, 0, 0]
Commvector Blue Agent 1 Message: [0, 0, 0, 0, 0, 0, 0, 0]
Commvector Blue Agent 2 Message: [0, 0, 0, 0, 0, 0, 0, 0]
Commvector Blue Agent 3 Message: [0, 0, 0, 1, 0, 1, 0, 0]

 Suspicious Activity Detected: None",Sleep,None,Last action is in an unknown state and requires waiting for its completion.
"# OBSERVATION

Mission Phase: 0
Last Action : Sleep
Last Action Status: UNKNOWN
Communication Vectors: 
Commvector Blue Agent 0 Message: [0, 0, 0, 0, 0, 0, 0, 0]
Commvector Blue Agent 1 Message: [0, 0, 0, 0, 0, 0, 0, 1]
Commvector Blue Agent 2 Message: [0, 0, 0, 0, 0, 0, 0, 0]
Commvector Blue Agent 3 Message: [0, 0, 0, 0, 0, 0, 0, 0]

 Suspicious Activity Detected: None",Sleep,None,"The last action status is unknown, and further action should wait until the current action completes."
"# OBSERVATION

Mission Phase: 0
Last Action : Sleep
Last Action Status: UNKNOWN
Communication Vectors: 
Commvector Blue Agent 0 Message: [0, 0, 0, 0, 0, 0, 0, 0]
Commvector Blue Agent 1 Message: [0, 0, 0, 0, 0, 0, 0, 0]
Commvector Blue Agent 2 Message: [0, 0, 0, 0, 0, 0, 0, 1]
Commvector Blue Agent 3 Message: [0, 0, 0, 0, 0, 0, 0, 0]

 Suspicious Activity Detected: None",Sleep,None,"The last action is still in progress, and further action cannot be taken until it is completed."
"# OBSERVATION

Mission Phase: 0
Last Action : Sleep
Last Action Status: UNKNOWN
Communication Vectors: 
Commvector Blue Agent 0 Message: [0, 0, 0, 0, 0, 0, 0, 0]
Commvector Blue Agent 1 Message: [0, 0, 0, 0, 0, 0, 0, 0]
Commvector Blue Agent 2 Message: [0, 0, 0, 0, 0, 0, 0, 0]
Commvector Blue Agent 3 Message: [0, 0, 0, 0, 0, 0, 0, 0]

 Suspicious Activity Detected: None",Sleep,None,Last action is IN_PROGRESS and status is UNKNOWN.
"# OBSERVATION

Mission Phase: 0
Last Action : Sleep
Last Action Status: UNKNOWN
Communication Vectors: 
Commvector Blue Agent 0 Message: [0, 0, 0, 0, 0, 0, 0, 0]
Commvector Blue Agent 1 Message: [0, 0, 0, 0, 0, 0, 0, 0]
Commvector Blue Agent 2 Message: [0, 0, 0, 0, 0, 0, 0, 0]
Commvector Blue Agent 3 Message: [0, 0, 0, 0, 0, 0, 0, 1]

 Suspicious Activity Detected: None",Sleep,None,"The last action is still in progress, so we need to wait."
"# OBSERVATION

Mission Phase: 0
Last Action : Sleep
Last Action Status: UNKNOWN
Communication Vectors: 
Commvector Blue Agent 0 Message: [0, 0, 0, 0, 0, 0, 0, 0]
Commvector Blue Agent 1 Message: [0, 0, 0, 0, 0, 0, 0, 0]
Commvector Blue Agent 2 Message: [0, 0, 0, 0, 0, 0, 0, 0]
Commvector Blue Agent 3 Message: [0, 0, 0, 0, 0, 0, 0, 0]

 Suspicious Activity Detected: None",Sleep,None,"The last action was IN_PROGRESS, and its status is UNKNOWN."
"# OBSERVATION

Mission Phase: 0
Last Action : Sleep
Last Action Status: UNKNOWN
Communication Vectors: 
Commvector Blue Agent 0 Message: [0, 0, 0, 0, 0, 0, 0, 0]
Commvector Blue Agent 1 Message: [0, 0, 0, 0, 0, 0, 0, 0]
Commvector Blue Agent 2 Message: [0, 0, 0, 0, 0, 0, 0, 1]
Commvector Blue Agent 3 Message: [0, 0, 0, 0, 0, 0, 0, 0]

 Suspicious Activity Detected: None",Sleep,None,The last action is still in progress and requires no further action at this moment.
"# OBSERVATION

Mission Phase: 0
Last Action : Sleep
Last Action Status: UNKNOWN
Communication Vectors: 
Commvector Blue Agent 0 Message: [0, 0, 0, 0, 0, 0, 0, 0]
Commvector Blue Agent 1 Message: [0, 0, 0, 0, 0, 0, 0, 1]
Commvector Blue Agent 2 Message: [0, 0, 0, 0, 0, 0, 0, 1]
Commvector Blue Agent 3 Message: [0, 0, 0, 0, 0, 0, 0, 1]

 Suspicious Activity Detected: None",Sleep,None,"The last action is still IN_PROGRESS, and further actions cannot be taken until it completes."
"# OBSERVATION

Mission Phase: 0
Last Action : Sleep
Last Action Status: UNKNOWN
Communication Vectors: 
Commvector Blue Agent 0 Message: [0, 0, 0, 0, 0, 0, 0, 0]
Commvector Blue Agent 1 Message: [0, 0, 0, 0, 0, 0, 0, 0]
Commvector Blue Agent 2 Message: [0, 0, 1, 0, 0, 1, 0, 0]
Commvector Blue Agent 3 Message: [0, 0, 0, 0, 0, 0, 0, 0]

Suspicious Activity Detected:
- Hostname: public_access_zone_subnet_server_host_3 | IP: 10.0.125.249 | INFO: Connection to 10.0.125.251 | INFO: Connection to 10.0.125.251",Sleep,None,"The last action status is unknown, and it's important to wait for the completion of the current actions before taking further steps."
"# OBSERVATION

Mission Phase: 0
Last Action : Sleep
Last Action Status: UNKNOWN
Communication Vectors: 
Commvector Blue Agent 0 Message: [0, 0, 0, 0, 0, 0, 0, 0]
Commvector Blue Agent 1 Message: [0, 0, 0, 0, 0, 0, 0, 0]
Commvector Blue Agent 2 Message: [0, 0, 0, 0, 0, 0, 0, 0]
Commvector Blue Agent 3 Message: [0, 0, 0, 0, 0, 0, 0, 0]

 Suspicious Activity Detected: None",Sleep,None,"The last action is still in progress, so I will maintain the current state."
"# OBSERVATION

Mission Phase: 0
Last Action : Sleep
Last Action Status: UNKNOWN
Communication Vectors: 
Commvector Blue Agent 0 Message: [0, 0, 0, 0, 0, 1, 0, 1]
Commvector Blue Agent 1 Message: [0, 0, 0, 0, 0, 0, 0, 0]
Commvector Blue Agent 2 Message: [0, 0, 0, 0, 0, 0, 0, 0]
Commvector Blue Agent 3 Message: [0, 0, 0, 0, 0, 0, 0, 1]

 Suspicious Activity Detected: None",Sleep,None,The last action is currently in progress and its status is unknown.
"# OBSERVATION

Mission Phase: 0
Last Action : Sleep
Last Action Status: UNKNOWN
Communication Vectors: 
Commvector Blue Agent 0 Message: [0, 0, 0, 0, 0, 0, 0, 1]
Commvector Blue Agent 1 Message: [0, 0, 0, 0, 0, 0, 0, 1]
Commvector Blue Agent 2 Message: [0, 0, 0, 0, 0, 0, 0, 0]
Commvector Blue Agent 3 Message: [0, 0, 0, 0, 0, 0, 0, 0]

 Suspicious Activity Detected: None",Sleep,None,"Last action is still in progress, monitoring is necessary."
"# OBSERVATION

Mission Phase: 0
Last Action : Sleep
Last Action Status: UNKNOWN
Communication Vectors: 
Commvector Blue Agent 0 Message: [1, 0, 0, 0, 0, 1, 0, 0]
Commvector Blue Agent 1 Message: [0, 0, 0, 0, 0, 0, 0, 0]
Commvector Blue Agent 2 Message: [0, 0, 0, 0, 0, 0, 0, 0]
Commvector Blue Agent 3 Message: [0, 0, 0, 0, 0, 0, 0, 1]

 Suspicious Activity Detected: None",Sleep,None,The last action was IN_PROGRESS and its status is UNKNOWN.
"# OBSERVATION

Mission Phase: 0
Last Action : Sleep
Last Action Status: UNKNOWN
Communication Vectors: 
Commvector Blue Agent 0 Message: [0, 0, 0, 0, 0, 0, 0, 0]
Commvector Blue Agent 1 Message: [0, 0, 0, 0, 0, 0, 0, 1]
Commvector Blue Agent 2 Message: [0, 0, 0, 0, 0, 0, 0, 0]
Commvector Blue Agent 3 Message: [0, 0, 0, 0, 0, 0, 0, 0]

 Suspicious Activity Detected: None",Sleep,None,"The last action status is UNKNOWN, indicating an ongoing process."
"# OBSERVATION

Mission Phase: 0
Last Action : Sleep
Last Action Status: UNKNOWN
Communication Vectors: 
Commvector Blue Agent 0 Message: [0, 0, 0, 0, 0, 0, 0, 0]
Commvector Blue Agent 1 Message: [0, 0, 0, 0, 0, 0, 0, 0]
Commvector Blue Agent 2 Message: [0, 0, 0, 0, 0, 0, 0, 0]
Commvector Blue Agent 3 Message: [0, 0, 0, 0, 0, 0, 0, 0]

 Suspicious Activity Detected: None",Sleep,None,Current action status is UNKNOWN; it is prudent to wait for the action to complete.
"# OBSERVATION

Mission Phase: 0
Last Action : Sleep
Last Action Status: UNKNOWN
Communication Vectors: 
Commvector Blue Agent 0 Message: [1, 0, 0, 0, 0, 1, 0, 0]
Commvector Blue Agent 1 Message: [0, 0, 0, 0, 0, 0, 0, 0]
Commvector Blue Agent 2 Message: [0, 0, 0, 0, 0, 0, 0, 0]
Commvector Blue Agent 3 Message: [0, 0, 0, 0, 0, 0, 0, 0]

 Suspicious Activity Detected: None",Sleep,None,"The last action is currently in progress, and we need to wait for its completion."
"# OBSERVATION

Mission Phase: 0
Last Action : Sleep
Last Action Status: UNKNOWN
Communication Vectors: 
Commvector Blue Agent 0 Message: [0, 0, 0, 0, 0, 0, 0, 0]
Commvector Blue Agent 1 Message: [0, 0, 0, 0, 0, 0, 0, 0]
Commvector Blue Agent 2 Message: [0, 0, 0, 0, 0, 0, 0, 1]
Commvector Blue Agent 3 Message: [0, 0, 0, 0, 0, 0, 0, 0]

 Suspicious Activity Detected: None",Sleep,None,"Last action status is UNKNOWN, continuing to sleep until the previous action is complete."
"# OBSERVATION

Mission Phase: 0
Last Action : Analyse host:public_access_zone_subnet_user_host_3
Last Action Status: IN_PROGRESS
Communication Vectors: 
Commvector Blue Agent 0 Message: [0, 0, 0, 0, 0, 0, 0, 0]
Commvector Blue Agent 1 Message: [0, 0, 0, 0, 0, 0, 0, 0]
Commvector Blue Agent 2 Message: [0, 0, 0, 0, 0, 0, 0, 0]
Commvector Blue Agent 3 Message: [0, 0, 0, 0, 0, 0, 0, 0]

Suspicious Activity Detected:
- Hostname: public_access_zone_subnet_router | IP: 10.0.204.98 | INFO: Connection to 10.0.64.173 | INFO: Connection to 10.0.64.173
- Hostname: admin_network_subnet_router | IP: 10.0.204.98 | INFO: Connection to 10.0.64.173 | INFO: Connection to 10.0.64.173
- Hostname: admin_network_subnet_user_host_3 | IP: 10.0.204.98 | INFO: Connection to 10.0.64.173 | INFO: Connection to 10.0.64.173 | INFO: Connection to 10.0.64.173 | INFO: Connection to 10.0.64.173 | INFO: Connection to 10.0.64.173 | INFO: Connection to 10.0.64.173 | INFO: Connection to 10.0.64.173 | INFO: Connection to 10.0.64.173 | INFO: Connection to 10.0.64.173 | INFO: Connection to 10.0.64.173 | INFO: Connection to 10.0.64.173 | INFO: Connection to 10.0.64.173 | INFO: Connection to 10.0.64.173 | INFO: Connection to 10.0.64.173 | INFO: Connection to 10.0.64.173 | INFO: Connection to 10.0.64.173 | INFO: Connection to 10.0.64.173 | INFO: Connection to 10.0.64.173 | INFO: Connection to 10.0.64.173 | INFO: Connection to 10.0.64.173 | WARNING: Suspicious process detected
- Hostname: office_network_subnet_router | IP: 10.0.204.98 | INFO: Connection to 10.0.64.173 | INFO: Connection to 10.0.64.173
- Hostname: office_network_subnet_user_host_7 | IP: 10.0.204.98 | INFO: Connection to 10.0.64.173 | INFO: Connection to 10.0.64.173",Sleep,None,"The last action is still IN_PROGRESS, so I need to wait before performing additional actions."
"# OBSERVATION

Mission Phase: 0
Last Action : Sleep
Last Action Status: UNKNOWN
Communication Vectors: 
Commvector Blue Agent 0 Message: [0, 0, 0, 0, 0, 0, 0, 0]
Commvector Blue Agent 1 Message: [0, 0, 0, 0, 0, 0, 0, 1]
Commvector Blue Agent 2 Message: [0, 0, 0, 0, 0, 0, 0, 0]
Commvector Blue Agent 3 Message: [0, 0, 0, 0, 0, 0, 0, 1]

Suspicious Activity Detected:
- Hostname: public_access_zone_subnet_user_host_3 | IP: 10.0.125.234",Analyse,host:public_access_zone_subnet_user_host_3,"Suspicious activity detected on the host, requiring analysis for potential red agent presence."
"# OBSERVATION

Mission Phase: 0
Last Action : Sleep
Last Action Status: UNKNOWN
Communication Vectors: 
Commvector Blue Agent 0 Message: [0, 0, 0, 0, 0, 0, 0, 0]
Commvector Blue Agent 1 Message: [0, 0, 0, 0, 0, 0, 0, 0]
Commvector Blue Agent 2 Message: [0, 0, 0, 0, 0, 0, 0, 1]
Commvector Blue Agent 3 Message: [0, 0, 0, 0, 0, 0, 0, 1]

 Suspicious Activity Detected: None",Sleep,None,"Last action status is UNKNOWN, continuing to wait is appropriate."
"# OBSERVATION

Mission Phase: 0
Last Action : Sleep
Last Action Status: UNKNOWN
Communication Vectors: 
Commvector Blue Agent 0 Message: [0, 0, 0, 0, 0, 0, 0, 0]
Commvector Blue Agent 1 Message: [0, 0, 0, 0, 0, 0, 0, 1]
Commvector Blue Agent 2 Message: [0, 0, 0, 0, 0, 0, 0, 0]
Commvector Blue Agent 3 Message: [0, 0, 0, 0, 0, 0, 0, 0]

 Suspicious Activity Detected: None",Sleep,None,"The last action is IN_PROGRESS, indicating ongoing processes that need to be completed."
"# OBSERVATION

Mission Phase: 0
Last Action : Sleep
Last Action Status: UNKNOWN
Communication Vectors: 
Commvector Blue Agent 0 Message: [1, 0, 0, 0, 0, 1, 0, 0]
Commvector Blue Agent 1 Message: [0, 0, 0, 0, 0, 0, 0, 0]
Commvector Blue Agent 2 Message: [0, 0, 0, 0, 0, 0, 0, 0]
Commvector Blue Agent 3 Message: [0, 0, 0, 0, 0, 0, 0, 1]

 Suspicious Activity Detected: None",Sleep,None,The last action is in progress and its status is unknown.
"# OBSERVATION

Mission Phase: 0
Last Action : Sleep
Last Action Status: UNKNOWN
Communication Vectors: 
Commvector Blue Agent 0 Message: [1, 0, 0, 0, 0, 1, 0, 0]
Commvector Blue Agent 1 Message: [0, 0, 0, 0, 0, 0, 0, 1]
Commvector Blue Agent 2 Message: [0, 0, 0, 0, 0, 0, 0, 1]
Commvector Blue Agent 3 Message: [0, 0, 0, 0, 0, 0, 0, 0]

 Suspicious Activity Detected: None",Sleep,None,The last action is still in progress and requires waiting.
"# OBSERVATION

Mission Phase: 0
Last Action : Sleep
Last Action Status: UNKNOWN
Communication Vectors: 
Commvector Blue Agent 0 Message: [0, 0, 0, 0, 0, 0, 0, 1]
Commvector Blue Agent 1 Message: [0, 0, 0, 0, 0, 0, 0, 0]
Commvector Blue Agent 2 Message: [0, 0, 0, 0, 0, 0, 0, 0]
Commvector Blue Agent 3 Message: [0, 0, 0, 0, 0, 0, 0, 0]

 Suspicious Activity Detected: None",Sleep,None,The last action is currently in progress and the status is unknown.
"# OBSERVATION

Mission Phase: 0
Last Action : Sleep
Last Action Status: UNKNOWN
Communication Vectors: 
Commvector Blue Agent 0 Message: [0, 0, 0, 0, 0, 0, 0, 1]
Commvector Blue Agent 1 Message: [0, 0, 0, 0, 0, 0, 0, 0]
Commvector Blue Agent 2 Message: [0, 0, 0, 0, 0, 0, 0, 0]
Commvector Blue Agent 3 Message: [0, 0, 0, 0, 0, 0, 0, 1]

 Suspicious Activity Detected: None",Sleep,None,Last action is still in progress and cannot be interrupted.
"# OBSERVATION

Mission Phase: 0
Last Action : Sleep
Last Action Status: UNKNOWN
Communication Vectors: 
Commvector Blue Agent 0 Message: [0, 0, 0, 0, 0, 0, 0, 0]
Commvector Blue Agent 1 Message: [0, 0, 0, 0, 0, 0, 0, 1]
Commvector Blue Agent 2 Message: [0, 0, 0, 0, 0, 0, 0, 0]
Commvector Blue Agent 3 Message: [0, 0, 0, 0, 0, 0, 0, 0]

 Suspicious Activity Detected: None",Sleep,None,"The last action status is unknown, and I need to wait for the completion of the previous action."
"# OBSERVATION

Mission Phase: 0
Last Action : Sleep
Last Action Status: UNKNOWN
Communication Vectors: 
Commvector Blue Agent 0 Message: [0, 0, 0, 0, 0, 0, 0, 1]
Commvector Blue Agent 1 Message: [0, 0, 0, 0, 0, 0, 0, 0]
Commvector Blue Agent 2 Message: [0, 0, 0, 0, 0, 0, 0, 0]
Commvector Blue Agent 3 Message: [0, 0, 0, 0, 0, 1, 0, 0]

 Suspicious Activity Detected: None",Sleep,None,The last action is in progress and its status is unknown.
"# OBSERVATION

Mission Phase: 0
Last Action : Sleep
Last Action Status: UNKNOWN
Communication Vectors: 
Commvector Blue Agent 0 Message: [0, 0, 0, 0, 0, 0, 0, 1]
Commvector Blue Agent 1 Message: [0, 0, 0, 0, 0, 0, 0, 0]
Commvector Blue Agent 2 Message: [0, 0, 0, 0, 0, 0, 0, 0]
Commvector Blue Agent 3 Message: [0, 0, 0, 0, 0, 0, 0, 0]

 Suspicious Activity Detected: None",Sleep,None,"The last action is still in progress, so I will continue to wait."
"# OBSERVATION

Mission Phase: 0
Last Action : Sleep
Last Action Status: UNKNOWN
Communication Vectors: 
Commvector Blue Agent 0 Message: [0, 0, 0, 0, 0, 0, 0, 0]
Commvector Blue Agent 1 Message: [0, 0, 0, 0, 0, 0, 0, 0]
Commvector Blue Agent 2 Message: [0, 0, 0, 0, 0, 0, 0, 0]
Commvector Blue Agent 3 Message: [0, 0, 0, 1, 0, 1, 0, 0]

 Suspicious Activity Detected: None",Sleep,None,"The last action is still in progress, and no suspicious activity has been detected."
"# OBSERVATION

Mission Phase: 0
Last Action : Sleep
Last Action Status: UNKNOWN
Communication Vectors: 
Commvector Blue Agent 0 Message: [0, 0, 0, 0, 0, 0, 0, 1]
Commvector Blue Agent 1 Message: [0, 0, 0, 0, 0, 0, 0, 0]
Commvector Blue Agent 2 Message: [0, 0, 0, 0, 0, 0, 0, 0]
Commvector Blue Agent 3 Message: [0, 0, 0, 0, 0, 0, 0, 0]

Suspicious Activity Detected:
- Hostname: admin_network_subnet_server_host_0 | IP: 10.0.204.254 | INFO: Connection to 10.0.64.173 | INFO: Connection to 10.0.64.173 | INFO: Connection to 10.0.64.173 | INFO: Connection to 10.0.64.173 | INFO: Connection to 10.0.64.173 | INFO: Connection to 10.0.64.173",Sleep,None,"The last action is still in progress, and further actions cannot be taken until completion."
"# OBSERVATION

Mission Phase: 0
Last Action : Sleep
Last Action Status: UNKNOWN
Communication Vectors: 
Commvector Blue Agent 0 Message: [0, 0, 0, 0, 0, 0, 0, 0]
Commvector Blue Agent 1 Message: [0, 0, 0, 0, 0, 0, 0, 0]
Commvector Blue Agent 2 Message: [0, 0, 0, 0, 0, 0, 0, 1]
Commvector Blue Agent 3 Message: [0, 0, 0, 0, 0, 0, 0, 0]

 Suspicious Activity Detected: None",Sleep,None,The last action is still in progress and needs to be completed before taking further action.
"# OBSERVATION

Mission Phase: 0
Last Action : Sleep
Last Action Status: UNKNOWN
Communication Vectors: 
Commvector Blue Agent 0 Message: [0, 0, 0, 0, 0, 0, 0, 0]
Commvector Blue Agent 1 Message: [0, 0, 0, 0, 0, 0, 0, 0]
Commvector Blue Agent 2 Message: [0, 0, 0, 0, 0, 0, 0, 0]
Commvector Blue Agent 3 Message: [0, 0, 0, 0, 0, 0, 0, 0]

 Suspicious Activity Detected: None",Sleep,None,"Last action status is unknown, continuing to sleep until the process is completed."
"# OBSERVATION

Mission Phase: 0
Last Action : Analyse host:public_access_zone_subnet_user_host_2
Last Action Status: IN_PROGRESS
Communication Vectors: 
Commvector Blue Agent 0 Message: [0, 0, 0, 0, 0, 0, 0, 1]
Commvector Blue Agent 1 Message: [0, 0, 0, 0, 0, 0, 0, 1]
Commvector Blue Agent 2 Message: [0, 0, 0, 0, 0, 0, 0, 0]
Commvector Blue Agent 3 Message: [0, 0, 0, 0, 0, 0, 0, 1]

 Suspicious Activity Detected: None",Sleep,None,The last action is still in progress and cannot be interrupted.
"# OBSERVATION

Mission Phase: 0
Last Action : Sleep
Last Action Status: UNKNOWN
Communication Vectors: 
Commvector Blue Agent 0 Message: [0, 0, 0, 0, 0, 0, 0, 0]
Commvector Blue Agent 1 Message: [0, 0, 0, 0, 0, 0, 0, 0]
Commvector Blue Agent 2 Message: [0, 0, 0, 0, 0, 0, 0, 0]
Commvector Blue Agent 3 Message: [0, 0, 0, 0, 0, 0, 0, 0]

Suspicious Activity Detected:
- Hostname: public_access_zone_subnet_user_host_2 | IP: 10.0.125.189",Analyse,host:public_access_zone_subnet_user_host_2,"Suspicious activity detected on the host, requiring further investigation."
"# OBSERVATION

Mission Phase: 0
Last Action : Sleep
Last Action Status: UNKNOWN
Communication Vectors: 
Commvector Blue Agent 0 Message: [0, 0, 0, 0, 0, 0, 0, 1]
Commvector Blue Agent 1 Message: [0, 0, 0, 0, 0, 0, 0, 1]
Commvector Blue Agent 2 Message: [0, 0, 0, 0, 0, 0, 0, 0]
Commvector Blue Agent 3 Message: [0, 0, 0, 0, 0, 0, 0, 0]

Suspicious Activity Detected:
- Hostname: public_access_zone_subnet_router | IP: 10.0.204.211 | INFO: Connection to 10.0.64.173 | INFO: Connection to 10.0.64.173
- Hostname: public_access_zone_subnet_user_host_4 | IP: 10.0.125.249
- Hostname: admin_network_subnet_router | IP: 10.0.204.211 | INFO: Connection to 10.0.64.173 | INFO: Connection to 10.0.64.173
- Hostname: admin_network_subnet_user_host_5 | IP: 10.0.204.211 | INFO: Connection to 10.0.64.173 | INFO: Connection to 10.0.64.173 | INFO: Connection to 10.0.64.173 | INFO: Connection to 10.0.64.173 | INFO: Connection to 10.0.64.173 | INFO: Connection to 10.0.64.173 | INFO: Connection to 10.0.64.173 | INFO: Connection to 10.0.64.173 | INFO: Connection to 10.0.64.173 | INFO: Connection to 10.0.64.173 | INFO: Connection to 10.0.64.173 | INFO: Connection to 10.0.64.173 | INFO: Connection to 10.0.64.173 | INFO: Connection to 10.0.64.173 | INFO: Connection to 10.0.64.173 | INFO: Connection to 10.0.64.173 | INFO: Connection to 10.0.64.173 | INFO: Connection to 10.0.64.173 | INFO: Connection to 10.0.64.173 | INFO: Connection to 10.0.64.173 | INFO: Connection to 10.0.64.173 | INFO: Connection to 10.0.64.173 | WARNING: Suspicious process detected
- Hostname: office_network_subnet_user_host_7 | IP: 10.0.204.211 | INFO: Connection to 10.0.64.173 | INFO: Connection to 10.0.64.173",Sleep,None,"Last action status is UNKNOWN, indicating ongoing processes and a need to wait."
"# OBSERVATION

Mission Phase: 0
Last Action : Sleep
Last Action Status: UNKNOWN
Communication Vectors: 
Commvector Blue Agent 0 Message: [0, 0, 0, 0, 0, 0, 0, 1]
Commvector Blue Agent 1 Message: [0, 0, 0, 0, 0, 0, 0, 0]
Commvector Blue Agent 2 Message: [0, 0, 0, 0, 0, 0, 0, 1]
Commvector Blue Agent 3 Message: [0, 0, 0, 0, 0, 0, 0, 0]

 Suspicious Activity Detected: None",Sleep,None,The last action status is UNKNOWN and further action cannot be taken until the current action completes.
"# OBSERVATION

Mission Phase: 0
Last Action : Sleep
Last Action Status: UNKNOWN
Communication Vectors: 
Commvector Blue Agent 0 Message: [1, 0, 0, 0, 0, 1, 0, 0]
Commvector Blue Agent 1 Message: [0, 0, 0, 0, 0, 0, 0, 0]
Commvector Blue Agent 2 Message: [0, 0, 0, 0, 0, 0, 0, 0]
Commvector Blue Agent 3 Message: [0, 0, 0, 0, 0, 0, 0, 0]

 Suspicious Activity Detected: None",Sleep,None,"The last action is currently in progress, and no further actions can be taken until it is resolved."
"# OBSERVATION

Mission Phase: 0
Last Action : Sleep
Last Action Status: UNKNOWN
Communication Vectors: 
Commvector Blue Agent 0 Message: [0, 0, 0, 0, 0, 0, 0, 0]
Commvector Blue Agent 1 Message: [0, 0, 0, 0, 0, 0, 0, 1]
Commvector Blue Agent 2 Message: [0, 0, 0, 0, 0, 0, 0, 0]
Commvector Blue Agent 3 Message: [0, 0, 0, 0, 0, 0, 0, 0]

 Suspicious Activity Detected: None",Sleep,None,The last action is still in progress and further actions cannot be taken at this time.
"# OBSERVATION

Mission Phase: 0
Last Action : Sleep
Last Action Status: UNKNOWN
Communication Vectors: 
Commvector Blue Agent 0 Message: [0, 0, 0, 0, 0, 0, 0, 1]
Commvector Blue Agent 1 Message: [0, 0, 0, 0, 0, 0, 0, 0]
Commvector Blue Agent 2 Message: [0, 0, 0, 0, 0, 0, 0, 0]
Commvector Blue Agent 3 Message: [0, 0, 0, 0, 0, 0, 0, 1]

 Suspicious Activity Detected: None",Sleep,None,"The last action is currently IN_PROGRESS, and further actions cannot be taken until it is resolved."
"# OBSERVATION

Mission Phase: 0
Last Action : Sleep
Last Action Status: UNKNOWN
Communication Vectors: 
Commvector Blue Agent 0 Message: [1, 0, 0, 0, 0, 1, 0, 0]
Commvector Blue Agent 1 Message: [0, 0, 0, 0, 0, 0, 0, 0]
Commvector Blue Agent 2 Message: [0, 0, 0, 0, 0, 0, 0, 0]
Commvector Blue Agent 3 Message: [0, 0, 0, 0, 0, 0, 0, 1]

Suspicious Activity Detected:
- Hostname: admin_network_subnet_server_host_2 | IP: 10.0.233.22 | INFO: Connection to 10.0.204.252 | INFO: Connection to 10.0.204.252",Sleep,None,Last action is IN_PROGRESS and cannot take further actions until completed.
"# OBSERVATION

Mission Phase: 0
Last Action : Sleep
Last Action Status: UNKNOWN
Communication Vectors: 
Commvector Blue Agent 0 Message: [0, 0, 0, 0, 0, 0, 0, 0]
Commvector Blue Agent 1 Message: [0, 0, 0, 0, 0, 0, 0, 1]
Commvector Blue Agent 2 Message: [0, 0, 0, 0, 0, 0, 0, 0]
Commvector Blue Agent 3 Message: [0, 0, 0, 1, 0, 1, 0, 0]

 Suspicious Activity Detected: None",Sleep,None,"Last action status is UNKNOWN, so I will wait for the previous action to complete."
"# OBSERVATION

Mission Phase: 0
Last Action : Sleep
Last Action Status: UNKNOWN
Communication Vectors: 
Commvector Blue Agent 0 Message: [0, 0, 0, 0, 0, 0, 0, 0]
Commvector Blue Agent 1 Message: [0, 0, 0, 0, 0, 0, 0, 0]
Commvector Blue Agent 2 Message: [0, 0, 0, 0, 0, 0, 0, 0]
Commvector Blue Agent 3 Message: [0, 0, 0, 1, 0, 1, 0, 1]

 Suspicious Activity Detected: None",Sleep,None,The last action is still in progress and cannot be interrupted.
"# OBSERVATION

Mission Phase: 0
Last Action : Sleep
Last Action Status: UNKNOWN
Communication Vectors: 
Commvector Blue Agent 0 Message: [0, 0, 0, 0, 0, 0, 0, 0]
Commvector Blue Agent 1 Message: [0, 0, 0, 0, 0, 0, 0, 0]
Commvector Blue Agent 2 Message: [0, 0, 0, 0, 0, 0, 0, 1]
Commvector Blue Agent 3 Message: [0, 0, 0, 0, 0, 0, 0, 1]

 Suspicious Activity Detected: None",Sleep,None,Last action is still in progress and it's unknown if it has completed.
"# OBSERVATION

Mission Phase: 0
Last Action : Sleep
Last Action Status: UNKNOWN
Communication Vectors: 
Commvector Blue Agent 0 Message: [0, 0, 0, 0, 0, 0, 0, 0]
Commvector Blue Agent 1 Message: [0, 0, 0, 0, 0, 0, 0, 0]
Commvector Blue Agent 2 Message: [0, 0, 0, 0, 0, 0, 0, 0]
Commvector Blue Agent 3 Message: [0, 0, 0, 1, 0, 1, 0, 0]

 Suspicious Activity Detected: None",Sleep,None,"Last action is still in progress, waiting for completion."
"# OBSERVATION

Mission Phase: 0
Last Action : Sleep
Last Action Status: UNKNOWN
Communication Vectors: 
Commvector Blue Agent 0 Message: [0, 0, 0, 0, 0, 0, 0, 1]
Commvector Blue Agent 1 Message: [0, 0, 0, 0, 0, 0, 0, 0]
Commvector Blue Agent 2 Message: [0, 0, 0, 0, 0, 0, 0, 0]
Commvector Blue Agent 3 Message: [0, 0, 0, 0, 0, 0, 0, 0]

Suspicious Activity Detected:
- Hostname: admin_network_subnet_user_host_4 | IP: 10.0.204.203 | INFO: Connection to 10.0.64.173 | INFO: Connection to 10.0.64.173 | INFO: Connection to 10.0.64.173 | INFO: Connection to 10.0.64.173 | INFO: Connection to 10.0.64.173 | INFO: Connection to 10.0.64.173 | INFO: Connection to 10.0.64.173 | INFO: Connection to 10.0.64.173",Sleep,None,"Last action status is UNKNOWN, need to wait for current action to complete."
"# OBSERVATION

Mission Phase: 0
Last Action : Sleep
Last Action Status: UNKNOWN
Communication Vectors: 
Commvector Blue Agent 0 Message: [0, 0, 0, 0, 0, 0, 0, 0]
Commvector Blue Agent 1 Message: [0, 0, 0, 0, 0, 0, 0, 0]
Commvector Blue Agent 2 Message: [0, 0, 0, 0, 0, 0, 0, 0]
Commvector Blue Agent 3 Message: [0, 0, 0, 0, 0, 0, 0, 0]

Suspicious Activity Detected:
- Hostname: admin_network_subnet_server_host_4 | IP: 10.0.204.250 | INFO: Connection to 10.0.64.173 | INFO: Connection to 10.0.64.173 | INFO: Connection to 10.0.64.173 | INFO: Connection to 10.0.64.173 | INFO: Connection to 10.0.64.173 | INFO: Connection to 10.0.64.173 | INFO: Connection to 10.0.64.173 | INFO: Connection to 10.0.64.173",Sleep,None,"Last action is in progress and status is unknown, no immediate action required."
"# OBSERVATION

Mission Phase: 0
Last Action : Analyse host:public_access_zone_subnet_user_host_1
Last Action Status: IN_PROGRESS
Communication Vectors: 
Commvector Blue Agent 0 Message: [0, 0, 0, 0, 0, 0, 0, 1]
Commvector Blue Agent 1 Message: [0, 0, 0, 0, 0, 0, 0, 0]
Commvector Blue Agent 2 Message: [0, 0, 0, 0, 0, 0, 0, 0]
Commvector Blue Agent 3 Message: [0, 0, 0, 0, 0, 0, 0, 0]

 Suspicious Activity Detected: None",Sleep,None,The last action is still in progress and further actions cannot be taken until it is completed.
"# OBSERVATION

Mission Phase: 0
Last Action : Sleep
Last Action Status: UNKNOWN
Communication Vectors: 
Commvector Blue Agent 0 Message: [0, 0, 0, 0, 0, 0, 0, 1]
Commvector Blue Agent 1 Message: [0, 0, 0, 0, 0, 0, 0, 1]
Commvector Blue Agent 2 Message: [0, 0, 0, 0, 0, 0, 0, 0]
Commvector Blue Agent 3 Message: [0, 0, 0, 0, 0, 0, 0, 0]

Suspicious Activity Detected:
- Hostname: public_access_zone_subnet_user_host_1 | IP: 10.0.125.243",Analyse,host:public_access_zone_subnet_user_host_1,"Suspicious activity detected on the host, requiring further investigation."
"# OBSERVATION

Mission Phase: 0
Last Action : Sleep
Last Action Status: UNKNOWN
Communication Vectors: 
Commvector Blue Agent 0 Message: [0, 0, 0, 0, 0, 0, 0, 0]
Commvector Blue Agent 1 Message: [0, 0, 0, 0, 0, 0, 0, 0]
Commvector Blue Agent 2 Message: [0, 0, 0, 0, 0, 0, 0, 0]
Commvector Blue Agent 3 Message: [0, 0, 0, 0, 0, 0, 0, 1]

Suspicious Activity Detected:
- Hostname: admin_network_subnet_user_host_0 | IP: 10.0.204.94 | INFO: Connection to 10.0.64.173 | INFO: Connection to 10.0.64.173 | INFO: Connection to 10.0.64.173 | INFO: Connection to 10.0.64.173 | INFO: Connection to 10.0.64.173 | INFO: Connection to 10.0.64.173 | INFO: Connection to 10.0.64.173 | INFO: Connection to 10.0.64.173",Sleep,None,"The last action is still in progress, and no additional action can be taken at this time."
"# OBSERVATION

Mission Phase: 0
Last Action : Sleep
Last Action Status: UNKNOWN
Communication Vectors: 
Commvector Blue Agent 0 Message: [0, 0, 0, 0, 0, 0, 0, 0]
Commvector Blue Agent 1 Message: [0, 0, 0, 0, 0, 0, 0, 1]
Commvector Blue Agent 2 Message: [0, 0, 0, 0, 0, 0, 0, 0]
Commvector Blue Agent 3 Message: [0, 0, 0, 0, 0, 0, 0, 0]

 Suspicious Activity Detected: None",Sleep,None,"Last action is still in progress, waiting for its completion."
"# OBSERVATION

Mission Phase: 0
Last Action : Sleep
Last Action Status: UNKNOWN
Communication Vectors: 
Commvector Blue Agent 0 Message: [0, 0, 0, 0, 0, 0, 0, 1]
Commvector Blue Agent 1 Message: [0, 0, 0, 0, 0, 0, 0, 0]
Commvector Blue Agent 2 Message: [0, 0, 0, 0, 0, 0, 0, 0]
Commvector Blue Agent 3 Message: [0, 0, 0, 0, 0, 0, 0, 0]

 Suspicious Activity Detected: None",Sleep,None,"Last action status is unknown, and I need to wait for it to complete before proceeding."
"# OBSERVATION

Mission Phase: 0
Last Action : Sleep
Last Action Status: UNKNOWN
Communication Vectors: 
Commvector Blue Agent 0 Message: [0, 0, 0, 0, 0, 0, 0, 0]
Commvector Blue Agent 1 Message: [0, 0, 0, 0, 0, 0, 0, 1]
Commvector Blue Agent 2 Message: [0, 0, 0, 0, 0, 0, 0, 0]
Commvector Blue Agent 3 Message: [0, 0, 0, 0, 0, 0, 0, 0]

 Suspicious Activity Detected: None",Sleep,None,"Last action status is UNKNOWN, continuing to wait for action completion."
"# OBSERVATION

Mission Phase: 0
Last Action : Sleep
Last Action Status: UNKNOWN
Communication Vectors: 
Commvector Blue Agent 0 Message: [0, 0, 0, 0, 0, 0, 0, 1]
Commvector Blue Agent 1 Message: [0, 0, 0, 0, 0, 0, 0, 0]
Commvector Blue Agent 2 Message: [0, 0, 0, 0, 0, 0, 0, 0]
Commvector Blue Agent 3 Message: [0, 0, 0, 0, 0, 0, 0, 0]

 Suspicious Activity Detected: None",Sleep,None,The last action is currently in progress and I need to wait for its completion.
"# OBSERVATION

Mission Phase: 0
Last Action : Sleep
Last Action Status: UNKNOWN
Communication Vectors: 
Commvector Blue Agent 0 Message: [1, 0, 0, 0, 0, 1, 0, 1]
Commvector Blue Agent 1 Message: [0, 0, 0, 0, 0, 0, 0, 1]
Commvector Blue Agent 2 Message: [0, 0, 0, 0, 0, 0, 0, 0]
Commvector Blue Agent 3 Message: [0, 0, 0, 0, 0, 0, 0, 0]

 Suspicious Activity Detected: None",Sleep,None,Last action is still in progress and cannot proceed with new actions.
"# OBSERVATION

Mission Phase: 0
Last Action : Sleep
Last Action Status: UNKNOWN
Communication Vectors: 
Commvector Blue Agent 0 Message: [0, 0, 0, 0, 0, 0, 0, 0]
Commvector Blue Agent 1 Message: [0, 0, 0, 0, 0, 0, 0, 0]
Commvector Blue Agent 2 Message: [0, 0, 0, 0, 0, 0, 0, 0]
Commvector Blue Agent 3 Message: [0, 0, 0, 0, 0, 0, 0, 0]

 Suspicious Activity Detected: None",Sleep,None,"Last action status is unknown, maintaining current state."
"# OBSERVATION

Mission Phase: 0
Last Action : Sleep
Last Action Status: UNKNOWN
Communication Vectors: 
Commvector Blue Agent 0 Message: [0, 0, 0, 0, 0, 0, 0, 0]
Commvector Blue Agent 1 Message: [0, 0, 0, 0, 0, 0, 0, 0]
Commvector Blue Agent 2 Message: [0, 0, 0, 0, 0, 0, 0, 0]
Commvector Blue Agent 3 Message: [0, 0, 0, 0, 0, 0, 0, 0]

 Suspicious Activity Detected: None",Sleep,None,"The last action is in progress, and no suspicious activities are detected."
"# OBSERVATION

Mission Phase: 0
Last Action : Sleep
Last Action Status: UNKNOWN
Communication Vectors: 
Commvector Blue Agent 0 Message: [0, 0, 0, 0, 0, 0, 0, 0]
Commvector Blue Agent 1 Message: [0, 0, 0, 0, 0, 0, 0, 1]
Commvector Blue Agent 2 Message: [0, 0, 0, 0, 0, 0, 0, 0]
Commvector Blue Agent 3 Message: [0, 0, 0, 0, 0, 0, 0, 0]

 Suspicious Activity Detected: None",Sleep,None,"The last action is still in progress, and we cannot take further action until it completes."
"# OBSERVATION

Mission Phase: 0
Last Action : Sleep
Last Action Status: UNKNOWN
Communication Vectors: 
Commvector Blue Agent 0 Message: [0, 0, 0, 0, 0, 0, 0, 0]
Commvector Blue Agent 1 Message: [0, 0, 0, 0, 0, 0, 0, 0]
Commvector Blue Agent 2 Message: [0, 0, 0, 0, 0, 0, 0, 0]
Commvector Blue Agent 3 Message: [0, 0, 0, 0, 0, 0, 0, 0]

 Suspicious Activity Detected: None",Sleep,None,"The last action is in progress, so I will wait."
"# OBSERVATION

Mission Phase: 0
Last Action : Sleep
Last Action Status: UNKNOWN
Communication Vectors: 
Commvector Blue Agent 0 Message: [0, 0, 0, 0, 0, 0, 0, 1]
Commvector Blue Agent 1 Message: [0, 0, 0, 0, 0, 0, 0, 1]
Commvector Blue Agent 2 Message: [0, 0, 0, 0, 0, 0, 0, 0]
Commvector Blue Agent 3 Message: [0, 0, 0, 0, 0, 0, 0, 0]

 Suspicious Activity Detected: None",Sleep,None,"Last action is still in progress, no further actions can be taken until it completes."
"# OBSERVATION

Mission Phase: 0
Last Action : Sleep
Last Action Status: UNKNOWN
Communication Vectors: 
Commvector Blue Agent 0 Message: [0, 0, 0, 0, 0, 0, 0, 1]
Commvector Blue Agent 1 Message: [0, 0, 0, 0, 0, 0, 0, 0]
Commvector Blue Agent 2 Message: [0, 0, 0, 0, 0, 0, 0, 1]
Commvector Blue Agent 3 Message: [0, 0, 0, 0, 0, 0, 0, 0]

Suspicious Activity Detected:
- Hostname: public_access_zone_subnet_server_host_2 | IP: 10.0.125.242 | INFO: Connection to 10.0.125.252 | INFO: Connection to 10.0.125.252",Sleep,None,The last action is currently in progress.
"# OBSERVATION

Mission Phase: 0
Last Action : Sleep
Last Action Status: UNKNOWN
Communication Vectors: 
Commvector Blue Agent 0 Message: [1, 0, 0, 0, 0, 1, 0, 0]
Commvector Blue Agent 1 Message: [0, 0, 0, 0, 0, 0, 0, 0]
Commvector Blue Agent 2 Message: [0, 0, 0, 0, 0, 0, 0, 1]
Commvector Blue Agent 3 Message: [0, 0, 0, 0, 0, 0, 0, 0]

 Suspicious Activity Detected: None",Sleep,None,"The last action is in progress and status is unknown, indicating that further action cannot be taken until it completes."
"# OBSERVATION

Mission Phase: 0
Last Action : Sleep
Last Action Status: UNKNOWN
Communication Vectors: 
Commvector Blue Agent 0 Message: [0, 0, 0, 0, 0, 0, 0, 0]
Commvector Blue Agent 1 Message: [0, 0, 0, 0, 0, 0, 0, 1]
Commvector Blue Agent 2 Message: [0, 0, 0, 0, 0, 0, 0, 0]
Commvector Blue Agent 3 Message: [0, 0, 0, 0, 0, 0, 0, 0]

Suspicious Activity Detected:
- Hostname: office_network_subnet_server_host_2 | IP: 10.0.64.200 | INFO: Connection to 10.0.64.252 | INFO: Connection to 10.0.64.252",Sleep,None,"The last action is still in progress, waiting for completion."
"# OBSERVATION

Mission Phase: 0
Last Action : Sleep
Last Action Status: UNKNOWN
Communication Vectors: 
Commvector Blue Agent 0 Message: [0, 0, 0, 0, 0, 0, 0, 0]
Commvector Blue Agent 1 Message: [0, 0, 0, 0, 0, 0, 0, 0]
Commvector Blue Agent 2 Message: [0, 0, 0, 0, 0, 0, 0, 0]
Commvector Blue Agent 3 Message: [0, 0, 0, 0, 0, 0, 0, 0]

 Suspicious Activity Detected: None",Sleep,None,"Last action status is UNKNOWN, waiting for action to complete."
"# OBSERVATION

Mission Phase: 0
Last Action : Sleep
Last Action Status: UNKNOWN
Communication Vectors: 
Commvector Blue Agent 0 Message: [0, 0, 0, 0, 0, 0, 0, 0]
Commvector Blue Agent 1 Message: [0, 0, 0, 0, 0, 0, 0, 0]
Commvector Blue Agent 2 Message: [0, 0, 0, 0, 0, 0, 0, 0]
Commvector Blue Agent 3 Message: [0, 0, 0, 0, 0, 0, 0, 1]

 Suspicious Activity Detected: None",Sleep,None,"Last action status is unknown, waiting for the ongoing action to complete."
"# OBSERVATION

Mission Phase: 0
Last Action : Sleep
Last Action Status: UNKNOWN
Communication Vectors: 
Commvector Blue Agent 0 Message: [0, 0, 0, 0, 0, 0, 0, 0]
Commvector Blue Agent 1 Message: [0, 0, 0, 0, 0, 0, 0, 0]
Commvector Blue Agent 2 Message: [0, 0, 0, 0, 0, 0, 0, 0]
Commvector Blue Agent 3 Message: [0, 0, 0, 0, 0, 0, 0, 0]

Suspicious Activity Detected:
- Hostname: public_access_zone_subnet_server_host_1 | IP: 10.0.125.241 | INFO: Connection to 10.0.125.253 | INFO: Connection to 10.0.125.253",Sleep,None,"The last action is still in progress, waiting for completion."
"# OBSERVATION

Mission Phase: 0
Last Action : Sleep
Last Action Status: UNKNOWN
Communication Vectors: 
Commvector Blue Agent 0 Message: [0, 0, 0, 0, 0, 0, 0, 0]
Commvector Blue Agent 1 Message: [0, 0, 0, 0, 0, 0, 0, 0]
Commvector Blue Agent 2 Message: [0, 0, 0, 0, 0, 0, 0, 0]
Commvector Blue Agent 3 Message: [0, 0, 0, 0, 0, 0, 0, 1]

 Suspicious Activity Detected: None",Sleep,None,"The last action is still IN_PROGRESS, so I will wait for it to complete."
"# OBSERVATION

Mission Phase: 0
Last Action : Sleep
Last Action Status: UNKNOWN
Communication Vectors: 
Commvector Blue Agent 0 Message: [0, 0, 0, 0, 0, 0, 0, 0]
Commvector Blue Agent 1 Message: [0, 0, 0, 0, 0, 0, 0, 1]
Commvector Blue Agent 2 Message: [0, 0, 0, 0, 0, 0, 0, 0]
Commvector Blue Agent 3 Message: [0, 0, 0, 0, 0, 0, 0, 0]

 Suspicious Activity Detected: None",Sleep,None,"The last action status is UNKNOWN, so I will wait for the current action to complete."
"# OBSERVATION

Mission Phase: 0
Last Action : Sleep
Last Action Status: TRUE
Communication Vectors: 
Commvector Blue Agent 0 Message: [0, 0, 0, 0, 0, 0, 0, 0]
Commvector Blue Agent 1 Message: [0, 0, 0, 0, 0, 0, 0, 0]
Commvector Blue Agent 2 Message: [0, 0, 0, 0, 0, 0, 0, 0]
Commvector Blue Agent 3 Message: [0, 0, 0, 0, 0, 0, 0, 0]

 Suspicious Activity Detected: None",Sleep,None,No suspicious activity detected and last action was successful.
"# OBSERVATION

Mission Phase: 0
Last Action : Remove host:public_access_zone_subnet_user_host_0
Last Action Status: IN_PROGRESS
Communication Vectors: 
Commvector Blue Agent 0 Message: [0, 0, 0, 0, 0, 0, 0, 0]
Commvector Blue Agent 1 Message: [0, 0, 0, 0, 0, 0, 0, 0]
Commvector Blue Agent 2 Message: [0, 0, 0, 0, 0, 0, 0, 0]
Commvector Blue Agent 3 Message: [0, 0, 0, 0, 0, 0, 0, 0]

 Suspicious Activity Detected: None",Sleep,None,The last action is still in progress.
"# OBSERVATION

Mission Phase: 0
Last Action : Sleep
Last Action Status: UNKNOWN
Communication Vectors: 
Commvector Blue Agent 0 Message: [1]
Commvector Blue Agent 1 Message: [1]
Commvector Blue Agent 2 Message: [1]
Commvector Blue Agent 3 Message: [1]

Suspicious Activity Detected:
- Hostname: public_access_zone_subnet_router | IP: 10.0.16.185
- Hostname: public_access_zone_subnet_user_host_0 | IP: 10.0.16.107
- Hostname: public_access_zone_subnet_user_host_1 | IP: 10.0.16.159
- Hostname: public_access_zone_subnet_user_host_2 | IP: 10.0.16.41
- Hostname: public_access_zone_subnet_user_host_3 | IP: 10.0.16.246
- Hostname: public_access_zone_subnet_user_host_4 | IP: 10.0.16.173
- Hostname: public_access_zone_subnet_user_host_5 | IP: 10.0.16.237
- Hostname: public_access_zone_subnet_user_host_6 | IP: 10.0.16.148
- Hostname: public_access_zone_subnet_user_host_7 | IP: 10.0.16.22
- Hostname: public_access_zone_subnet_user_host_8 | IP: 10.0.16.174
- Hostname: public_access_zone_subnet_user_host_9 | IP: 10.0.16.49
- Hostname: public_access_zone_subnet_server_host_0 | IP: 10.0.16.254
- Hostname: public_access_zone_subnet_server_host_1 | IP: 10.0.16.253
- Hostname: public_access_zone_subnet_server_host_2 | IP: 10.0.16.252
- Hostname: public_access_zone_subnet_server_host_3 | IP: 10.0.16.251
- Hostname: public_access_zone_subnet_server_host_4 | IP: 10.0.16.250
- Hostname: admin_network_subnet_router | IP: 10.0.119.205
- Hostname: admin_network_subnet_user_host_0 | IP: 10.0.119.160
- Hostname: admin_network_subnet_user_host_1 | IP: 10.0.119.167
- Hostname: admin_network_subnet_user_host_2 | IP: 10.0.119.52
- Hostname: admin_network_subnet_user_host_3 | IP: 10.0.119.96
- Hostname: admin_network_subnet_user_host_4 | IP: 10.0.119.230
- Hostname: admin_network_subnet_user_host_5 | IP: 10.0.119.148
- Hostname: admin_network_subnet_user_host_6 | IP: 10.0.119.227
- Hostname: admin_network_subnet_user_host_7 | IP: 10.0.119.4
- Hostname: admin_network_subnet_server_host_0 | IP: 10.0.119.254
- Hostname: admin_network_subnet_server_host_1 | IP: 10.0.119.253
- Hostname: admin_network_subnet_server_host_2 | IP: 10.0.119.252
- Hostname: admin_network_subnet_server_host_3 | IP: 10.0.119.251
- Hostname: office_network_subnet_router | IP: 10.0.112.26
- Hostname: office_network_subnet_user_host_0 | IP: 10.0.112.162
- Hostname: office_network_subnet_user_host_1 | IP: 10.0.112.149
- Hostname: office_network_subnet_user_host_2 | IP: 10.0.112.61
- Hostname: office_network_subnet_user_host_3 | IP: 10.0.112.205
- Hostname: office_network_subnet_user_host_4 | IP: 10.0.112.156
- Hostname: office_network_subnet_user_host_5 | IP: 10.0.112.104
- Hostname: office_network_subnet_server_host_0 | IP: 10.0.112.254
- Hostname: office_network_subnet_server_host_1 | IP: 10.0.112.253
- Hostname: office_network_subnet_server_host_2 | IP: 10.0.112.252
- Hostname: office_network_subnet_server_host_3 | IP: 10.0.112.251",Remove,host:public_access_zone_subnet_user_host_0,Host has been compromised with suspicious activity detected.
"# OBSERVATION

Mission Phase: 2
Last Action : Sleep
Last Action Status: UNKNOWN
Communication Vectors: 
Commvector Blue Agent 0 Message: [0, 0, 0, 0, 0, 0, 0, 0]
Commvector Blue Agent 1 Message: [0, 0, 0, 0, 0, 0, 0, 0]
Commvector Blue Agent 2 Message: [0, 0, 0, 0, 0, 0, 0, 1]
Commvector Blue Agent 3 Message: [0, 0, 0, 0, 0, 0, 0, 0]

 Suspicious Activity Detected: None",Sleep,None,"Previous action status is UNKNOWN, continuing to wait for completion."
"# OBSERVATION

Mission Phase: 2
Last Action : Sleep
Last Action Status: UNKNOWN
Communication Vectors: 
Commvector Blue Agent 0 Message: [0, 0, 0, 0, 0, 0, 0, 1]
Commvector Blue Agent 1 Message: [0, 0, 0, 0, 0, 0, 0, 0]
Commvector Blue Agent 2 Message: [0, 0, 0, 0, 0, 0, 0, 1]
Commvector Blue Agent 3 Message: [0, 0, 0, 0, 0, 0, 0, 1]

 Suspicious Activity Detected: None",Sleep,None,The last action is still in progress and cannot be interrupted.
"# OBSERVATION

Mission Phase: 2
Last Action : Sleep
Last Action Status: UNKNOWN
Communication Vectors: 
Commvector Blue Agent 0 Message: [0, 0, 0, 0, 0, 0, 0, 0]
Commvector Blue Agent 1 Message: [0, 0, 0, 0, 0, 0, 0, 0]
Commvector Blue Agent 2 Message: [0, 0, 0, 0, 0, 0, 0, 0]
Commvector Blue Agent 3 Message: [0, 0, 0, 0, 0, 0, 0, 0]

 Suspicious Activity Detected: None",Sleep,None,"Last action status is UNKNOWN, indicating we need to wait for the completion of the ongoing action."
"# OBSERVATION

Mission Phase: 2
Last Action : Sleep
Last Action Status: UNKNOWN
Communication Vectors: 
Commvector Blue Agent 0 Message: [0, 0, 0, 0, 0, 0, 0, 1]
Commvector Blue Agent 1 Message: [0, 0, 0, 0, 0, 0, 0, 1]
Commvector Blue Agent 2 Message: [0, 0, 0, 0, 0, 0, 0, 1]
Commvector Blue Agent 3 Message: [0, 0, 0, 0, 0, 0, 0, 1]

 Suspicious Activity Detected: None",Sleep,None,The last action is in progress and needs to be awaited.
"# OBSERVATION

Mission Phase: 2
Last Action : Sleep
Last Action Status: UNKNOWN
Communication Vectors: 
Commvector Blue Agent 0 Message: [0, 0, 0, 0, 0, 0, 0, 0]
Commvector Blue Agent 1 Message: [0, 0, 0, 0, 0, 0, 0, 0]
Commvector Blue Agent 2 Message: [0, 0, 0, 0, 0, 0, 0, 0]
Commvector Blue Agent 3 Message: [0, 0, 0, 0, 0, 0, 0, 0]

 Suspicious Activity Detected: None",Sleep,None,"The last action status is unknown, indicating ongoing processes that require monitoring."
"# OBSERVATION

Mission Phase: 2
Last Action : Sleep
Last Action Status: UNKNOWN
Communication Vectors: 
Commvector Blue Agent 0 Message: [0, 0, 0, 0, 0, 0, 0, 1]
Commvector Blue Agent 1 Message: [0, 0, 0, 0, 0, 0, 0, 1]
Commvector Blue Agent 2 Message: [0, 0, 0, 0, 0, 0, 0, 0]
Commvector Blue Agent 3 Message: [0, 0, 0, 0, 0, 0, 0, 0]

 Suspicious Activity Detected: None",Sleep,None,"Last action status is UNKNOWN, indicating that a previous action is still in progress."
"# OBSERVATION

Mission Phase: 2
Last Action : Sleep
Last Action Status: UNKNOWN
Communication Vectors: 
Commvector Blue Agent 0 Message: [0, 0, 0, 0, 0, 0, 0, 0]
Commvector Blue Agent 1 Message: [0, 0, 0, 0, 0, 0, 0, 0]
Commvector Blue Agent 2 Message: [0, 0, 0, 0, 0, 0, 0, 1]
Commvector Blue Agent 3 Message: [0, 0, 0, 0, 0, 0, 0, 0]

 Suspicious Activity Detected: None",Sleep,None,"Previous action status is UNKNOWN, indicating a need to wait for completion."
"# OBSERVATION

Mission Phase: 2
Last Action : Sleep
Last Action Status: UNKNOWN
Communication Vectors: 
Commvector Blue Agent 0 Message: [0, 0, 0, 0, 0, 0, 0, 0]
Commvector Blue Agent 1 Message: [0, 0, 0, 0, 0, 0, 0, 1]
Commvector Blue Agent 2 Message: [0, 0, 0, 0, 0, 0, 0, 0]
Commvector Blue Agent 3 Message: [0, 0, 0, 0, 0, 0, 0, 1]

 Suspicious Activity Detected: None",Sleep,None,Last action is currently in progress and its status is unknown.
"# OBSERVATION

Mission Phase: 2
Last Action : Sleep
Last Action Status: UNKNOWN
Communication Vectors: 
Commvector Blue Agent 0 Message: [0, 0, 0, 0, 0, 0, 0, 0]
Commvector Blue Agent 1 Message: [0, 0, 0, 0, 0, 0, 0, 1]
Commvector Blue Agent 2 Message: [0, 0, 0, 0, 0, 0, 0, 1]
Commvector Blue Agent 3 Message: [0, 0, 0, 0, 0, 0, 0, 0]

 Suspicious Activity Detected: None",Sleep,None,Last action is still in progress and the success of previous actions is unknown.
"# OBSERVATION

Mission Phase: 2
Last Action : Sleep
Last Action Status: UNKNOWN
Communication Vectors: 
Commvector Blue Agent 0 Message: [0, 0, 0, 0, 0, 0, 0, 0]
Commvector Blue Agent 1 Message: [0, 0, 0, 0, 0, 0, 0, 0]
Commvector Blue Agent 2 Message: [0, 0, 0, 0, 0, 0, 0, 0]
Commvector Blue Agent 3 Message: [0, 0, 0, 0, 0, 0, 0, 0]

 Suspicious Activity Detected: None",Sleep,None,Previous action is still in progress and no suspicious activity detected.
"# OBSERVATION

Mission Phase: 2
Last Action : Analyse host:admin_network_subnet_user_host_2
Last Action Status: IN_PROGRESS
Communication Vectors: 
Commvector Blue Agent 0 Message: [0, 0, 0, 0, 0, 0, 0, 0]
Commvector Blue Agent 1 Message: [0, 0, 0, 0, 0, 0, 0, 0]
Commvector Blue Agent 2 Message: [0, 0, 1, 0, 0, 1, 0, 1]
Commvector Blue Agent 3 Message: [0, 0, 0, 0, 0, 0, 0, 0]

 Suspicious Activity Detected: None",Sleep,None,"The last action is still in progress, requiring a wait before proceeding."
"# OBSERVATION

Mission Phase: 2
Last Action : Sleep
Last Action Status: UNKNOWN
Communication Vectors: 
Commvector Blue Agent 0 Message: [0, 0, 0, 0, 0, 0, 0, 0]
Commvector Blue Agent 1 Message: [0, 0, 0, 0, 0, 0, 0, 1]
Commvector Blue Agent 2 Message: [0, 0, 0, 0, 0, 0, 0, 1]
Commvector Blue Agent 3 Message: [0, 0, 0, 0, 0, 0, 0, 0]

Suspicious Activity Detected:
- Hostname: admin_network_subnet_user_host_2 | IP: 10.0.196.48",Analyse,host:admin_network_subnet_user_host_2,"Suspicious activity detected on the host, indicating potential red agent presence."
"# OBSERVATION

Mission Phase: 2
Last Action : Sleep
Last Action Status: UNKNOWN
Communication Vectors: 
Commvector Blue Agent 0 Message: [0, 0, 0, 0, 0, 0, 0, 0]
Commvector Blue Agent 1 Message: [0, 0, 0, 0, 0, 0, 0, 0]
Commvector Blue Agent 2 Message: [0, 0, 0, 0, 0, 0, 0, 0]
Commvector Blue Agent 3 Message: [0, 0, 0, 0, 0, 0, 0, 0]

 Suspicious Activity Detected: None",Sleep,None,"Last action status is UNKNOWN, continuing to wait for previous action to complete."
"# OBSERVATION

Mission Phase: 2
Last Action : Analyse host:admin_network_subnet_server_host_3
Last Action Status: IN_PROGRESS
Communication Vectors: 
Commvector Blue Agent 0 Message: [0, 0, 0, 0, 0, 0, 0, 0]
Commvector Blue Agent 1 Message: [0, 0, 0, 0, 0, 0, 0, 0]
Commvector Blue Agent 2 Message: [0, 0, 0, 0, 0, 0, 0, 1]
Commvector Blue Agent 3 Message: [0, 0, 0, 0, 0, 0, 0, 0]

Suspicious Activity Detected:
- Hostname: office_network_subnet_user_host_0 | IP: 10.0.202.145",Sleep,None,"Last action is still in progress, waiting for completion before taking further actions."
"# OBSERVATION

Mission Phase: 2
Last Action : Sleep
Last Action Status: UNKNOWN
Communication Vectors: 
Commvector Blue Agent 0 Message: [0, 0, 0, 0, 0, 0, 0, 0]
Commvector Blue Agent 1 Message: [0, 0, 0, 0, 0, 0, 0, 0]
Commvector Blue Agent 2 Message: [0, 0, 0, 0, 0, 0, 0, 0]
Commvector Blue Agent 3 Message: [0, 0, 0, 0, 0, 0, 0, 0]

Suspicious Activity Detected:
- Hostname: admin_network_subnet_server_host_3 | IP: 10.0.196.88 | INFO: Connection to 10.0.196.251 | INFO: Connection to 10.0.196.251",Analyse,host:admin_network_subnet_server_host_3,"Suspicious connections detected on the host, requiring further investigation."
"# OBSERVATION

Mission Phase: 2
Last Action : Sleep
Last Action Status: UNKNOWN
Communication Vectors: 
Commvector Blue Agent 0 Message: [0, 0, 0, 0, 0, 0, 0, 0]
Commvector Blue Agent 1 Message: [0, 0, 0, 0, 0, 0, 0, 1]
Commvector Blue Agent 2 Message: [0, 0, 0, 0, 0, 0, 0, 1]
Commvector Blue Agent 3 Message: [0, 0, 0, 0, 0, 0, 0, 0]

 Suspicious Activity Detected: None",Sleep,None,"The last action status is UNKNOWN, indicating that I should wait for the outcome of the previous action."
"# OBSERVATION

Mission Phase: 2
Last Action : Sleep
Last Action Status: UNKNOWN
Communication Vectors: 
Commvector Blue Agent 0 Message: [0, 0, 0, 0, 0, 0, 0, 0]
Commvector Blue Agent 1 Message: [0, 0, 0, 0, 0, 0, 0, 0]
Commvector Blue Agent 2 Message: [0, 0, 0, 0, 0, 0, 0, 0]
Commvector Blue Agent 3 Message: [0, 0, 0, 0, 0, 0, 0, 0]

 Suspicious Activity Detected: None",Sleep,None,The last action is currently in progress and its status is unknown.
"# OBSERVATION

Mission Phase: 2
Last Action : Sleep
Last Action Status: UNKNOWN
Communication Vectors: 
Commvector Blue Agent 0 Message: [0, 0, 0, 0, 0, 0, 0, 0]
Commvector Blue Agent 1 Message: [0, 0, 0, 0, 0, 0, 0, 1]
Commvector Blue Agent 2 Message: [0, 0, 0, 0, 0, 0, 0, 1]
Commvector Blue Agent 3 Message: [0, 0, 0, 0, 0, 0, 0, 0]

 Suspicious Activity Detected: None",Sleep,None,"Last action status is UNKNOWN, indicating ongoing processes that need to be completed before taking further action."
"# OBSERVATION

Mission Phase: 2
Last Action : Sleep
Last Action Status: UNKNOWN
Communication Vectors: 
Commvector Blue Agent 0 Message: [1, 0, 0, 0, 0, 1, 0, 0]
Commvector Blue Agent 1 Message: [0, 0, 0, 0, 0, 0, 0, 1]
Commvector Blue Agent 2 Message: [0, 0, 0, 0, 0, 0, 0, 0]
Commvector Blue Agent 3 Message: [0, 0, 0, 0, 0, 0, 0, 0]

 Suspicious Activity Detected: None",Sleep,None,"The last action status is UNKNOWN, indicating an ongoing process that requires waiting."
"# OBSERVATION

Mission Phase: 2
Last Action : Sleep
Last Action Status: UNKNOWN
Communication Vectors: 
Commvector Blue Agent 0 Message: [0, 0, 0, 0, 0, 0, 0, 0]
Commvector Blue Agent 1 Message: [0, 0, 0, 0, 0, 0, 0, 0]
Commvector Blue Agent 2 Message: [0, 0, 0, 0, 0, 0, 0, 1]
Commvector Blue Agent 3 Message: [0, 0, 0, 0, 0, 0, 0, 0]

 Suspicious Activity Detected: None",Sleep,None,"The last action is still in progress, indicating ongoing operations."
"# OBSERVATION

Mission Phase: 2
Last Action : Sleep
Last Action Status: UNKNOWN
Communication Vectors: 
Commvector Blue Agent 0 Message: [0, 0, 0, 0, 0, 0, 0, 0]
Commvector Blue Agent 1 Message: [0, 0, 0, 0, 0, 0, 0, 1]
Commvector Blue Agent 2 Message: [0, 0, 0, 0, 0, 0, 0, 0]
Commvector Blue Agent 3 Message: [0, 0, 0, 0, 0, 0, 0, 1]

 Suspicious Activity Detected: None",Sleep,None,The previous action is still in progress and the status is unknown.
"# OBSERVATION

Mission Phase: 2
Last Action : Sleep
Last Action Status: UNKNOWN
Communication Vectors: 
Commvector Blue Agent 0 Message: [0, 0, 0, 0, 0, 0, 0, 0]
Commvector Blue Agent 1 Message: [0, 0, 0, 0, 0, 0, 0, 0]
Commvector Blue Agent 2 Message: [0, 0, 1, 0, 0, 1, 0, 1]
Commvector Blue Agent 3 Message: [0, 0, 0, 0, 0, 0, 0, 0]

 Suspicious Activity Detected: None",Sleep,None,The last action is still in progress and requires no further action at this moment.
"# OBSERVATION

Mission Phase: 2
Last Action : Sleep
Last Action Status: UNKNOWN
Communication Vectors: 
Commvector Blue Agent 0 Message: [0, 0, 0, 0, 0, 0, 0, 0]
Commvector Blue Agent 1 Message: [0, 0, 0, 0, 0, 0, 0, 1]
Commvector Blue Agent 2 Message: [0, 0, 0, 0, 0, 0, 0, 0]
Commvector Blue Agent 3 Message: [0, 0, 0, 0, 0, 0, 0, 0]

 Suspicious Activity Detected: None",Sleep,None,"Last action is still in progress, waiting for execution completion."
"# OBSERVATION

Mission Phase: 2
Last Action : Sleep
Last Action Status: UNKNOWN
Communication Vectors: 
Commvector Blue Agent 0 Message: [0, 0, 0, 0, 0, 0, 0, 0]
Commvector Blue Agent 1 Message: [0, 0, 0, 0, 0, 0, 0, 0]
Commvector Blue Agent 2 Message: [0, 0, 0, 0, 0, 0, 0, 1]
Commvector Blue Agent 3 Message: [0, 0, 0, 0, 0, 0, 0, 0]

 Suspicious Activity Detected: None",Sleep,None,Last action is in progress and status is unknown.
"# OBSERVATION

Mission Phase: 2
Last Action : Sleep
Last Action Status: UNKNOWN
Communication Vectors: 
Commvector Blue Agent 0 Message: [0, 0, 0, 0, 0, 0, 0, 0]
Commvector Blue Agent 1 Message: [0, 0, 0, 0, 0, 0, 0, 0]
Commvector Blue Agent 2 Message: [0, 0, 0, 0, 0, 0, 0, 0]
Commvector Blue Agent 3 Message: [0, 0, 0, 0, 0, 0, 0, 1]

 Suspicious Activity Detected: None",Sleep,None,"Last action is in progress, waiting for it to complete."
"# OBSERVATION

Mission Phase: 2
Last Action : Sleep
Last Action Status: UNKNOWN
Communication Vectors: 
Commvector Blue Agent 0 Message: [0, 0, 0, 0, 0, 0, 0, 0]
Commvector Blue Agent 1 Message: [0, 0, 0, 0, 0, 0, 0, 0]
Commvector Blue Agent 2 Message: [0, 0, 0, 0, 0, 0, 0, 1]
Commvector Blue Agent 3 Message: [0, 0, 0, 0, 0, 0, 0, 0]

 Suspicious Activity Detected: None",Sleep,None,"The last action is still in progress, awaiting completion."
"# OBSERVATION

Mission Phase: 2
Last Action : Sleep
Last Action Status: UNKNOWN
Communication Vectors: 
Commvector Blue Agent 0 Message: [0, 0, 0, 0, 0, 0, 0, 0]
Commvector Blue Agent 1 Message: [0, 0, 0, 0, 0, 0, 0, 1]
Commvector Blue Agent 2 Message: [0, 0, 0, 0, 0, 0, 0, 0]
Commvector Blue Agent 3 Message: [0, 0, 0, 0, 0, 0, 0, 1]

 Suspicious Activity Detected: None",Sleep,None,"The last action is currently in progress, and further action cannot be taken until it is resolved."
"# OBSERVATION

Mission Phase: 2
Last Action : Sleep
Last Action Status: UNKNOWN
Communication Vectors: 
Commvector Blue Agent 0 Message: [0, 0, 0, 0, 0, 0, 0, 0]
Commvector Blue Agent 1 Message: [0, 0, 0, 0, 0, 0, 0, 0]
Commvector Blue Agent 2 Message: [0, 0, 0, 0, 0, 0, 0, 0]
Commvector Blue Agent 3 Message: [0, 0, 0, 0, 0, 0, 0, 0]

 Suspicious Activity Detected: None",Sleep,None,"The last action is in an unknown state, and no suspicious activity is detected."
"# OBSERVATION

Mission Phase: 2
Last Action : Sleep
Last Action Status: UNKNOWN
Communication Vectors: 
Commvector Blue Agent 0 Message: [0, 0, 0, 0, 0, 0, 0, 0]
Commvector Blue Agent 1 Message: [0, 0, 0, 0, 0, 0, 0, 1]
Commvector Blue Agent 2 Message: [0, 0, 0, 0, 0, 0, 0, 0]
Commvector Blue Agent 3 Message: [0, 0, 0, 0, 0, 0, 0, 0]

 Suspicious Activity Detected: None",Sleep,None,The last action is still in progress and needs to complete before taking further action.
"# OBSERVATION

Mission Phase: 2
Last Action : Sleep
Last Action Status: UNKNOWN
Communication Vectors: 
Commvector Blue Agent 0 Message: [0, 0, 0, 0, 0, 0, 0, 0]
Commvector Blue Agent 1 Message: [0, 0, 0, 0, 0, 0, 0, 0]
Commvector Blue Agent 2 Message: [0, 0, 0, 0, 0, 0, 0, 1]
Commvector Blue Agent 3 Message: [0, 0, 0, 0, 0, 0, 0, 0]

 Suspicious Activity Detected: None",Sleep,None,"The last action is IN_PROGRESS and status is UNKNOWN, indicating action status needs to be confirmed."
"# OBSERVATION

Mission Phase: 2
Last Action : Sleep
Last Action Status: UNKNOWN
Communication Vectors: 
Commvector Blue Agent 0 Message: [0, 0, 0, 0, 0, 0, 0, 0]
Commvector Blue Agent 1 Message: [0, 0, 0, 0, 0, 0, 0, 0]
Commvector Blue Agent 2 Message: [0, 0, 0, 0, 0, 0, 0, 0]
Commvector Blue Agent 3 Message: [0, 0, 0, 0, 0, 0, 0, 1]

 Suspicious Activity Detected: None",Sleep,None,"The last action is still in progress, and no further action can be taken yet."
"# OBSERVATION

Mission Phase: 2
Last Action : Analyse host:office_network_subnet_server_host_5
Last Action Status: IN_PROGRESS
Communication Vectors: 
Commvector Blue Agent 0 Message: [0, 0, 0, 0, 0, 0, 0, 0]
Commvector Blue Agent 1 Message: [0, 0, 0, 0, 0, 0, 0, 0]
Commvector Blue Agent 2 Message: [0, 0, 0, 0, 0, 0, 0, 1]
Commvector Blue Agent 3 Message: [0, 0, 0, 0, 0, 0, 0, 0]

Suspicious Activity Detected:
- Hostname: admin_network_subnet_server_host_2 | IP: 10.0.148.211 | INFO: Connection to 10.0.196.252 | INFO: Connection to 10.0.196.252",Sleep,None,"The last action is still in progress, so we must wait for it to complete."
"# OBSERVATION

Mission Phase: 2
Last Action : Sleep
Last Action Status: UNKNOWN
Communication Vectors: 
Commvector Blue Agent 0 Message: [0, 0, 0, 0, 0, 0, 0, 0]
Commvector Blue Agent 1 Message: [0, 0, 0, 0, 0, 0, 0, 0]
Commvector Blue Agent 2 Message: [0, 0, 0, 0, 0, 0, 0, 0]
Commvector Blue Agent 3 Message: [0, 0, 0, 0, 0, 0, 0, 0]

Suspicious Activity Detected:
- Hostname: office_network_subnet_server_host_5 | IP: 10.0.148.34 | INFO: Connection to 10.0.202.249 | INFO: Connection to 10.0.202.249",Analyse,host:office_network_subnet_server_host_5,Suspicious connections detected indicating potential red agent activity.
"# OBSERVATION

Mission Phase: 2
Last Action : Sleep
Last Action Status: UNKNOWN
Communication Vectors: 
Commvector Blue Agent 0 Message: [1, 0, 0, 0, 0, 1, 0, 0]
Commvector Blue Agent 1 Message: [0, 0, 0, 0, 0, 0, 0, 1]
Commvector Blue Agent 2 Message: [0, 0, 0, 0, 0, 0, 0, 0]
Commvector Blue Agent 3 Message: [0, 0, 0, 0, 0, 0, 0, 0]

 Suspicious Activity Detected: None",Sleep,None,"Last action is in progress, waiting for completion."
"# OBSERVATION

Mission Phase: 2
Last Action : Sleep
Last Action Status: UNKNOWN
Communication Vectors: 
Commvector Blue Agent 0 Message: [0, 0, 0, 0, 0, 0, 0, 0]
Commvector Blue Agent 1 Message: [0, 0, 0, 0, 0, 0, 0, 0]
Commvector Blue Agent 2 Message: [0, 0, 0, 0, 0, 0, 0, 1]
Commvector Blue Agent 3 Message: [0, 0, 0, 0, 0, 0, 0, 0]

 Suspicious Activity Detected: None",Sleep,None,"Last action status is unknown, indicating multiple steps are in progress."
"# OBSERVATION

Mission Phase: 2
Last Action : Sleep
Last Action Status: UNKNOWN
Communication Vectors: 
Commvector Blue Agent 0 Message: [0, 0, 0, 0, 0, 0, 0, 0]
Commvector Blue Agent 1 Message: [0, 0, 0, 0, 0, 0, 0, 0]
Commvector Blue Agent 2 Message: [0, 0, 0, 0, 0, 0, 0, 0]
Commvector Blue Agent 3 Message: [0, 0, 0, 0, 0, 0, 0, 1]

 Suspicious Activity Detected: None",Sleep,None,"The last action status is UNKNOWN, indicating that I need to wait for the previous action to complete."
"# OBSERVATION

Mission Phase: 2
Last Action : Sleep
Last Action Status: UNKNOWN
Communication Vectors: 
Commvector Blue Agent 0 Message: [0, 0, 0, 0, 0, 0, 0, 0]
Commvector Blue Agent 1 Message: [0, 0, 0, 0, 0, 0, 0, 1]
Commvector Blue Agent 2 Message: [0, 0, 0, 0, 0, 0, 0, 1]
Commvector Blue Agent 3 Message: [0, 0, 0, 0, 0, 0, 0, 0]

 Suspicious Activity Detected: None",Sleep,None,The last action is currently in progress and requires no further actions.
"# OBSERVATION

Mission Phase: 2
Last Action : Sleep
Last Action Status: UNKNOWN
Communication Vectors: 
Commvector Blue Agent 0 Message: [0, 0, 0, 0, 0, 0, 0, 0]
Commvector Blue Agent 1 Message: [0, 0, 0, 0, 0, 0, 0, 1]
Commvector Blue Agent 2 Message: [0, 0, 0, 0, 0, 0, 0, 0]
Commvector Blue Agent 3 Message: [0, 0, 0, 0, 0, 0, 0, 1]

 Suspicious Activity Detected: None",Sleep,None,"Last action is in progress and status is unknown, indicating that further actions should be delayed until completion."
"# OBSERVATION

Mission Phase: 2
Last Action : Sleep
Last Action Status: UNKNOWN
Communication Vectors: 
Commvector Blue Agent 0 Message: [0, 0, 0, 0, 0, 0, 0, 0]
Commvector Blue Agent 1 Message: [0, 0, 0, 0, 0, 0, 0, 0]
Commvector Blue Agent 2 Message: [0, 0, 0, 0, 0, 0, 0, 1]
Commvector Blue Agent 3 Message: [0, 0, 0, 0, 0, 0, 0, 0]

 Suspicious Activity Detected: None",Sleep,None,Last action is currently in progress and cannot be interrupted.
"# OBSERVATION

Mission Phase: 2
Last Action : Analyse host:office_network_subnet_user_host_5
Last Action Status: IN_PROGRESS
Communication Vectors: 
Commvector Blue Agent 0 Message: [0, 0, 0, 0, 0, 0, 0, 0]
Commvector Blue Agent 1 Message: [0, 0, 0, 0, 0, 0, 0, 0]
Commvector Blue Agent 2 Message: [0, 0, 0, 0, 0, 0, 0, 0]
Commvector Blue Agent 3 Message: [0, 0, 0, 0, 0, 0, 0, 1]

Suspicious Activity Detected:
- Hostname: office_network_subnet_server_host_4 | IP: 10.0.184.241 | INFO: Connection to 10.0.202.250 | INFO: Connection to 10.0.202.250",Sleep,None,"The last action is still in progress, indicating ongoing analysis."
"# OBSERVATION

Mission Phase: 2
Last Action : Sleep
Last Action Status: UNKNOWN
Communication Vectors: 
Commvector Blue Agent 0 Message: [0, 0, 0, 0, 0, 0, 0, 0]
Commvector Blue Agent 1 Message: [0, 0, 0, 0, 0, 0, 0, 1]
Commvector Blue Agent 2 Message: [0, 0, 0, 0, 0, 0, 0, 1]
Commvector Blue Agent 3 Message: [0, 0, 0, 0, 0, 0, 0, 0]

Suspicious Activity Detected:
- Hostname: office_network_subnet_user_host_5 | IP: 10.0.202.14",Analyse,host:office_network_subnet_user_host_5,"Suspicious activity detected on the host, indicating potential red agent presence."
"# OBSERVATION

Mission Phase: 2
Last Action : Sleep
Last Action Status: UNKNOWN
Communication Vectors: 
Commvector Blue Agent 0 Message: [0, 0, 0, 0, 0, 0, 0, 0]
Commvector Blue Agent 1 Message: [0, 0, 0, 0, 0, 0, 0, 0]
Commvector Blue Agent 2 Message: [0, 0, 0, 0, 0, 0, 0, 0]
Commvector Blue Agent 3 Message: [0, 0, 0, 0, 0, 0, 0, 1]

Suspicious Activity Detected:
- Hostname: office_network_subnet_server_host_4 | IP: 10.0.5.148 | INFO: Connection to 10.0.202.250 | INFO: Connection to 10.0.202.250",Sleep,None,The last action is currently in progress and further action cannot be taken until it is completed.
"# OBSERVATION

Mission Phase: 2
Last Action : Sleep
Last Action Status: UNKNOWN
Communication Vectors: 
Commvector Blue Agent 0 Message: [0, 0, 0, 0, 0, 0, 0, 0]
Commvector Blue Agent 1 Message: [0, 0, 0, 0, 0, 0, 0, 0]
Commvector Blue Agent 2 Message: [0, 0, 0, 0, 0, 0, 0, 1]
Commvector Blue Agent 3 Message: [0, 0, 0, 0, 0, 0, 0, 0]

 Suspicious Activity Detected: None",Sleep,None,"Last action was IN_PROGRESS, ensuring no further interruptions occur until completion."
"# OBSERVATION

Mission Phase: 2
Last Action : Sleep
Last Action Status: UNKNOWN
Communication Vectors: 
Commvector Blue Agent 0 Message: [0, 0, 0, 0, 0, 0, 0, 0]
Commvector Blue Agent 1 Message: [0, 0, 0, 0, 0, 0, 0, 0]
Commvector Blue Agent 2 Message: [0, 0, 0, 0, 0, 0, 0, 0]
Commvector Blue Agent 3 Message: [0, 0, 0, 0, 0, 0, 0, 0]

 Suspicious Activity Detected: None",Sleep,None,The last action is still in progress and requires waiting.
"# OBSERVATION

Mission Phase: 2
Last Action : Sleep
Last Action Status: UNKNOWN
Communication Vectors: 
Commvector Blue Agent 0 Message: [0, 0, 0, 0, 0, 0, 0, 0]
Commvector Blue Agent 1 Message: [0, 0, 0, 0, 0, 0, 0, 1]
Commvector Blue Agent 2 Message: [0, 0, 0, 0, 0, 0, 0, 1]
Commvector Blue Agent 3 Message: [0, 0, 0, 0, 0, 0, 0, 0]

 Suspicious Activity Detected: None",Sleep,None,The last action is still in progress and status is unknown.
"# OBSERVATION

Mission Phase: 2
Last Action : Sleep
Last Action Status: UNKNOWN
Communication Vectors: 
Commvector Blue Agent 0 Message: [0, 0, 0, 0, 0, 0, 0, 0]
Commvector Blue Agent 1 Message: [0, 0, 0, 0, 0, 0, 0, 0]
Commvector Blue Agent 2 Message: [0, 0, 0, 0, 0, 0, 0, 0]
Commvector Blue Agent 3 Message: [0, 0, 0, 0, 0, 0, 0, 0]

 Suspicious Activity Detected: None",Sleep,None,Last action status is UNKNOWN and requires no immediate action.
"# OBSERVATION

Mission Phase: 2
Last Action : Sleep
Last Action Status: UNKNOWN
Communication Vectors: 
Commvector Blue Agent 0 Message: [0, 0, 0, 0, 0, 0, 0, 0]
Commvector Blue Agent 1 Message: [0, 0, 0, 0, 0, 0, 0, 1]
Commvector Blue Agent 2 Message: [0, 0, 0, 0, 0, 0, 0, 0]
Commvector Blue Agent 3 Message: [0, 0, 0, 0, 0, 0, 0, 0]

 Suspicious Activity Detected: None",Sleep,None,"The last action is still in progress, so I will wait."
"# OBSERVATION

Mission Phase: 2
Last Action : Sleep
Last Action Status: UNKNOWN
Communication Vectors: 
Commvector Blue Agent 0 Message: [0, 0, 0, 0, 0, 0, 0, 0]
Commvector Blue Agent 1 Message: [0, 0, 0, 0, 0, 0, 0, 0]
Commvector Blue Agent 2 Message: [0, 0, 0, 0, 0, 0, 0, 1]
Commvector Blue Agent 3 Message: [0, 0, 0, 0, 0, 0, 0, 0]

 Suspicious Activity Detected: None",Sleep,None,"The previous action is still in progress, waiting for its completion."
"# OBSERVATION

Mission Phase: 2
Last Action : Analyse host:public_access_zone_subnet_user_host_1
Last Action Status: IN_PROGRESS
Communication Vectors: 
Commvector Blue Agent 0 Message: [0, 0, 0, 0, 0, 0, 0, 0]
Commvector Blue Agent 1 Message: [0, 0, 0, 0, 0, 0, 0, 1]
Commvector Blue Agent 2 Message: [0, 0, 0, 0, 0, 0, 0, 0]
Commvector Blue Agent 3 Message: [0, 0, 0, 0, 0, 0, 0, 1]

 Suspicious Activity Detected: None",Sleep,None,The previous action is still in progress and cannot be repeated until it is complete.
"# OBSERVATION

Mission Phase: 2
Last Action : Sleep
Last Action Status: UNKNOWN
Communication Vectors: 
Commvector Blue Agent 0 Message: [0, 0, 0, 0, 0, 0, 0, 0]
Commvector Blue Agent 1 Message: [0, 0, 0, 0, 0, 0, 0, 0]
Commvector Blue Agent 2 Message: [0, 0, 0, 0, 0, 0, 0, 1]
Commvector Blue Agent 3 Message: [0, 0, 0, 0, 0, 0, 0, 0]

Suspicious Activity Detected:
- Hostname: public_access_zone_subnet_user_host_1 | IP: 10.0.78.237",Analyse,host:public_access_zone_subnet_user_host_1,"Suspicious activity detected on the host, requiring further investigation."
"# OBSERVATION

Mission Phase: 2
Last Action : Sleep
Last Action Status: UNKNOWN
Communication Vectors: 
Commvector Blue Agent 0 Message: [0, 0, 0, 0, 0, 0, 0, 0]
Commvector Blue Agent 1 Message: [0, 0, 0, 0, 0, 0, 0, 1]
Commvector Blue Agent 2 Message: [0, 0, 0, 0, 0, 0, 0, 0]
Commvector Blue Agent 3 Message: [0, 0, 0, 0, 0, 0, 0, 1]

 Suspicious Activity Detected: None",Sleep,None,The last action is still in progress and further actions cannot be executed yet.
"# OBSERVATION

Mission Phase: 2
Last Action : Sleep
Last Action Status: UNKNOWN
Communication Vectors: 
Commvector Blue Agent 0 Message: [1, 0, 0, 0, 0, 1, 0, 0]
Commvector Blue Agent 1 Message: [0, 0, 0, 0, 0, 0, 0, 0]
Commvector Blue Agent 2 Message: [0, 0, 0, 0, 0, 0, 0, 1]
Commvector Blue Agent 3 Message: [0, 0, 0, 0, 0, 0, 0, 0]

 Suspicious Activity Detected: None",Sleep,None,The last action is currently IN_PROGRESS and needs to be completed.
"# OBSERVATION

Mission Phase: 2
Last Action : Sleep
Last Action Status: UNKNOWN
Communication Vectors: 
Commvector Blue Agent 0 Message: [0, 0, 0, 0, 0, 0, 0, 0]
Commvector Blue Agent 1 Message: [0, 0, 0, 0, 0, 0, 0, 1]
Commvector Blue Agent 2 Message: [0, 0, 0, 0, 0, 0, 0, 0]
Commvector Blue Agent 3 Message: [0, 0, 0, 0, 0, 0, 0, 0]

Suspicious Activity Detected:
- Hostname: admin_network_subnet_server_host_1 | IP: 10.0.5.148 | INFO: Connection to 10.0.196.253 | INFO: Connection to 10.0.196.253",Sleep,None,"Last action is currently in progress, no action should be repeated."
"# OBSERVATION

Mission Phase: 2
Last Action : Sleep
Last Action Status: UNKNOWN
Communication Vectors: 
Commvector Blue Agent 0 Message: [0, 0, 0, 0, 0, 0, 0, 0]
Commvector Blue Agent 1 Message: [0, 0, 0, 0, 0, 0, 0, 0]
Commvector Blue Agent 2 Message: [0, 0, 0, 0, 0, 0, 0, 1]
Commvector Blue Agent 3 Message: [0, 0, 0, 0, 0, 0, 0, 0]

 Suspicious Activity Detected: None",Sleep,None,"The last action is still in progress, so it is necessary to wait."
"# OBSERVATION

Mission Phase: 2
Last Action : Sleep
Last Action Status: UNKNOWN
Communication Vectors: 
Commvector Blue Agent 0 Message: [0, 0, 0, 0, 0, 0, 0, 0]
Commvector Blue Agent 1 Message: [0, 0, 0, 0, 0, 0, 0, 0]
Commvector Blue Agent 2 Message: [0, 0, 0, 0, 0, 0, 0, 0]
Commvector Blue Agent 3 Message: [0, 0, 0, 0, 0, 0, 0, 1]

 Suspicious Activity Detected: None",Sleep,None,The last action is still in progress and needs to complete.
"# OBSERVATION

Mission Phase: 2
Last Action : Analyse host:office_network_subnet_user_host_4
Last Action Status: IN_PROGRESS
Communication Vectors: 
Commvector Blue Agent 0 Message: [0, 0, 0, 0, 0, 0, 0, 0]
Commvector Blue Agent 1 Message: [0, 0, 0, 0, 0, 0, 0, 1]
Commvector Blue Agent 2 Message: [0, 0, 0, 0, 0, 0, 0, 1]
Commvector Blue Agent 3 Message: [0, 0, 0, 0, 0, 0, 0, 0]

 Suspicious Activity Detected: None",Sleep,None,"The last action of analyzing the host is still in progress, so I will wait."
"# OBSERVATION

Mission Phase: 2
Last Action : Sleep
Last Action Status: UNKNOWN
Communication Vectors: 
Commvector Blue Agent 0 Message: [0, 0, 0, 0, 0, 0, 0, 0]
Commvector Blue Agent 1 Message: [0, 0, 0, 0, 0, 0, 0, 0]
Commvector Blue Agent 2 Message: [0, 0, 0, 0, 0, 0, 0, 0]
Commvector Blue Agent 3 Message: [0, 0, 0, 0, 0, 0, 0, 0]

Suspicious Activity Detected:
- Hostname: office_network_subnet_user_host_4 | IP: 10.0.202.181",Analyse,host:office_network_subnet_user_host_4,"Suspicious activity detected on the host, requiring further investigation."
"# OBSERVATION

Mission Phase: 2
Last Action : Sleep
Last Action Status: UNKNOWN
Communication Vectors: 
Commvector Blue Agent 0 Message: [0, 0, 0, 0, 0, 0, 0, 0]
Commvector Blue Agent 1 Message: [0, 0, 0, 0, 0, 0, 0, 0]
Commvector Blue Agent 2 Message: [0, 0, 0, 0, 0, 0, 0, 1]
Commvector Blue Agent 3 Message: [0, 0, 0, 0, 0, 0, 0, 1]

 Suspicious Activity Detected: None",Sleep,None,The last action status is unknown and needs to be completed before taking further action.
"# OBSERVATION

Mission Phase: 2
Last Action : Sleep
Last Action Status: UNKNOWN
Communication Vectors: 
Commvector Blue Agent 0 Message: [0, 0, 0, 0, 0, 0, 0, 0]
Commvector Blue Agent 1 Message: [0, 0, 0, 0, 0, 0, 0, 1]
Commvector Blue Agent 2 Message: [0, 0, 0, 0, 0, 0, 0, 0]
Commvector Blue Agent 3 Message: [0, 0, 0, 0, 0, 0, 0, 0]

 Suspicious Activity Detected: None",Sleep,None,The last action is in progress and its status is unknown.
"# OBSERVATION

Mission Phase: 2
Last Action : Sleep
Last Action Status: UNKNOWN
Communication Vectors: 
Commvector Blue Agent 0 Message: [0, 0, 0, 0, 0, 0, 0, 0]
Commvector Blue Agent 1 Message: [0, 0, 0, 0, 0, 0, 0, 0]
Commvector Blue Agent 2 Message: [0, 0, 0, 0, 0, 0, 0, 1]
Commvector Blue Agent 3 Message: [0, 0, 0, 0, 0, 0, 0, 1]

 Suspicious Activity Detected: None",Sleep,None,Last action is still in progress; waiting for completion before taking further action.
"# OBSERVATION

Mission Phase: 2
Last Action : Sleep
Last Action Status: UNKNOWN
Communication Vectors: 
Commvector Blue Agent 0 Message: [0, 0, 0, 0, 0, 0, 0, 0]
Commvector Blue Agent 1 Message: [0, 0, 0, 0, 0, 0, 0, 1]
Commvector Blue Agent 2 Message: [0, 0, 0, 0, 0, 0, 0, 0]
Commvector Blue Agent 3 Message: [0, 0, 0, 0, 0, 0, 0, 0]

 Suspicious Activity Detected: None",Sleep,None,The last action is still in progress and needs to complete before taking further actions.
"# OBSERVATION

Mission Phase: 2
Last Action : Sleep
Last Action Status: UNKNOWN
Communication Vectors: 
Commvector Blue Agent 0 Message: [0, 0, 0, 0, 0, 0, 0, 1]
Commvector Blue Agent 1 Message: [0, 0, 0, 0, 0, 0, 0, 0]
Commvector Blue Agent 2 Message: [0, 0, 0, 0, 0, 0, 0, 0]
Commvector Blue Agent 3 Message: [0, 0, 0, 0, 0, 0, 0, 0]

 Suspicious Activity Detected: None",Sleep,None,"The last action status is UNKNOWN, indicating that an action is still in progress."
"# OBSERVATION

Mission Phase: 2
Last Action : Sleep
Last Action Status: UNKNOWN
Communication Vectors: 
Commvector Blue Agent 0 Message: [0, 0, 0, 0, 0, 0, 0, 0]
Commvector Blue Agent 1 Message: [0, 0, 0, 0, 0, 0, 0, 1]
Commvector Blue Agent 2 Message: [0, 0, 0, 0, 0, 0, 0, 1]
Commvector Blue Agent 3 Message: [0, 0, 0, 0, 0, 0, 0, 1]

 Suspicious Activity Detected: None",Sleep,None,Last action is still in progress; no further action can be taken until it completes.
"# OBSERVATION

Mission Phase: 2
Last Action : Sleep
Last Action Status: UNKNOWN
Communication Vectors: 
Commvector Blue Agent 0 Message: [0, 0, 0, 0, 0, 0, 0, 0]
Commvector Blue Agent 1 Message: [0, 0, 0, 0, 0, 0, 0, 0]
Commvector Blue Agent 2 Message: [0, 0, 0, 0, 0, 0, 0, 0]
Commvector Blue Agent 3 Message: [0, 0, 0, 0, 0, 0, 0, 0]

 Suspicious Activity Detected: None",Sleep,None,"Last action was not confirmed, and no suspicious activity detected."
"# OBSERVATION

Mission Phase: 2
Last Action : Sleep
Last Action Status: UNKNOWN
Communication Vectors: 
Commvector Blue Agent 0 Message: [0, 0, 0, 0, 0, 0, 0, 0]
Commvector Blue Agent 1 Message: [0, 0, 0, 0, 0, 0, 0, 1]
Commvector Blue Agent 2 Message: [0, 0, 0, 0, 0, 0, 0, 1]
Commvector Blue Agent 3 Message: [0, 0, 0, 0, 0, 0, 0, 0]

 Suspicious Activity Detected: None",Sleep,None,"The last action status is UNKNOWN, indicating that previous actions are still in progress."
"# OBSERVATION

Mission Phase: 2
Last Action : Sleep
Last Action Status: UNKNOWN
Communication Vectors: 
Commvector Blue Agent 0 Message: [0, 0, 0, 0, 0, 0, 0, 0]
Commvector Blue Agent 1 Message: [0, 0, 0, 0, 0, 0, 0, 0]
Commvector Blue Agent 2 Message: [0, 0, 0, 0, 0, 0, 0, 0]
Commvector Blue Agent 3 Message: [0, 0, 0, 0, 0, 0, 0, 1]

 Suspicious Activity Detected: None",Sleep,None,"The last action status is UNKNOWN, indicating an ongoing process that requires monitoring."
"# OBSERVATION

Mission Phase: 2
Last Action : Sleep
Last Action Status: UNKNOWN
Communication Vectors: 
Commvector Blue Agent 0 Message: [0, 0, 0, 0, 0, 0, 0, 0]
Commvector Blue Agent 1 Message: [0, 0, 0, 0, 0, 0, 0, 0]
Commvector Blue Agent 2 Message: [0, 0, 0, 0, 0, 0, 0, 1]
Commvector Blue Agent 3 Message: [0, 0, 0, 0, 0, 0, 0, 0]

 Suspicious Activity Detected: None",Sleep,None,"Last action status is unknown, waiting for completion."
"# OBSERVATION

Mission Phase: 2
Last Action : Sleep
Last Action Status: UNKNOWN
Communication Vectors: 
Commvector Blue Agent 0 Message: [0, 0, 0, 0, 0, 0, 0, 0]
Commvector Blue Agent 1 Message: [0, 0, 0, 0, 0, 0, 0, 0]
Commvector Blue Agent 2 Message: [0, 0, 0, 0, 0, 0, 0, 1]
Commvector Blue Agent 3 Message: [0, 0, 0, 0, 0, 0, 0, 0]

 Suspicious Activity Detected: None",Sleep,None,The last action is still in progress and needs to be completed before any further actions can be taken.
"# OBSERVATION

Mission Phase: 2
Last Action : Sleep
Last Action Status: UNKNOWN
Communication Vectors: 
Commvector Blue Agent 0 Message: [0, 0, 0, 0, 0, 0, 0, 1]
Commvector Blue Agent 1 Message: [0, 0, 0, 0, 0, 0, 0, 1]
Commvector Blue Agent 2 Message: [0, 0, 0, 0, 0, 0, 0, 0]
Commvector Blue Agent 3 Message: [0, 0, 0, 0, 0, 0, 0, 0]

 Suspicious Activity Detected: None",Sleep,None,"The last action is still in progress, and we need to wait for its completion."
"# OBSERVATION

Mission Phase: 2
Last Action : Analyse host:admin_network_subnet_server_host_1
Last Action Status: IN_PROGRESS
Communication Vectors: 
Commvector Blue Agent 0 Message: [0, 0, 0, 0, 0, 0, 0, 0]
Commvector Blue Agent 1 Message: [0, 0, 0, 0, 0, 0, 0, 1]
Commvector Blue Agent 2 Message: [0, 0, 0, 0, 0, 0, 0, 1]
Commvector Blue Agent 3 Message: [0, 0, 0, 0, 0, 0, 0, 0]

 Suspicious Activity Detected: None",Sleep,None,"Last action is in progress, waiting for completion."
"# OBSERVATION

Mission Phase: 2
Last Action : Sleep
Last Action Status: UNKNOWN
Communication Vectors: 
Commvector Blue Agent 0 Message: [0, 0, 0, 0, 0, 0, 0, 0]
Commvector Blue Agent 1 Message: [0, 0, 0, 0, 0, 0, 0, 0]
Commvector Blue Agent 2 Message: [0, 0, 0, 0, 0, 0, 0, 0]
Commvector Blue Agent 3 Message: [0, 0, 0, 0, 0, 0, 0, 0]

Suspicious Activity Detected:
- Hostname: admin_network_subnet_server_host_1 | IP: 10.0.196.138 | INFO: Connection to 10.0.196.253 | INFO: Connection to 10.0.196.253",Analyse,host:admin_network_subnet_server_host_1,"There are connections detected which could indicate suspicious activity, requiring further analysis."
"# OBSERVATION

Mission Phase: 2
Last Action : Sleep
Last Action Status: UNKNOWN
Communication Vectors: 
Commvector Blue Agent 0 Message: [0, 0, 0, 0, 0, 0, 0, 0]
Commvector Blue Agent 1 Message: [0, 0, 0, 0, 0, 0, 0, 0]
Commvector Blue Agent 2 Message: [0, 0, 0, 0, 0, 0, 0, 1]
Commvector Blue Agent 3 Message: [0, 0, 0, 0, 0, 0, 0, 0]

 Suspicious Activity Detected: None",Sleep,None,The last action is still in progress and needs to be completed.
"# OBSERVATION

Mission Phase: 2
Last Action : Sleep
Last Action Status: UNKNOWN
Communication Vectors: 
Commvector Blue Agent 0 Message: [0, 0, 0, 0, 0, 0, 0, 0]
Commvector Blue Agent 1 Message: [0, 0, 0, 0, 0, 0, 0, 1]
Commvector Blue Agent 2 Message: [0, 0, 0, 0, 0, 0, 0, 0]
Commvector Blue Agent 3 Message: [0, 0, 0, 1, 0, 1, 0, 0]

 Suspicious Activity Detected: None",Sleep,None,The last action is still in progress and requires no further action at this time.
"# OBSERVATION

Mission Phase: 2
Last Action : Sleep
Last Action Status: UNKNOWN
Communication Vectors: 
Commvector Blue Agent 0 Message: [0, 0, 0, 0, 0, 0, 0, 0]
Commvector Blue Agent 1 Message: [0, 0, 0, 0, 0, 0, 0, 0]
Commvector Blue Agent 2 Message: [0, 0, 1, 0, 0, 1, 0, 1]
Commvector Blue Agent 3 Message: [0, 0, 0, 0, 0, 0, 0, 0]

 Suspicious Activity Detected: None",Sleep,None,"Previous action status is UNKNOWN, waiting for completion."
"# OBSERVATION

Mission Phase: 2
Last Action : Sleep
Last Action Status: UNKNOWN
Communication Vectors: 
Commvector Blue Agent 0 Message: [0, 0, 0, 0, 0, 0, 0, 0]
Commvector Blue Agent 1 Message: [0, 0, 0, 0, 0, 0, 0, 0]
Commvector Blue Agent 2 Message: [0, 0, 0, 0, 0, 0, 0, 0]
Commvector Blue Agent 3 Message: [0, 0, 0, 0, 0, 0, 0, 1]

 Suspicious Activity Detected: None",Sleep,None,Last action status is UNKNOWN and it requires waiting for completion.
"# OBSERVATION

Mission Phase: 2
Last Action : Sleep
Last Action Status: UNKNOWN
Communication Vectors: 
Commvector Blue Agent 0 Message: [0, 0, 0, 0, 0, 0, 0, 0]
Commvector Blue Agent 1 Message: [0, 0, 0, 0, 0, 0, 0, 0]
Commvector Blue Agent 2 Message: [0, 0, 0, 0, 0, 0, 0, 1]
Commvector Blue Agent 3 Message: [0, 0, 0, 0, 0, 0, 0, 0]

 Suspicious Activity Detected: None",Sleep,None,The last action is still IN_PROGRESS and requires waiting.
"# OBSERVATION

Mission Phase: 2
Last Action : Sleep
Last Action Status: UNKNOWN
Communication Vectors: 
Commvector Blue Agent 0 Message: [0, 0, 0, 0, 0, 0, 0, 0]
Commvector Blue Agent 1 Message: [0, 0, 0, 0, 0, 0, 0, 1]
Commvector Blue Agent 2 Message: [0, 0, 0, 0, 0, 0, 0, 0]
Commvector Blue Agent 3 Message: [0, 0, 0, 0, 0, 0, 0, 0]

 Suspicious Activity Detected: None",Sleep,None,"Last action status is UNKNOWN, so I will wait for the ongoing action to complete."
"# OBSERVATION

Mission Phase: 2
Last Action : Sleep
Last Action Status: UNKNOWN
Communication Vectors: 
Commvector Blue Agent 0 Message: [1, 0, 0, 0, 0, 1, 0, 0]
Commvector Blue Agent 1 Message: [0, 0, 0, 0, 0, 0, 0, 0]
Commvector Blue Agent 2 Message: [0, 0, 0, 0, 0, 0, 0, 1]
Commvector Blue Agent 3 Message: [0, 0, 0, 0, 0, 0, 0, 0]

 Suspicious Activity Detected: None",Sleep,None,"The last action is still in progress, indicating ongoing operations that need to be monitored."
"# OBSERVATION

Mission Phase: 2
Last Action : Sleep
Last Action Status: UNKNOWN
Communication Vectors: 
Commvector Blue Agent 0 Message: [0, 0, 0, 0, 0, 0, 0, 1]
Commvector Blue Agent 1 Message: [0, 0, 0, 0, 0, 0, 0, 0]
Commvector Blue Agent 2 Message: [0, 0, 0, 0, 0, 0, 0, 0]
Commvector Blue Agent 3 Message: [0, 0, 0, 0, 0, 0, 0, 1]

 Suspicious Activity Detected: None",Sleep,None,"The last action is still in progress, so sleeping until it completes."
"# OBSERVATION

Mission Phase: 2
Last Action : Sleep
Last Action Status: UNKNOWN
Communication Vectors: 
Commvector Blue Agent 0 Message: [0, 0, 0, 0, 0, 0, 0, 1]
Commvector Blue Agent 1 Message: [0, 0, 0, 0, 0, 0, 0, 1]
Commvector Blue Agent 2 Message: [0, 0, 0, 0, 0, 0, 0, 1]
Commvector Blue Agent 3 Message: [0, 0, 0, 0, 0, 0, 0, 0]

 Suspicious Activity Detected: None",Sleep,None,"The last action status is unknown, indicating that a previously initiated action is still in progress."
"# OBSERVATION

Mission Phase: 2
Last Action : Sleep
Last Action Status: UNKNOWN
Communication Vectors: 
Commvector Blue Agent 0 Message: [0, 0, 0, 0, 0, 0, 0, 0]
Commvector Blue Agent 1 Message: [0, 0, 0, 0, 0, 0, 0, 0]
Commvector Blue Agent 2 Message: [0, 0, 0, 0, 0, 0, 0, 0]
Commvector Blue Agent 3 Message: [0, 0, 0, 0, 0, 0, 0, 0]

 Suspicious Activity Detected: None",Sleep,None,"Last action was in progress and status is unknown, indicating need to wait."
"# OBSERVATION

Mission Phase: 2
Last Action : Sleep
Last Action Status: UNKNOWN
Communication Vectors: 
Commvector Blue Agent 0 Message: [0, 0, 0, 0, 0, 0, 0, 0]
Commvector Blue Agent 1 Message: [0, 0, 0, 0, 0, 0, 0, 1]
Commvector Blue Agent 2 Message: [0, 0, 0, 0, 0, 0, 0, 0]
Commvector Blue Agent 3 Message: [0, 0, 0, 0, 0, 0, 0, 0]

 Suspicious Activity Detected: None",Sleep,None,The last action is still in progress and needs to be completed.
"# OBSERVATION

Mission Phase: 2
Last Action : Sleep
Last Action Status: UNKNOWN
Communication Vectors: 
Commvector Blue Agent 0 Message: [0, 0, 0, 0, 0, 0, 0, 1]
Commvector Blue Agent 1 Message: [0, 0, 0, 0, 0, 0, 0, 0]
Commvector Blue Agent 2 Message: [0, 0, 0, 0, 0, 0, 0, 1]
Commvector Blue Agent 3 Message: [0, 0, 0, 0, 0, 0, 0, 1]

 Suspicious Activity Detected: None",Sleep,None,Last action is still in progress and no further actions can be taken until it completes.
"# OBSERVATION

Mission Phase: 2
Last Action : Sleep
Last Action Status: UNKNOWN
Communication Vectors: 
Commvector Blue Agent 0 Message: [0, 0, 0, 0, 0, 0, 0, 0]
Commvector Blue Agent 1 Message: [0, 0, 0, 0, 0, 0, 0, 1]
Commvector Blue Agent 2 Message: [0, 0, 0, 0, 0, 0, 0, 0]
Commvector Blue Agent 3 Message: [0, 0, 0, 0, 0, 0, 0, 0]

 Suspicious Activity Detected: None",Sleep,None,The last action is still in progress and cannot be interrupted.
"# OBSERVATION

Mission Phase: 2
Last Action : Sleep
Last Action Status: UNKNOWN
Communication Vectors: 
Commvector Blue Agent 0 Message: [1, 0, 0, 0, 0, 1, 0, 0]
Commvector Blue Agent 1 Message: [0, 0, 0, 0, 0, 0, 0, 0]
Commvector Blue Agent 2 Message: [0, 0, 0, 0, 0, 0, 0, 0]
Commvector Blue Agent 3 Message: [0, 0, 0, 0, 0, 0, 0, 1]

 Suspicious Activity Detected: None",Sleep,None,"Last action is currently in progress, ensuring no conflicting actions are initiated."
"# OBSERVATION

Mission Phase: 2
Last Action : Sleep
Last Action Status: UNKNOWN
Communication Vectors: 
Commvector Blue Agent 0 Message: [0, 0, 0, 0, 0, 0, 0, 0]
Commvector Blue Agent 1 Message: [0, 0, 0, 0, 0, 0, 0, 0]
Commvector Blue Agent 2 Message: [0, 0, 0, 0, 0, 0, 0, 0]
Commvector Blue Agent 3 Message: [0, 0, 0, 0, 0, 0, 0, 0]

 Suspicious Activity Detected: None",Sleep,None,Previous action status is unknown and requires waiting for completion.
"# OBSERVATION

Mission Phase: 2
Last Action : Sleep
Last Action Status: UNKNOWN
Communication Vectors: 
Commvector Blue Agent 0 Message: [0, 0, 0, 0, 0, 0, 0, 0]
Commvector Blue Agent 1 Message: [0, 0, 0, 0, 0, 0, 0, 1]
Commvector Blue Agent 2 Message: [0, 0, 0, 0, 0, 0, 0, 1]
Commvector Blue Agent 3 Message: [0, 0, 0, 0, 0, 0, 0, 0]

Suspicious Activity Detected:
- Hostname: public_access_zone_subnet_server_host_2 | IP: 10.0.148.34 | INFO: Connection to 10.0.78.252 | INFO: Connection to 10.0.78.252",Sleep,None,"The last action is in progress, waiting for completion."
"# OBSERVATION

Mission Phase: 2
Last Action : Sleep
Last Action Status: UNKNOWN
Communication Vectors: 
Commvector Blue Agent 0 Message: [0, 0, 0, 0, 0, 0, 0, 1]
Commvector Blue Agent 1 Message: [0, 0, 0, 0, 0, 0, 0, 0]
Commvector Blue Agent 2 Message: [0, 0, 0, 0, 0, 0, 0, 0]
Commvector Blue Agent 3 Message: [0, 0, 0, 0, 0, 0, 0, 0]

 Suspicious Activity Detected: None",Sleep,None,"The last action is in progress and the status is unknown, necessitating a wait."
"# OBSERVATION

Mission Phase: 2
Last Action : Sleep
Last Action Status: UNKNOWN
Communication Vectors: 
Commvector Blue Agent 0 Message: [0, 0, 0, 0, 0, 0, 0, 0]
Commvector Blue Agent 1 Message: [0, 0, 0, 0, 0, 0, 0, 1]
Commvector Blue Agent 2 Message: [0, 0, 0, 0, 0, 0, 0, 1]
Commvector Blue Agent 3 Message: [0, 0, 0, 0, 0, 0, 0, 0]

 Suspicious Activity Detected: None",Sleep,None,"Last action is currently in progress, waiting for completion before taking further action."
"# OBSERVATION

Mission Phase: 2
Last Action : Sleep
Last Action Status: UNKNOWN
Communication Vectors: 
Commvector Blue Agent 0 Message: [0, 0, 0, 0, 0, 0, 0, 0]
Commvector Blue Agent 1 Message: [0, 0, 0, 0, 0, 0, 0, 0]
Commvector Blue Agent 2 Message: [0, 0, 0, 0, 0, 0, 0, 0]
Commvector Blue Agent 3 Message: [0, 0, 0, 0, 0, 0, 0, 0]

 Suspicious Activity Detected: None",Sleep,None,"Last action is still in progress, awaiting confirmation before proceeding."
"# OBSERVATION

Mission Phase: 2
Last Action : Sleep
Last Action Status: UNKNOWN
Communication Vectors: 
Commvector Blue Agent 0 Message: [0, 0, 0, 0, 0, 0, 0, 0]
Commvector Blue Agent 1 Message: [0, 0, 0, 0, 0, 0, 0, 1]
Commvector Blue Agent 2 Message: [0, 0, 0, 0, 0, 0, 0, 1]
Commvector Blue Agent 3 Message: [0, 0, 0, 0, 0, 0, 0, 1]

 Suspicious Activity Detected: None",Sleep,None,The last action is still in progress and requires waiting.
"# OBSERVATION

Mission Phase: 2
Last Action : Sleep
Last Action Status: UNKNOWN
Communication Vectors: 
Commvector Blue Agent 0 Message: [0, 0, 0, 0, 0, 0, 0, 0]
Commvector Blue Agent 1 Message: [0, 0, 0, 0, 0, 0, 0, 1]
Commvector Blue Agent 2 Message: [0, 0, 0, 0, 0, 0, 0, 0]
Commvector Blue Agent 3 Message: [0, 0, 0, 0, 0, 0, 0, 0]

 Suspicious Activity Detected: None",Sleep,None,The last action is still IN_PROGRESS and needs to be completed before taking further measures.
"# OBSERVATION

Mission Phase: 2
Last Action : Sleep
Last Action Status: UNKNOWN
Communication Vectors: 
Commvector Blue Agent 0 Message: [0, 0, 0, 0, 0, 0, 0, 0]
Commvector Blue Agent 1 Message: [0, 0, 0, 0, 0, 0, 0, 0]
Commvector Blue Agent 2 Message: [0, 0, 0, 0, 0, 0, 0, 0]
Commvector Blue Agent 3 Message: [0, 0, 0, 0, 0, 0, 0, 0]

 Suspicious Activity Detected: None",Sleep,None,Last action status is UNKNOWN; maintain current state until the previous action is resolved.
"# OBSERVATION

Mission Phase: 2
Last Action : Analyse host:office_network_subnet_user_host_3
Last Action Status: IN_PROGRESS
Communication Vectors: 
Commvector Blue Agent 0 Message: [1, 0, 0, 0, 0, 1, 0, 0]
Commvector Blue Agent 1 Message: [0, 0, 0, 0, 0, 0, 0, 1]
Commvector Blue Agent 2 Message: [0, 0, 0, 0, 0, 0, 0, 1]
Commvector Blue Agent 3 Message: [0, 0, 0, 0, 0, 0, 0, 0]

 Suspicious Activity Detected: None",Sleep,None,"The last action is still in progress, waiting for completion."
"# OBSERVATION

Mission Phase: 2
Last Action : Sleep
Last Action Status: UNKNOWN
Communication Vectors: 
Commvector Blue Agent 0 Message: [0, 0, 0, 0, 0, 0, 0, 0]
Commvector Blue Agent 1 Message: [0, 0, 0, 0, 0, 0, 0, 1]
Commvector Blue Agent 2 Message: [0, 0, 0, 0, 0, 0, 0, 0]
Commvector Blue Agent 3 Message: [0, 0, 0, 0, 0, 0, 0, 1]

Suspicious Activity Detected:
- Hostname: office_network_subnet_user_host_3 | IP: 10.0.202.168",Analyse,host:office_network_subnet_user_host_3,"Suspicious activity detected on the host, requiring further analysis to ascertain the extent of red agent involvement."
"# OBSERVATION

Mission Phase: 2
Last Action : Sleep
Last Action Status: UNKNOWN
Communication Vectors: 
Commvector Blue Agent 0 Message: [0, 0, 0, 0, 0, 0, 0, 0]
Commvector Blue Agent 1 Message: [0, 0, 0, 0, 0, 0, 0, 0]
Commvector Blue Agent 2 Message: [0, 0, 0, 0, 0, 0, 0, 1]
Commvector Blue Agent 3 Message: [0, 0, 0, 0, 0, 0, 0, 0]

 Suspicious Activity Detected: None",Sleep,None,The previous action is in progress and cannot proceed with further actions.
"# OBSERVATION

Mission Phase: 2
Last Action : Sleep
Last Action Status: UNKNOWN
Communication Vectors: 
Commvector Blue Agent 0 Message: [0, 0, 0, 0, 0, 0, 0, 0]
Commvector Blue Agent 1 Message: [0, 0, 0, 0, 0, 0, 0, 1]
Commvector Blue Agent 2 Message: [0, 0, 0, 0, 0, 0, 0, 0]
Commvector Blue Agent 3 Message: [0, 0, 0, 0, 0, 0, 0, 1]

 Suspicious Activity Detected: None",Sleep,None,"The last action is currently in progress, waiting for confirmation."
"# OBSERVATION

Mission Phase: 2
Last Action : Sleep
Last Action Status: UNKNOWN
Communication Vectors: 
Commvector Blue Agent 0 Message: [0, 0, 0, 0, 0, 0, 0, 0]
Commvector Blue Agent 1 Message: [0, 0, 0, 0, 0, 0, 0, 0]
Commvector Blue Agent 2 Message: [0, 0, 0, 0, 0, 0, 0, 1]
Commvector Blue Agent 3 Message: [0, 0, 0, 0, 0, 0, 0, 0]

 Suspicious Activity Detected: None",Sleep,None,"The last action status is UNKNOWN, indicating that the previous action is still in progress."
"# OBSERVATION

Mission Phase: 2
Last Action : Sleep
Last Action Status: UNKNOWN
Communication Vectors: 
Commvector Blue Agent 0 Message: [0, 0, 0, 0, 0, 0, 0, 0]
Commvector Blue Agent 1 Message: [0, 0, 0, 0, 0, 0, 0, 1]
Commvector Blue Agent 2 Message: [0, 0, 0, 0, 0, 0, 0, 0]
Commvector Blue Agent 3 Message: [0, 0, 0, 0, 0, 0, 0, 0]

 Suspicious Activity Detected: None",Sleep,None,"Previous action status is unknown, and it's necessary to wait for it to complete before taking further actions."
"# OBSERVATION

Mission Phase: 2
Last Action : Sleep
Last Action Status: UNKNOWN
Communication Vectors: 
Commvector Blue Agent 0 Message: [0, 0, 0, 0, 0, 0, 0, 0]
Commvector Blue Agent 1 Message: [0, 0, 0, 0, 0, 0, 0, 0]
Commvector Blue Agent 2 Message: [0, 0, 0, 0, 0, 0, 0, 1]
Commvector Blue Agent 3 Message: [0, 0, 0, 0, 0, 0, 0, 1]

 Suspicious Activity Detected: None",Sleep,None,"Last action status is unknown, and further actions should wait until the current action is resolved."
"# OBSERVATION

Mission Phase: 2
Last Action : Sleep
Last Action Status: UNKNOWN
Communication Vectors: 
Commvector Blue Agent 0 Message: [0, 0, 0, 0, 0, 0, 0, 0]
Commvector Blue Agent 1 Message: [0, 0, 0, 0, 0, 0, 0, 1]
Commvector Blue Agent 2 Message: [0, 0, 0, 0, 0, 0, 0, 0]
Commvector Blue Agent 3 Message: [0, 0, 0, 0, 0, 0, 0, 0]

 Suspicious Activity Detected: None",Sleep,None,"The last action is still in progress, so no further action can be taken."
"# OBSERVATION

Mission Phase: 2
Last Action : Sleep
Last Action Status: UNKNOWN
Communication Vectors: 
Commvector Blue Agent 0 Message: [0, 0, 0, 0, 0, 0, 0, 0]
Commvector Blue Agent 1 Message: [0, 0, 0, 0, 0, 0, 0, 0]
Commvector Blue Agent 2 Message: [0, 0, 0, 0, 0, 0, 0, 1]
Commvector Blue Agent 3 Message: [0, 0, 0, 0, 0, 0, 0, 0]

 Suspicious Activity Detected: None",Sleep,None,Last action status is UNKNOWN; waiting for ongoing action to complete.
"# OBSERVATION

Mission Phase: 2
Last Action : Sleep
Last Action Status: UNKNOWN
Communication Vectors: 
Commvector Blue Agent 0 Message: [1, 0, 0, 0, 0, 1, 0, 0]
Commvector Blue Agent 1 Message: [0, 0, 0, 0, 0, 0, 0, 0]
Commvector Blue Agent 2 Message: [0, 0, 0, 0, 0, 0, 0, 0]
Commvector Blue Agent 3 Message: [0, 0, 0, 0, 0, 0, 0, 0]

 Suspicious Activity Detected: None",Sleep,None,"The last action is currently in progress, and it's necessary to wait before taking further action."
"# OBSERVATION

Mission Phase: 2
Last Action : Sleep
Last Action Status: UNKNOWN
Communication Vectors: 
Commvector Blue Agent 0 Message: [0, 0, 0, 0, 0, 0, 0, 0]
Commvector Blue Agent 1 Message: [0, 0, 0, 0, 0, 0, 0, 0]
Commvector Blue Agent 2 Message: [0, 0, 0, 0, 0, 0, 0, 1]
Commvector Blue Agent 3 Message: [0, 0, 0, 0, 0, 0, 0, 0]

 Suspicious Activity Detected: None",Sleep,None,The last action is still in progress and cannot be interrupted.
"# OBSERVATION

Mission Phase: 2
Last Action : Sleep
Last Action Status: UNKNOWN
Communication Vectors: 
Commvector Blue Agent 0 Message: [0, 0, 0, 0, 0, 0, 0, 0]
Commvector Blue Agent 1 Message: [0, 0, 0, 0, 0, 0, 0, 1]
Commvector Blue Agent 2 Message: [0, 0, 0, 0, 0, 0, 0, 0]
Commvector Blue Agent 3 Message: [0, 0, 0, 0, 0, 0, 0, 1]

Suspicious Activity Detected:
- Hostname: office_network_subnet_server_host_4 | IP: 10.0.5.148 | INFO: Connection to 10.0.202.250 | INFO: Connection to 10.0.202.250",Sleep,None,The last action is still in progress and needs to be completed before taking further action.
"# OBSERVATION

Mission Phase: 2
Last Action : Analyse host:public_access_zone_subnet_server_host_0
Last Action Status: IN_PROGRESS
Communication Vectors: 
Commvector Blue Agent 0 Message: [0, 0, 0, 0, 0, 0, 0, 0]
Commvector Blue Agent 1 Message: [0, 0, 0, 0, 0, 0, 0, 1]
Commvector Blue Agent 2 Message: [0, 0, 0, 0, 0, 0, 0, 1]
Commvector Blue Agent 3 Message: [0, 0, 0, 0, 0, 0, 0, 0]

 Suspicious Activity Detected: None",Sleep,None,"Last action is still in progress, waiting for completion."
"# OBSERVATION

Mission Phase: 2
Last Action : Sleep
Last Action Status: UNKNOWN
Communication Vectors: 
Commvector Blue Agent 0 Message: [0, 0, 0, 0, 0, 0, 0, 0]
Commvector Blue Agent 1 Message: [0, 0, 0, 0, 0, 0, 0, 0]
Commvector Blue Agent 2 Message: [0, 0, 0, 0, 0, 0, 0, 0]
Commvector Blue Agent 3 Message: [0, 0, 0, 0, 0, 0, 0, 0]

Suspicious Activity Detected:
- Hostname: public_access_zone_subnet_server_host_0 | IP: 10.0.5.161 | INFO: Connection to 10.0.78.254 | INFO: Connection to 10.0.78.254",Analyse,host:public_access_zone_subnet_server_host_0,Suspicious connections detected; analysis needed to determine potential red agent activity.
"# OBSERVATION

Mission Phase: 2
Last Action : Sleep
Last Action Status: UNKNOWN
Communication Vectors: 
Commvector Blue Agent 0 Message: [0, 0, 0, 0, 0, 0, 0, 0]
Commvector Blue Agent 1 Message: [0, 0, 0, 0, 0, 0, 0, 1]
Commvector Blue Agent 2 Message: [0, 0, 0, 0, 0, 0, 0, 1]
Commvector Blue Agent 3 Message: [0, 0, 0, 0, 0, 0, 0, 0]

 Suspicious Activity Detected: None",Sleep,None,Last action is in progress and status is unknown.
"# OBSERVATION

Mission Phase: 2
Last Action : Sleep
Last Action Status: UNKNOWN
Communication Vectors: 
Commvector Blue Agent 0 Message: [0, 0, 0, 0, 0, 0, 0, 0]
Commvector Blue Agent 1 Message: [0, 0, 0, 0, 0, 0, 0, 1]
Commvector Blue Agent 2 Message: [0, 0, 0, 0, 0, 0, 0, 0]
Commvector Blue Agent 3 Message: [0, 0, 0, 0, 0, 0, 0, 1]

 Suspicious Activity Detected: None",Sleep,None,No suspicious activity detected and the last action is in progress.
"# OBSERVATION

Mission Phase: 2
Last Action : Sleep
Last Action Status: UNKNOWN
Communication Vectors: 
Commvector Blue Agent 0 Message: [0, 0, 0, 0, 0, 0, 0, 0]
Commvector Blue Agent 1 Message: [0, 0, 0, 0, 0, 0, 0, 0]
Commvector Blue Agent 2 Message: [0, 0, 0, 0, 0, 0, 0, 1]
Commvector Blue Agent 3 Message: [0, 0, 0, 0, 0, 0, 0, 0]

 Suspicious Activity Detected: None",Sleep,None,Last action was in progress and its status is unknown.
"# OBSERVATION

Mission Phase: 2
Last Action : Sleep
Last Action Status: UNKNOWN
Communication Vectors: 
Commvector Blue Agent 0 Message: [0, 0, 0, 0, 0, 0, 0, 0]
Commvector Blue Agent 1 Message: [0, 0, 0, 0, 0, 0, 0, 0]
Commvector Blue Agent 2 Message: [0, 0, 0, 0, 0, 0, 0, 0]
Commvector Blue Agent 3 Message: [0, 0, 0, 0, 0, 0, 0, 0]

 Suspicious Activity Detected: None",Sleep,None,Last action status is UNKNOWN; waiting for previous action to complete.
"# OBSERVATION

Mission Phase: 2
Last Action : Sleep
Last Action Status: UNKNOWN
Communication Vectors: 
Commvector Blue Agent 0 Message: [0, 0, 0, 0, 0, 0, 0, 0]
Commvector Blue Agent 1 Message: [0, 0, 0, 0, 0, 0, 0, 0]
Commvector Blue Agent 2 Message: [0, 0, 0, 0, 0, 0, 0, 1]
Commvector Blue Agent 3 Message: [0, 0, 0, 0, 0, 0, 0, 1]

 Suspicious Activity Detected: None",Sleep,None,The last action was not completed yet and needs to be allowed to finish.
"# OBSERVATION

Mission Phase: 2
Last Action : Sleep
Last Action Status: UNKNOWN
Communication Vectors: 
Commvector Blue Agent 0 Message: [0, 0, 0, 0, 0, 0, 0, 0]
Commvector Blue Agent 1 Message: [0, 0, 0, 0, 0, 0, 0, 0]
Commvector Blue Agent 2 Message: [0, 0, 0, 0, 0, 0, 0, 0]
Commvector Blue Agent 3 Message: [0, 0, 0, 0, 0, 0, 0, 0]

 Suspicious Activity Detected: None",Sleep,None,The last action is still in progress and no suspicious activity is detected.
"# OBSERVATION

Mission Phase: 2
Last Action : Sleep
Last Action Status: UNKNOWN
Communication Vectors: 
Commvector Blue Agent 0 Message: [0, 0, 0, 0, 0, 0, 0, 0]
Commvector Blue Agent 1 Message: [0, 0, 0, 0, 0, 0, 0, 0]
Commvector Blue Agent 2 Message: [0, 0, 0, 0, 0, 0, 0, 1]
Commvector Blue Agent 3 Message: [0, 0, 0, 0, 0, 0, 0, 0]

 Suspicious Activity Detected: None",Sleep,None,The last action is still in progress and cannot be interrupted.
"# OBSERVATION

Mission Phase: 2
Last Action : Sleep
Last Action Status: UNKNOWN
Communication Vectors: 
Commvector Blue Agent 0 Message: [0, 0, 0, 0, 0, 0, 0, 0]
Commvector Blue Agent 1 Message: [0, 0, 0, 0, 0, 0, 0, 0]
Commvector Blue Agent 2 Message: [0, 0, 1, 0, 0, 1, 0, 0]
Commvector Blue Agent 3 Message: [0, 0, 0, 0, 0, 0, 0, 0]

 Suspicious Activity Detected: None",Sleep,None,"Last action status is UNKNOWN, indicating ongoing processes that need to be complete before taking further action."
"# OBSERVATION

Mission Phase: 2
Last Action : Sleep
Last Action Status: UNKNOWN
Communication Vectors: 
Commvector Blue Agent 0 Message: [0, 0, 0, 0, 0, 0, 0, 1]
Commvector Blue Agent 1 Message: [0, 0, 0, 0, 0, 0, 0, 0]
Commvector Blue Agent 2 Message: [0, 0, 0, 0, 0, 0, 0, 1]
Commvector Blue Agent 3 Message: [0, 0, 0, 0, 0, 0, 0, 1]

 Suspicious Activity Detected: None",Sleep,None,Last action status is UNKNOWN; need to wait for ongoing actions to complete.
"# OBSERVATION

Mission Phase: 2
Last Action : Sleep
Last Action Status: UNKNOWN
Communication Vectors: 
Commvector Blue Agent 0 Message: [0, 0, 0, 0, 0, 0, 0, 0]
Commvector Blue Agent 1 Message: [0, 0, 0, 0, 0, 0, 0, 0]
Commvector Blue Agent 2 Message: [0, 0, 0, 0, 0, 0, 0, 0]
Commvector Blue Agent 3 Message: [0, 0, 0, 0, 0, 0, 0, 0]

 Suspicious Activity Detected: None",Sleep,None,"Last action status is UNKNOWN, indicating that the current action is still in progress."
"# OBSERVATION

Mission Phase: 2
Last Action : Sleep
Last Action Status: UNKNOWN
Communication Vectors: 
Commvector Blue Agent 0 Message: [0, 0, 0, 0, 0, 0, 0, 0]
Commvector Blue Agent 1 Message: [0, 0, 0, 0, 0, 0, 0, 0]
Commvector Blue Agent 2 Message: [0, 0, 0, 0, 0, 0, 0, 1]
Commvector Blue Agent 3 Message: [0, 0, 0, 0, 0, 0, 0, 0]

 Suspicious Activity Detected: None",Sleep,None,The last action is still in progress and cannot be repeated until completion.
"# OBSERVATION

Mission Phase: 2
Last Action : Sleep
Last Action Status: UNKNOWN
Communication Vectors: 
Commvector Blue Agent 0 Message: [0, 0, 0, 0, 0, 0, 0, 0]
Commvector Blue Agent 1 Message: [0, 0, 0, 0, 0, 0, 0, 1]
Commvector Blue Agent 2 Message: [0, 0, 0, 0, 0, 0, 0, 0]
Commvector Blue Agent 3 Message: [0, 0, 0, 0, 0, 0, 0, 1]

 Suspicious Activity Detected: None",Sleep,None,"The last action is still in progress, so I need to wait."
"# OBSERVATION

Mission Phase: 2
Last Action : Sleep
Last Action Status: UNKNOWN
Communication Vectors: 
Commvector Blue Agent 0 Message: [0, 0, 0, 0, 0, 0, 0, 0]
Commvector Blue Agent 1 Message: [0, 0, 0, 0, 0, 0, 0, 0]
Commvector Blue Agent 2 Message: [0, 0, 0, 0, 0, 0, 0, 0]
Commvector Blue Agent 3 Message: [0, 0, 0, 0, 0, 0, 0, 0]

 Suspicious Activity Detected: None",Sleep,None,"The last action is still in progress, and further actions cannot be taken at this time."
"# OBSERVATION

Mission Phase: 2
Last Action : Sleep
Last Action Status: UNKNOWN
Communication Vectors: 
Commvector Blue Agent 0 Message: [0, 0, 0, 0, 0, 0, 0, 0]
Commvector Blue Agent 1 Message: [0, 0, 0, 0, 0, 0, 0, 1]
Commvector Blue Agent 2 Message: [0, 0, 0, 0, 0, 0, 0, 1]
Commvector Blue Agent 3 Message: [0, 0, 0, 0, 0, 0, 0, 0]

 Suspicious Activity Detected: None",Sleep,None,"The last action is IN_PROGRESS and the status is UNKNOWN, so I will wait for its completion."
"# OBSERVATION

Mission Phase: 2
Last Action : Sleep
Last Action Status: UNKNOWN
Communication Vectors: 
Commvector Blue Agent 0 Message: [0, 0, 0, 0, 0, 0, 0, 0]
Commvector Blue Agent 1 Message: [0, 0, 0, 0, 0, 0, 0, 0]
Commvector Blue Agent 2 Message: [0, 0, 0, 0, 0, 0, 0, 0]
Commvector Blue Agent 3 Message: [0, 0, 0, 0, 0, 0, 0, 0]

 Suspicious Activity Detected: None",Sleep,None,The last action is in progress and its status is unknown.
"# OBSERVATION

Mission Phase: 2
Last Action : Sleep
Last Action Status: UNKNOWN
Communication Vectors: 
Commvector Blue Agent 0 Message: [0, 0, 0, 0, 0, 0, 0, 0]
Commvector Blue Agent 1 Message: [0, 0, 0, 0, 0, 0, 0, 0]
Commvector Blue Agent 2 Message: [0, 0, 0, 0, 0, 0, 0, 1]
Commvector Blue Agent 3 Message: [0, 0, 0, 0, 0, 0, 0, 0]

 Suspicious Activity Detected: None",Sleep,None,"Last action is still in progress, awaiting completion."
"# OBSERVATION

Mission Phase: 2
Last Action : Sleep
Last Action Status: UNKNOWN
Communication Vectors: 
Commvector Blue Agent 0 Message: [0, 0, 0, 0, 0, 0, 0, 0]
Commvector Blue Agent 1 Message: [0, 0, 0, 0, 0, 0, 0, 0]
Commvector Blue Agent 2 Message: [0, 0, 0, 0, 0, 0, 0, 0]
Commvector Blue Agent 3 Message: [0, 0, 0, 0, 0, 0, 0, 1]

 Suspicious Activity Detected: None",Sleep,None,"Last action status is UNKNOWN, indicating that another action is currently in progress."
"# OBSERVATION

Mission Phase: 2
Last Action : Sleep
Last Action Status: UNKNOWN
Communication Vectors: 
Commvector Blue Agent 0 Message: [0, 0, 0, 0, 0, 0, 0, 0]
Commvector Blue Agent 1 Message: [0, 0, 0, 0, 0, 0, 0, 0]
Commvector Blue Agent 2 Message: [0, 0, 0, 0, 0, 0, 0, 1]
Commvector Blue Agent 3 Message: [0, 0, 0, 0, 0, 0, 0, 0]

 Suspicious Activity Detected: None",Sleep,None,"The last action status is UNKNOWN, indicating that the previous action is still in progress."
"# OBSERVATION

Mission Phase: 2
Last Action : Sleep
Last Action Status: UNKNOWN
Communication Vectors: 
Commvector Blue Agent 0 Message: [0, 0, 0, 0, 0, 0, 0, 0]
Commvector Blue Agent 1 Message: [0, 0, 0, 0, 0, 0, 0, 1]
Commvector Blue Agent 2 Message: [0, 0, 0, 0, 0, 0, 0, 0]
Commvector Blue Agent 3 Message: [0, 0, 0, 0, 0, 0, 0, 0]

 Suspicious Activity Detected: None",Sleep,None,The last action is still IN_PROGRESS and requires no further immediate action.
"# OBSERVATION

Mission Phase: 2
Last Action : Sleep
Last Action Status: UNKNOWN
Communication Vectors: 
Commvector Blue Agent 0 Message: [0, 0, 0, 0, 0, 0, 0, 0]
Commvector Blue Agent 1 Message: [0, 0, 0, 0, 0, 0, 0, 0]
Commvector Blue Agent 2 Message: [0, 0, 0, 0, 0, 0, 0, 1]
Commvector Blue Agent 3 Message: [0, 0, 0, 0, 0, 0, 0, 1]

 Suspicious Activity Detected: None",Sleep,None,The last action is still in progress and requires monitoring.
"# OBSERVATION

Mission Phase: 2
Last Action : Sleep
Last Action Status: UNKNOWN
Communication Vectors: 
Commvector Blue Agent 0 Message: [0, 0, 0, 0, 0, 0, 0, 0]
Commvector Blue Agent 1 Message: [0, 0, 0, 0, 0, 0, 0, 0]
Commvector Blue Agent 2 Message: [0, 0, 0, 0, 0, 0, 0, 0]
Commvector Blue Agent 3 Message: [0, 0, 0, 0, 0, 0, 0, 0]

 Suspicious Activity Detected: None",Sleep,None,"The last action status is UNKNOWN, indicating that we should wait for action completion."
"# OBSERVATION

Mission Phase: 2
Last Action : Sleep
Last Action Status: UNKNOWN
Communication Vectors: 
Commvector Blue Agent 0 Message: [0, 0, 0, 0, 0, 0, 0, 0]
Commvector Blue Agent 1 Message: [0, 0, 0, 0, 0, 0, 0, 0]
Commvector Blue Agent 2 Message: [0, 0, 0, 0, 0, 0, 0, 1]
Commvector Blue Agent 3 Message: [0, 0, 0, 0, 0, 0, 0, 0]

 Suspicious Activity Detected: None",Sleep,None,"The last action is still in progress, and further actions should wait."
"# OBSERVATION

Mission Phase: 2
Last Action : Sleep
Last Action Status: UNKNOWN
Communication Vectors: 
Commvector Blue Agent 0 Message: [0, 0, 0, 0, 0, 0, 0, 1]
Commvector Blue Agent 1 Message: [0, 0, 0, 0, 0, 0, 0, 1]
Commvector Blue Agent 2 Message: [0, 0, 0, 0, 0, 0, 0, 1]
Commvector Blue Agent 3 Message: [0, 0, 0, 0, 0, 0, 0, 0]

 Suspicious Activity Detected: None",Sleep,None,"The last action status is UNKNOWN, indicating that further actions cannot be determined until the previous action completes."
"# OBSERVATION

Mission Phase: 2
Last Action : Sleep
Last Action Status: UNKNOWN
Communication Vectors: 
Commvector Blue Agent 0 Message: [0, 0, 0, 0, 0, 0, 0, 0]
Commvector Blue Agent 1 Message: [0, 0, 0, 0, 0, 0, 0, 0]
Commvector Blue Agent 2 Message: [0, 0, 0, 0, 0, 0, 0, 0]
Commvector Blue Agent 3 Message: [0, 0, 0, 0, 0, 0, 0, 0]

 Suspicious Activity Detected: None",Sleep,None,"Last action status is UNKNOWN, indicating that there may be ongoing action processes."
"# OBSERVATION

Mission Phase: 2
Last Action : Sleep
Last Action Status: UNKNOWN
Communication Vectors: 
Commvector Blue Agent 0 Message: [0, 0, 0, 0, 0, 0, 0, 0]
Commvector Blue Agent 1 Message: [0, 0, 0, 0, 0, 0, 0, 1]
Commvector Blue Agent 2 Message: [0, 0, 0, 0, 0, 0, 0, 1]
Commvector Blue Agent 3 Message: [0, 0, 0, 0, 0, 0, 0, 0]

 Suspicious Activity Detected: None",Sleep,None,Last action is still in progress and its success status is unknown.
"# OBSERVATION

Mission Phase: 2
Last Action : Sleep
Last Action Status: UNKNOWN
Communication Vectors: 
Commvector Blue Agent 0 Message: [1, 0, 0, 0, 0, 1, 0, 0]
Commvector Blue Agent 1 Message: [0, 0, 0, 0, 0, 0, 0, 0]
Commvector Blue Agent 2 Message: [0, 0, 0, 0, 0, 0, 0, 1]
Commvector Blue Agent 3 Message: [0, 0, 0, 0, 0, 0, 0, 1]

 Suspicious Activity Detected: None",Sleep,None,"The last action is still in progress, indicating ongoing operations."
"# OBSERVATION

Mission Phase: 2
Last Action : Sleep
Last Action Status: UNKNOWN
Communication Vectors: 
Commvector Blue Agent 0 Message: [0, 0, 0, 0, 0, 0, 0, 0]
Commvector Blue Agent 1 Message: [0, 0, 0, 0, 0, 0, 0, 1]
Commvector Blue Agent 2 Message: [0, 0, 0, 0, 0, 0, 0, 0]
Commvector Blue Agent 3 Message: [0, 0, 0, 0, 0, 0, 0, 0]

 Suspicious Activity Detected: None",Sleep,None,"The last action is in progress, and there is no new suspicious activity detected."
"# OBSERVATION

Mission Phase: 2
Last Action : Sleep
Last Action Status: UNKNOWN
Communication Vectors: 
Commvector Blue Agent 0 Message: [0, 0, 0, 0, 0, 0, 0, 0]
Commvector Blue Agent 1 Message: [0, 0, 0, 0, 0, 0, 0, 0]
Commvector Blue Agent 2 Message: [0, 0, 0, 0, 0, 0, 0, 1]
Commvector Blue Agent 3 Message: [0, 0, 0, 0, 0, 0, 0, 0]

 Suspicious Activity Detected: None",Sleep,None,The last action is still in progress and no suspicious activity has been detected.
"# OBSERVATION

Mission Phase: 2
Last Action : Sleep
Last Action Status: TRUE
Communication Vectors: 
Commvector Blue Agent 0 Message: [0, 0, 0, 0, 0, 0, 0, 0]
Commvector Blue Agent 1 Message: [0, 0, 0, 0, 0, 0, 0, 0]
Commvector Blue Agent 2 Message: [0, 0, 0, 0, 0, 0, 0, 0]
Commvector Blue Agent 3 Message: [0, 0, 0, 0, 0, 0, 0, 0]

 Suspicious Activity Detected: None",Sleep,None,No suspicious activity detected and last action was successful.
"# OBSERVATION

Mission Phase: 2
Last Action : Remove host:office_network_subnet_user_host_3
Last Action Status: IN_PROGRESS
Communication Vectors: 
Commvector Blue Agent 0 Message: [0, 0, 0, 0, 0, 0, 0, 0]
Commvector Blue Agent 1 Message: [0, 0, 0, 0, 0, 0, 0, 0]
Commvector Blue Agent 2 Message: [0, 0, 0, 0, 0, 0, 0, 1]
Commvector Blue Agent 3 Message: [0, 0, 0, 0, 0, 0, 0, 0]

 Suspicious Activity Detected: None",Sleep,None,"Last action is still in progress, no immediate actions can be taken until it completes."
"# OBSERVATION

Mission Phase: 2
Last Action : Sleep
Last Action Status: UNKNOWN
Communication Vectors: 
Commvector Blue Agent 0 Message: [0, 0, 0, 0, 0, 0, 0, 0]
Commvector Blue Agent 1 Message: [0, 0, 0, 0, 0, 0, 0, 1]
Commvector Blue Agent 2 Message: [0, 0, 0, 0, 0, 0, 0, 0]
Commvector Blue Agent 3 Message: [0, 0, 0, 0, 0, 0, 0, 0]

Suspicious Activity Detected:
- Hostname: office_network_subnet_user_host_3 | IP: 10.0.202.168",Remove,host:office_network_subnet_user_host_3,"A red agent has been detected on the host, indicating a user-level compromise."
"# OBSERVATION

Mission Phase: 2
Last Action : Sleep
Last Action Status: UNKNOWN
Communication Vectors: 
Commvector Blue Agent 0 Message: [0, 0, 0, 0, 0, 0, 0, 0]
Commvector Blue Agent 1 Message: [0, 0, 0, 0, 0, 0, 0, 1]
Commvector Blue Agent 2 Message: [0, 0, 0, 0, 0, 0, 0, 1]
Commvector Blue Agent 3 Message: [0, 0, 0, 0, 0, 0, 0, 0]

 Suspicious Activity Detected: None",Sleep,None,"The last action status is unknown, indicating it is still in progress."
"# OBSERVATION

Mission Phase: 2
Last Action : Sleep
Last Action Status: UNKNOWN
Communication Vectors: 
Commvector Blue Agent 0 Message: [0, 0, 0, 0, 0, 0, 0, 0]
Commvector Blue Agent 1 Message: [0, 1, 0, 0, 0, 1, 0, 0]
Commvector Blue Agent 2 Message: [0, 0, 0, 0, 0, 0, 0, 1]
Commvector Blue Agent 3 Message: [0, 0, 0, 0, 0, 0, 0, 0]

 Suspicious Activity Detected: None",Sleep,None,"Last action is still in progress, waiting for completion."
"# OBSERVATION

Mission Phase: 2
Last Action : Sleep
Last Action Status: UNKNOWN
Communication Vectors: 
Commvector Blue Agent 0 Message: [0, 0, 0, 0, 0, 0, 0, 0]
Commvector Blue Agent 1 Message: [0, 0, 0, 0, 0, 0, 0, 1]
Commvector Blue Agent 2 Message: [0, 0, 0, 0, 0, 0, 0, 0]
Commvector Blue Agent 3 Message: [0, 0, 0, 0, 0, 0, 0, 1]

 Suspicious Activity Detected: None",Sleep,None,The last action is still in progress and needs to be allowed to complete.
"# OBSERVATION

Mission Phase: 2
Last Action : Sleep
Last Action Status: UNKNOWN
Communication Vectors: 
Commvector Blue Agent 0 Message: [0, 0, 0, 0, 0, 0, 0, 0]
Commvector Blue Agent 1 Message: [0, 0, 0, 0, 0, 0, 0, 0]
Commvector Blue Agent 2 Message: [0, 0, 0, 0, 0, 0, 0, 0]
Commvector Blue Agent 3 Message: [0, 0, 0, 0, 0, 0, 0, 0]

 Suspicious Activity Detected: None",Sleep,None,"Last action status is UNKNOWN, need to wait for completion."
"# OBSERVATION

Mission Phase: 2
Last Action : Sleep
Last Action Status: UNKNOWN
Communication Vectors: 
Commvector Blue Agent 0 Message: [0, 0, 0, 0, 0, 0, 0, 0]
Commvector Blue Agent 1 Message: [0, 0, 0, 0, 0, 0, 0, 1]
Commvector Blue Agent 2 Message: [0, 0, 0, 0, 0, 0, 0, 1]
Commvector Blue Agent 3 Message: [0, 0, 0, 0, 0, 0, 0, 0]

 Suspicious Activity Detected: None",Sleep,None,The last action is still in progress and cannot be interrupted.
"# OBSERVATION

Mission Phase: 2
Last Action : Analyse host:office_network_subnet_user_host_4
Last Action Status: IN_PROGRESS
Communication Vectors: 
Commvector Blue Agent 0 Message: [0, 0, 0, 0, 0, 0, 0, 0]
Commvector Blue Agent 1 Message: [0, 0, 0, 0, 0, 0, 0, 0]
Commvector Blue Agent 2 Message: [0, 0, 0, 0, 0, 0, 0, 0]
Commvector Blue Agent 3 Message: [0, 0, 0, 0, 0, 0, 0, 1]

Suspicious Activity Detected:
- Hostname: office_network_subnet_server_host_1 | IP: 10.0.202.168 | INFO: Connection to 10.0.202.253 | INFO: Connection to 10.0.202.253",Sleep,None,Last action is still in progress and needs to be completed before taking further action.
"# OBSERVATION

Mission Phase: 2
Last Action : Sleep
Last Action Status: UNKNOWN
Communication Vectors: 
Commvector Blue Agent 0 Message: [0, 0, 0, 0, 0, 0, 0, 0]
Commvector Blue Agent 1 Message: [0, 0, 0, 0, 0, 0, 0, 1]
Commvector Blue Agent 2 Message: [0, 0, 0, 0, 0, 0, 0, 1]
Commvector Blue Agent 3 Message: [0, 0, 0, 0, 0, 0, 0, 0]

Suspicious Activity Detected:
- Hostname: office_network_subnet_user_host_4 | IP: 10.0.202.181",Analyse,host:office_network_subnet_user_host_4,"Suspicious activity detected on the host, requiring further investigation to identify potential red presence."
"# OBSERVATION

Mission Phase: 2
Last Action : Sleep
Last Action Status: UNKNOWN
Communication Vectors: 
Commvector Blue Agent 0 Message: [0, 0, 0, 0, 0, 0, 0, 0]
Commvector Blue Agent 1 Message: [0, 0, 0, 0, 0, 0, 0, 0]
Commvector Blue Agent 2 Message: [0, 0, 0, 0, 0, 0, 0, 0]
Commvector Blue Agent 3 Message: [0, 0, 0, 0, 0, 0, 0, 1]

 Suspicious Activity Detected: None",Sleep,None,"The last action is still in progress, and no suspicious activity has been detected."
"# OBSERVATION

Mission Phase: 2
Last Action : Sleep
Last Action Status: UNKNOWN
Communication Vectors: 
Commvector Blue Agent 0 Message: [0, 0, 0, 0, 0, 0, 0, 0]
Commvector Blue Agent 1 Message: [0, 0, 0, 0, 0, 0, 0, 1]
Commvector Blue Agent 2 Message: [0, 0, 0, 0, 0, 0, 0, 1]
Commvector Blue Agent 3 Message: [0, 0, 0, 0, 0, 0, 0, 0]

 Suspicious Activity Detected: None",Sleep,None,"The last action is still in progress, requiring no further action at this moment."
"# OBSERVATION

Mission Phase: 2
Last Action : Sleep
Last Action Status: UNKNOWN
Communication Vectors: 
Commvector Blue Agent 0 Message: [0, 0, 0, 0, 0, 0, 0, 0]
Commvector Blue Agent 1 Message: [0, 1, 0, 0, 0, 1, 0, 0]
Commvector Blue Agent 2 Message: [0, 0, 0, 0, 0, 0, 0, 0]
Commvector Blue Agent 3 Message: [0, 0, 0, 0, 0, 0, 0, 0]

 Suspicious Activity Detected: None",Sleep,None,"Last action status is UNKNOWN, so no further actions can be executed until the previous one is resolved."
"# OBSERVATION

Mission Phase: 2
Last Action : Analyse host:office_network_subnet_user_host_3
Last Action Status: IN_PROGRESS
Communication Vectors: 
Commvector Blue Agent 0 Message: [0, 0, 0, 0, 0, 0, 0, 0]
Commvector Blue Agent 1 Message: [0, 0, 0, 0, 0, 0, 0, 1]
Commvector Blue Agent 2 Message: [0, 0, 0, 0, 0, 0, 0, 1]
Commvector Blue Agent 3 Message: [0, 0, 0, 0, 0, 0, 0, 1]

 Suspicious Activity Detected: None",Sleep,None,The previous action is still in progress.
"# OBSERVATION

Mission Phase: 2
Last Action : Sleep
Last Action Status: UNKNOWN
Communication Vectors: 
Commvector Blue Agent 0 Message: [0, 0, 0, 0, 0, 0, 0, 0]
Commvector Blue Agent 1 Message: [0, 0, 0, 0, 0, 0, 0, 0]
Commvector Blue Agent 2 Message: [0, 0, 0, 0, 0, 0, 0, 0]
Commvector Blue Agent 3 Message: [0, 0, 0, 0, 0, 0, 0, 0]

Suspicious Activity Detected:
- Hostname: office_network_subnet_user_host_3 | IP: 10.0.202.168",Analyse,host:office_network_subnet_user_host_3,"Suspicious activity detected on the host, indicating potential presence of a red agent."
"# OBSERVATION

Mission Phase: 2
Last Action : Analyse host:public_access_zone_subnet_server_host_2
Last Action Status: IN_PROGRESS
Communication Vectors: 
Commvector Blue Agent 0 Message: [0, 0, 0, 0, 0, 0, 0, 0]
Commvector Blue Agent 1 Message: [0, 0, 0, 0, 0, 0, 0, 0]
Commvector Blue Agent 2 Message: [0, 0, 0, 0, 0, 0, 0, 1]
Commvector Blue Agent 3 Message: [0, 0, 0, 0, 0, 0, 0, 1]

 Suspicious Activity Detected: None",Sleep,None,The last action is still in progress and requires no further actions at this time.
"# OBSERVATION

Mission Phase: 2
Last Action : Sleep
Last Action Status: UNKNOWN
Communication Vectors: 
Commvector Blue Agent 0 Message: [0, 0, 0, 0, 0, 0, 0, 0]
Commvector Blue Agent 1 Message: [0, 0, 0, 0, 0, 0, 0, 0]
Commvector Blue Agent 2 Message: [0, 0, 0, 0, 0, 0, 0, 0]
Commvector Blue Agent 3 Message: [0, 0, 0, 0, 0, 0, 0, 0]

Suspicious Activity Detected:
- Hostname: public_access_zone_subnet_server_host_2 | IP: 10.0.5.148 | INFO: Connection to 10.0.78.252 | INFO: Connection to 10.0.78.252",Analyse,host:public_access_zone_subnet_server_host_2,Suspicious activity detected indicates potential red agent communication.
"# OBSERVATION

Mission Phase: 2
Last Action : Sleep
Last Action Status: UNKNOWN
Communication Vectors: 
Commvector Blue Agent 0 Message: [0, 0, 0, 0, 0, 0, 0, 0]
Commvector Blue Agent 1 Message: [0, 0, 0, 0, 0, 0, 0, 0]
Commvector Blue Agent 2 Message: [0, 0, 0, 0, 0, 0, 0, 1]
Commvector Blue Agent 3 Message: [0, 0, 0, 0, 0, 0, 0, 0]

 Suspicious Activity Detected: None",Sleep,None,"The last action is still in progress, so no further actions are required at this time."
"# OBSERVATION

Mission Phase: 2
Last Action : Sleep
Last Action Status: UNKNOWN
Communication Vectors: 
Commvector Blue Agent 0 Message: [0, 0, 0, 0, 0, 0, 0, 0]
Commvector Blue Agent 1 Message: [0, 0, 0, 0, 0, 0, 0, 0]
Commvector Blue Agent 2 Message: [0, 0, 0, 0, 0, 0, 0, 0]
Commvector Blue Agent 3 Message: [0, 0, 0, 0, 0, 0, 0, 1]

Suspicious Activity Detected:
- Hostname: office_network_subnet_server_host_5 | IP: 10.0.184.132 | INFO: Connection to 10.0.202.249 | INFO: Connection to 10.0.202.249",Sleep,None,"Last action status is unknown, need to wait for completion."
"# OBSERVATION

Mission Phase: 2
Last Action : Analyse host:public_access_zone_subnet_server_host_2
Last Action Status: IN_PROGRESS
Communication Vectors: 
Commvector Blue Agent 0 Message: [0, 0, 0, 0, 0, 0, 0, 0]
Commvector Blue Agent 1 Message: [0, 0, 0, 0, 0, 0, 0, 1]
Commvector Blue Agent 2 Message: [0, 0, 0, 0, 0, 0, 0, 1]
Commvector Blue Agent 3 Message: [0, 0, 0, 0, 0, 0, 0, 0]

 Suspicious Activity Detected: None",Sleep,None,The last action of analysing the host is still in progress.
"# OBSERVATION

Mission Phase: 2
Last Action : Sleep
Last Action Status: UNKNOWN
Communication Vectors: 
Commvector Blue Agent 0 Message: [0, 0, 0, 0, 0, 0, 0, 0]
Commvector Blue Agent 1 Message: [0, 0, 0, 0, 0, 0, 0, 0]
Commvector Blue Agent 2 Message: [0, 0, 0, 0, 0, 0, 0, 0]
Commvector Blue Agent 3 Message: [0, 0, 0, 0, 0, 0, 0, 0]

Suspicious Activity Detected:
- Hostname: public_access_zone_subnet_server_host_2 | IP: 10.0.148.34 | INFO: Connection to 10.0.78.252 | INFO: Connection to 10.0.78.252
- Hostname: admin_network_subnet_user_host_3 | IP: 10.0.196.66",Analyse,host:public_access_zone_subnet_server_host_2,To investigate the connections detected for further suspicious activity.
"# OBSERVATION

Mission Phase: 2
Last Action : Sleep
Last Action Status: UNKNOWN
Communication Vectors: 
Commvector Blue Agent 0 Message: [0, 0, 0, 0, 0, 0, 0, 0]
Commvector Blue Agent 1 Message: [0, 0, 0, 0, 0, 0, 0, 0]
Commvector Blue Agent 2 Message: [0, 0, 0, 0, 0, 0, 0, 0]
Commvector Blue Agent 3 Message: [0, 0, 0, 0, 0, 0, 0, 1]

 Suspicious Activity Detected: None",Sleep,None,"The last action is in progress, and additional actions should be delayed until it completes."
"# OBSERVATION

Mission Phase: 2
Last Action : Sleep
Last Action Status: UNKNOWN
Communication Vectors: 
Commvector Blue Agent 0 Message: [0, 0, 0, 0, 0, 0, 0, 0]
Commvector Blue Agent 1 Message: [0, 0, 0, 0, 0, 0, 0, 0]
Commvector Blue Agent 2 Message: [0, 0, 0, 0, 0, 0, 0, 1]
Commvector Blue Agent 3 Message: [0, 0, 0, 0, 0, 0, 0, 0]

 Suspicious Activity Detected: None",Sleep,None,"The last action status is UNKNOWN, indicating that the previous action is still IN_PROGRESS."
"# OBSERVATION

Mission Phase: 2
Last Action : Sleep
Last Action Status: UNKNOWN
Communication Vectors: 
Commvector Blue Agent 0 Message: [0, 0, 0, 0, 0, 0, 0, 0]
Commvector Blue Agent 1 Message: [0, 0, 0, 0, 0, 0, 0, 1]
Commvector Blue Agent 2 Message: [0, 0, 0, 0, 0, 0, 0, 0]
Commvector Blue Agent 3 Message: [0, 0, 0, 0, 0, 0, 0, 0]

 Suspicious Activity Detected: None",Sleep,None,"The last action is currently IN_PROGRESS, and I need to wait for its completion."
"# OBSERVATION

Mission Phase: 2
Last Action : Sleep
Last Action Status: UNKNOWN
Communication Vectors: 
Commvector Blue Agent 0 Message: [0, 0, 0, 0, 0, 0, 0, 0]
Commvector Blue Agent 1 Message: [0, 0, 0, 0, 0, 0, 0, 0]
Commvector Blue Agent 2 Message: [0, 0, 0, 0, 0, 0, 0, 1]
Commvector Blue Agent 3 Message: [0, 0, 0, 0, 0, 0, 0, 0]

 Suspicious Activity Detected: None",Sleep,None,The previous action is still in progress and needs to be completed before taking further steps.
"# OBSERVATION

Mission Phase: 2
Last Action : Sleep
Last Action Status: UNKNOWN
Communication Vectors: 
Commvector Blue Agent 0 Message: [0, 0, 0, 0, 0, 0, 0, 0]
Commvector Blue Agent 1 Message: [0, 0, 0, 0, 0, 0, 0, 1]
Commvector Blue Agent 2 Message: [0, 0, 0, 0, 0, 0, 0, 0]
Commvector Blue Agent 3 Message: [0, 0, 0, 0, 0, 0, 0, 0]

 Suspicious Activity Detected: None",Sleep,None,"The last action is still in progress, and no suspicious activity has been detected."
"# OBSERVATION

Mission Phase: 2
Last Action : Sleep
Last Action Status: UNKNOWN
Communication Vectors: 
Commvector Blue Agent 0 Message: [0, 0, 0, 0, 0, 0, 0, 0]
Commvector Blue Agent 1 Message: [0, 0, 0, 0, 0, 0, 0, 0]
Commvector Blue Agent 2 Message: [0, 0, 0, 0, 0, 0, 0, 1]
Commvector Blue Agent 3 Message: [0, 0, 0, 0, 0, 0, 0, 1]

 Suspicious Activity Detected: None",Sleep,None,"The last action status is UNKNOWN, indicating ongoing actions that need to be completed before executing further actions."
"# OBSERVATION

Mission Phase: 2
Last Action : Sleep
Last Action Status: UNKNOWN
Communication Vectors: 
Commvector Blue Agent 0 Message: [0, 0, 0, 0, 0, 0, 0, 0]
Commvector Blue Agent 1 Message: [0, 0, 0, 0, 0, 0, 0, 0]
Commvector Blue Agent 2 Message: [0, 0, 0, 0, 0, 0, 0, 0]
Commvector Blue Agent 3 Message: [0, 0, 0, 0, 0, 0, 0, 0]

 Suspicious Activity Detected: None",Sleep,None,"Previous action status is UNKNOWN, indicating ongoing processes that require waiting."
"# OBSERVATION

Mission Phase: 2
Last Action : Sleep
Last Action Status: UNKNOWN
Communication Vectors: 
Commvector Blue Agent 0 Message: [0, 0, 0, 0, 0, 0, 0, 0]
Commvector Blue Agent 1 Message: [0, 0, 0, 0, 0, 0, 0, 0]
Commvector Blue Agent 2 Message: [0, 0, 0, 0, 0, 0, 0, 1]
Commvector Blue Agent 3 Message: [0, 0, 0, 0, 0, 0, 0, 0]

Suspicious Activity Detected:
- Hostname: office_network_subnet_server_host_1 | IP: 10.0.5.169 | INFO: Connection to 10.0.202.253 | INFO: Connection to 10.0.202.253",Sleep,None,The last action is still in progress and needs to be monitored.
"# OBSERVATION

Mission Phase: 2
Last Action : Sleep
Last Action Status: UNKNOWN
Communication Vectors: 
Commvector Blue Agent 0 Message: [0, 0, 0, 0, 0, 0, 0, 0]
Commvector Blue Agent 1 Message: [0, 0, 0, 0, 0, 0, 0, 1]
Commvector Blue Agent 2 Message: [0, 0, 0, 0, 0, 0, 0, 0]
Commvector Blue Agent 3 Message: [0, 0, 0, 0, 0, 0, 0, 0]

 Suspicious Activity Detected: None",Sleep,None,"The last action status is unknown, indicating that I should wait for the previous operation to complete."
"# OBSERVATION

Mission Phase: 1
Last Action : Sleep
Last Action Status: UNKNOWN
Communication Vectors: 
Commvector Blue Agent 0 Message: [0, 0, 0, 0, 0, 0, 0, 1]
Commvector Blue Agent 1 Message: [0, 0, 0, 0, 0, 0, 0, 0]
Commvector Blue Agent 2 Message: [0, 0, 0, 0, 0, 0, 0, 1]
Commvector Blue Agent 3 Message: [0, 0, 0, 0, 0, 0, 0, 0]

 Suspicious Activity Detected: None",Sleep,None,"Last action status is UNKNOWN, indicating previous action is still in progress."
"# OBSERVATION

Mission Phase: 1
Last Action : Sleep
Last Action Status: UNKNOWN
Communication Vectors: 
Commvector Blue Agent 0 Message: [0, 0, 0, 0, 0, 0, 0, 1]
Commvector Blue Agent 1 Message: [0, 0, 0, 0, 0, 0, 0, 1]
Commvector Blue Agent 2 Message: [0, 0, 0, 0, 0, 0, 0, 0]
Commvector Blue Agent 3 Message: [0, 0, 0, 0, 0, 0, 0, 1]

 Suspicious Activity Detected: None",Sleep,None,The last action is in progress and it's uncertain if further actions can be taken.
"# OBSERVATION

Mission Phase: 1
Last Action : Sleep
Last Action Status: UNKNOWN
Communication Vectors: 
Commvector Blue Agent 0 Message: [0, 0, 0, 0, 0, 0, 0, 0]
Commvector Blue Agent 1 Message: [0, 0, 0, 0, 0, 0, 0, 0]
Commvector Blue Agent 2 Message: [0, 0, 0, 0, 0, 0, 0, 0]
Commvector Blue Agent 3 Message: [0, 0, 0, 0, 0, 0, 0, 0]

 Suspicious Activity Detected: None",Sleep,None,"The last action status is UNKNOWN, indicating that the previous action is still in progress."
"# OBSERVATION

Mission Phase: 1
Last Action : Sleep
Last Action Status: UNKNOWN
Communication Vectors: 
Commvector Blue Agent 0 Message: [0, 0, 0, 0, 0, 0, 0, 1]
Commvector Blue Agent 1 Message: [0, 0, 0, 0, 0, 0, 0, 1]
Commvector Blue Agent 2 Message: [0, 0, 0, 0, 0, 0, 0, 1]
Commvector Blue Agent 3 Message: [0, 0, 0, 0, 0, 0, 0, 0]

 Suspicious Activity Detected: None",Sleep,None,Last action status is UNKNOWN and no suspicious activity detected.
"# OBSERVATION

Mission Phase: 1
Last Action : Sleep
Last Action Status: UNKNOWN
Communication Vectors: 
Commvector Blue Agent 0 Message: [0, 0, 0, 0, 0, 0, 0, 0]
Commvector Blue Agent 1 Message: [0, 0, 0, 0, 0, 0, 0, 0]
Commvector Blue Agent 2 Message: [0, 0, 0, 0, 0, 0, 0, 1]
Commvector Blue Agent 3 Message: [0, 0, 0, 0, 0, 0, 0, 0]

 Suspicious Activity Detected: None",Sleep,None,"Last action status is UNKNOWN, continuing to wait for completion."
"# OBSERVATION

Mission Phase: 1
Last Action : Sleep
Last Action Status: UNKNOWN
Communication Vectors: 
Commvector Blue Agent 0 Message: [0, 0, 0, 0, 0, 0, 0, 1]
Commvector Blue Agent 1 Message: [0, 0, 0, 0, 0, 0, 0, 0]
Commvector Blue Agent 2 Message: [0, 0, 0, 0, 0, 0, 0, 0]
Commvector Blue Agent 3 Message: [0, 0, 0, 0, 0, 0, 0, 0]

 Suspicious Activity Detected: None",Sleep,None,"Last action is still in progress, waiting for completion."
"# OBSERVATION

Mission Phase: 1
Last Action : Sleep
Last Action Status: UNKNOWN
Communication Vectors: 
Commvector Blue Agent 0 Message: [0, 0, 0, 0, 0, 0, 0, 1]
Commvector Blue Agent 1 Message: [0, 0, 0, 0, 0, 0, 0, 0]
Commvector Blue Agent 2 Message: [0, 0, 1, 0, 0, 1, 0, 1]
Commvector Blue Agent 3 Message: [0, 0, 0, 0, 0, 0, 0, 0]

 Suspicious Activity Detected: None",Sleep,None,The last action is still in progress and needs to be allowed to complete.
"# OBSERVATION

Mission Phase: 1
Last Action : Sleep
Last Action Status: UNKNOWN
Communication Vectors: 
Commvector Blue Agent 0 Message: [1, 0, 0, 0, 0, 1, 0, 0]
Commvector Blue Agent 1 Message: [0, 0, 0, 0, 0, 0, 0, 0]
Commvector Blue Agent 2 Message: [0, 0, 0, 0, 0, 0, 0, 0]
Commvector Blue Agent 3 Message: [0, 0, 0, 0, 0, 0, 0, 0]

 Suspicious Activity Detected: None",Sleep,None,The last action is in progress and awaiting confirmation.
"# OBSERVATION

Mission Phase: 1
Last Action : Sleep
Last Action Status: UNKNOWN
Communication Vectors: 
Commvector Blue Agent 0 Message: [0, 0, 0, 0, 0, 0, 0, 0]
Commvector Blue Agent 1 Message: [0, 0, 0, 0, 0, 0, 0, 1]
Commvector Blue Agent 2 Message: [0, 0, 0, 0, 0, 0, 0, 0]
Commvector Blue Agent 3 Message: [0, 0, 0, 0, 0, 0, 0, 0]

 Suspicious Activity Detected: None",Sleep,None,Current action status is UNKNOWN and no suspicious activity is detected.
"# OBSERVATION

Mission Phase: 1
Last Action : Sleep
Last Action Status: UNKNOWN
Communication Vectors: 
Commvector Blue Agent 0 Message: [0, 0, 0, 0, 0, 0, 0, 0]
Commvector Blue Agent 1 Message: [0, 0, 0, 0, 0, 0, 0, 0]
Commvector Blue Agent 2 Message: [0, 0, 0, 0, 0, 0, 0, 1]
Commvector Blue Agent 3 Message: [0, 0, 0, 0, 0, 0, 0, 0]

 Suspicious Activity Detected: None",Sleep,None,"The last action is in progress, and further actions cannot be taken until completion."
"# OBSERVATION

Mission Phase: 1
Last Action : Sleep
Last Action Status: UNKNOWN
Communication Vectors: 
Commvector Blue Agent 0 Message: [0, 0, 0, 0, 0, 0, 0, 0]
Commvector Blue Agent 1 Message: [0, 0, 0, 0, 0, 0, 0, 0]
Commvector Blue Agent 2 Message: [0, 0, 0, 0, 0, 0, 0, 0]
Commvector Blue Agent 3 Message: [0, 0, 0, 0, 0, 0, 0, 0]

 Suspicious Activity Detected: None",Sleep,None,The last action is still in progress and its status is unknown.
"# OBSERVATION

Mission Phase: 1
Last Action : Analyse host:public_access_zone_subnet_user_host_1
Last Action Status: IN_PROGRESS
Communication Vectors: 
Commvector Blue Agent 0 Message: [0, 0, 0, 0, 0, 0, 0, 1]
Commvector Blue Agent 1 Message: [0, 0, 0, 0, 0, 0, 0, 0]
Commvector Blue Agent 2 Message: [0, 0, 0, 0, 0, 0, 0, 1]
Commvector Blue Agent 3 Message: [0, 0, 0, 0, 0, 0, 0, 0]

Suspicious Activity Detected:
- Hostname: admin_network_subnet_user_host_0 | IP: 10.0.196.40",Sleep,None,Last action is still in progress and cannot be interrupted.
"# OBSERVATION

Mission Phase: 1
Last Action : Sleep
Last Action Status: UNKNOWN
Communication Vectors: 
Commvector Blue Agent 0 Message: [0, 0, 0, 0, 0, 0, 0, 1]
Commvector Blue Agent 1 Message: [0, 0, 0, 0, 0, 0, 0, 1]
Commvector Blue Agent 2 Message: [0, 0, 0, 0, 0, 0, 0, 0]
Commvector Blue Agent 3 Message: [0, 0, 0, 0, 0, 0, 0, 0]

Suspicious Activity Detected:
- Hostname: public_access_zone_subnet_user_host_1 | IP: 10.0.78.237",Analyse,host:public_access_zone_subnet_user_host_1,"Suspicious activity detected on the host, requiring further investigation."
"# OBSERVATION

Mission Phase: 1
Last Action : Sleep
Last Action Status: UNKNOWN
Communication Vectors: 
Commvector Blue Agent 0 Message: [0, 0, 0, 0, 0, 0, 0, 0]
Commvector Blue Agent 1 Message: [0, 0, 0, 0, 0, 0, 0, 0]
Commvector Blue Agent 2 Message: [0, 0, 0, 0, 0, 0, 0, 0]
Commvector Blue Agent 3 Message: [0, 0, 0, 0, 0, 0, 0, 1]

 Suspicious Activity Detected: None",Sleep,None,"The last action was IN_PROGRESS and its status is UNKNOWN, indicating ongoing processes."
"# OBSERVATION

Mission Phase: 1
Last Action : Sleep
Last Action Status: UNKNOWN
Communication Vectors: 
Commvector Blue Agent 0 Message: [0, 0, 0, 0, 0, 0, 0, 0]
Commvector Blue Agent 1 Message: [0, 0, 0, 0, 0, 0, 0, 1]
Commvector Blue Agent 2 Message: [0, 0, 0, 0, 0, 0, 0, 1]
Commvector Blue Agent 3 Message: [0, 0, 0, 0, 0, 0, 0, 0]

 Suspicious Activity Detected: None",Sleep,None,"The last action status is UNKNOWN, indicating the previous action is still in progress."
"# OBSERVATION

Mission Phase: 1
Last Action : Sleep
Last Action Status: UNKNOWN
Communication Vectors: 
Commvector Blue Agent 0 Message: [0, 0, 0, 0, 0, 0, 0, 1]
Commvector Blue Agent 1 Message: [0, 0, 0, 0, 0, 0, 0, 0]
Commvector Blue Agent 2 Message: [0, 0, 0, 0, 0, 0, 0, 0]
Commvector Blue Agent 3 Message: [0, 0, 0, 0, 0, 0, 0, 0]

 Suspicious Activity Detected: None",Sleep,None,"Last action status is unknown, waiting for the current action to complete."
"# OBSERVATION

Mission Phase: 1
Last Action : Sleep
Last Action Status: UNKNOWN
Communication Vectors: 
Commvector Blue Agent 0 Message: [0, 0, 0, 0, 0, 0, 0, 0]
Commvector Blue Agent 1 Message: [0, 0, 0, 0, 0, 0, 0, 0]
Commvector Blue Agent 2 Message: [0, 0, 0, 0, 0, 0, 0, 0]
Commvector Blue Agent 3 Message: [0, 0, 0, 0, 0, 0, 0, 0]

 Suspicious Activity Detected: None",Sleep,None,"The last action status is UNKNOWN, indicating uncertainty in the current state."
"# OBSERVATION

Mission Phase: 1
Last Action : Sleep
Last Action Status: UNKNOWN
Communication Vectors: 
Commvector Blue Agent 0 Message: [0, 0, 0, 0, 0, 0, 0, 1]
Commvector Blue Agent 1 Message: [0, 0, 0, 0, 0, 0, 0, 0]
Commvector Blue Agent 2 Message: [0, 0, 0, 0, 0, 0, 0, 1]
Commvector Blue Agent 3 Message: [0, 0, 0, 0, 0, 0, 0, 1]

 Suspicious Activity Detected: None",Sleep,None,"The last action is still in progress, and further actions should wait until it is completed."
"# OBSERVATION

Mission Phase: 1
Last Action : Sleep
Last Action Status: UNKNOWN
Communication Vectors: 
Commvector Blue Agent 0 Message: [0, 0, 0, 0, 0, 0, 0, 0]
Commvector Blue Agent 1 Message: [0, 0, 0, 0, 0, 0, 0, 0]
Commvector Blue Agent 2 Message: [0, 0, 0, 0, 0, 0, 0, 0]
Commvector Blue Agent 3 Message: [0, 0, 0, 0, 0, 0, 0, 0]

 Suspicious Activity Detected: None",Sleep,None,"The last action status is UNKNOWN, indicating that further actions should be delayed until the current status is clear."
"# OBSERVATION

Mission Phase: 1
Last Action : Sleep
Last Action Status: UNKNOWN
Communication Vectors: 
Commvector Blue Agent 0 Message: [0, 0, 0, 0, 0, 0, 0, 1]
Commvector Blue Agent 1 Message: [0, 0, 0, 0, 0, 0, 0, 1]
Commvector Blue Agent 2 Message: [0, 0, 0, 0, 0, 0, 0, 1]
Commvector Blue Agent 3 Message: [0, 0, 0, 0, 0, 0, 0, 0]

 Suspicious Activity Detected: None",Sleep,None,"The previous action is still in progress, and no suspicious activity has been detected."
"# OBSERVATION

Mission Phase: 1
Last Action : Sleep
Last Action Status: UNKNOWN
Communication Vectors: 
Commvector Blue Agent 0 Message: [0, 0, 0, 0, 0, 0, 0, 0]
Commvector Blue Agent 1 Message: [0, 0, 0, 0, 0, 0, 0, 0]
Commvector Blue Agent 2 Message: [0, 0, 1, 0, 0, 1, 0, 0]
Commvector Blue Agent 3 Message: [0, 0, 0, 0, 0, 0, 0, 0]

 Suspicious Activity Detected: None",Sleep,None,Last action was IN_PROGRESS and status is UNKNOWN.
"# OBSERVATION

Mission Phase: 1
Last Action : Sleep
Last Action Status: UNKNOWN
Communication Vectors: 
Commvector Blue Agent 0 Message: [0, 0, 0, 0, 0, 0, 0, 1]
Commvector Blue Agent 1 Message: [0, 0, 0, 0, 0, 0, 0, 1]
Commvector Blue Agent 2 Message: [0, 0, 0, 0, 0, 0, 0, 0]
Commvector Blue Agent 3 Message: [0, 0, 0, 0, 0, 0, 0, 0]

 Suspicious Activity Detected: None",Sleep,None,"Last action status is UNKNOWN, indicating it is still in progress and requires waiting."
"# OBSERVATION

Mission Phase: 1
Last Action : Sleep
Last Action Status: UNKNOWN
Communication Vectors: 
Commvector Blue Agent 0 Message: [0, 0, 0, 0, 0, 0, 0, 0]
Commvector Blue Agent 1 Message: [0, 0, 0, 0, 0, 0, 0, 0]
Commvector Blue Agent 2 Message: [0, 0, 0, 0, 0, 0, 0, 1]
Commvector Blue Agent 3 Message: [0, 0, 0, 0, 0, 0, 0, 0]

 Suspicious Activity Detected: None",Sleep,None,"The last action is in progress, and there is no suspicious activity detected."
"# OBSERVATION

Mission Phase: 1
Last Action : Sleep
Last Action Status: UNKNOWN
Communication Vectors: 
Commvector Blue Agent 0 Message: [0, 0, 0, 0, 0, 0, 0, 1]
Commvector Blue Agent 1 Message: [0, 0, 0, 0, 0, 0, 0, 1]
Commvector Blue Agent 2 Message: [0, 0, 0, 0, 0, 0, 0, 0]
Commvector Blue Agent 3 Message: [0, 0, 0, 0, 0, 0, 0, 0]

 Suspicious Activity Detected: None",Sleep,None,The last action is currently in progress and cannot be repeated.
"# OBSERVATION

Mission Phase: 1
Last Action : Sleep
Last Action Status: UNKNOWN
Communication Vectors: 
Commvector Blue Agent 0 Message: [0, 0, 0, 0, 0, 0, 0, 0]
Commvector Blue Agent 1 Message: [0, 0, 0, 0, 0, 0, 0, 0]
Commvector Blue Agent 2 Message: [0, 0, 0, 0, 0, 0, 0, 1]
Commvector Blue Agent 3 Message: [0, 0, 0, 0, 0, 0, 0, 0]

 Suspicious Activity Detected: None",Sleep,None,The last action is still in progress and cannot be interrupted.
"# OBSERVATION

Mission Phase: 1
Last Action : Sleep
Last Action Status: UNKNOWN
Communication Vectors: 
Commvector Blue Agent 0 Message: [0, 0, 0, 0, 0, 0, 0, 1]
Commvector Blue Agent 1 Message: [0, 0, 0, 0, 0, 0, 0, 1]
Commvector Blue Agent 2 Message: [0, 0, 0, 0, 0, 0, 0, 0]
Commvector Blue Agent 3 Message: [0, 0, 0, 0, 0, 0, 0, 0]

 Suspicious Activity Detected: None",Sleep,None,"The last action is currently in progress, and no suspicious activity has been detected."
"# OBSERVATION

Mission Phase: 1
Last Action : Sleep
Last Action Status: UNKNOWN
Communication Vectors: 
Commvector Blue Agent 0 Message: [0, 0, 0, 0, 0, 0, 0, 0]
Commvector Blue Agent 1 Message: [0, 0, 0, 0, 0, 0, 0, 0]
Commvector Blue Agent 2 Message: [0, 0, 0, 0, 0, 0, 0, 1]
Commvector Blue Agent 3 Message: [0, 0, 0, 0, 0, 0, 0, 0]

 Suspicious Activity Detected: None",Sleep,None,"The last action status is UNKNOWN, and we should wait for the previous action to complete."
"# OBSERVATION

Mission Phase: 1
Last Action : Sleep
Last Action Status: UNKNOWN
Communication Vectors: 
Commvector Blue Agent 0 Message: [0, 0, 0, 0, 0, 0, 0, 1]
Commvector Blue Agent 1 Message: [0, 0, 0, 0, 0, 0, 0, 0]
Commvector Blue Agent 2 Message: [0, 0, 0, 0, 0, 0, 0, 0]
Commvector Blue Agent 3 Message: [0, 0, 0, 0, 0, 0, 0, 0]

 Suspicious Activity Detected: None",Sleep,None,"The last action is in progress and status is unknown, thus no further action can be taken at this moment."
"# OBSERVATION

Mission Phase: 1
Last Action : Sleep
Last Action Status: UNKNOWN
Communication Vectors: 
Commvector Blue Agent 0 Message: [0, 0, 0, 0, 0, 0, 0, 0]
Commvector Blue Agent 1 Message: [0, 0, 0, 0, 0, 0, 0, 0]
Commvector Blue Agent 2 Message: [0, 0, 1, 0, 0, 1, 0, 1]
Commvector Blue Agent 3 Message: [0, 0, 0, 0, 0, 0, 0, 0]

 Suspicious Activity Detected: None",Sleep,None,"The last action is still in progress and its status is unknown, so I will continue to wait."
"# OBSERVATION

Mission Phase: 1
Last Action : Sleep
Last Action Status: UNKNOWN
Communication Vectors: 
Commvector Blue Agent 0 Message: [0, 0, 0, 0, 0, 0, 0, 1]
Commvector Blue Agent 1 Message: [0, 0, 0, 0, 0, 0, 0, 0]
Commvector Blue Agent 2 Message: [0, 0, 0, 0, 0, 0, 0, 0]
Commvector Blue Agent 3 Message: [0, 0, 0, 0, 0, 0, 0, 0]

 Suspicious Activity Detected: None",Sleep,None,"Current action status is UNKNOWN, and no suspicious activity is detected."
"# OBSERVATION

Mission Phase: 1
Last Action : Sleep
Last Action Status: UNKNOWN
Communication Vectors: 
Commvector Blue Agent 0 Message: [0, 0, 0, 0, 0, 0, 0, 0]
Commvector Blue Agent 1 Message: [0, 0, 0, 0, 0, 0, 0, 1]
Commvector Blue Agent 2 Message: [0, 0, 0, 0, 0, 0, 0, 1]
Commvector Blue Agent 3 Message: [0, 0, 0, 0, 0, 0, 0, 0]

 Suspicious Activity Detected: None",Sleep,None,"No suspicious activity detected and the last action is still in progress, indicating a cautious approach is required."
"# OBSERVATION

Mission Phase: 1
Last Action : Sleep
Last Action Status: UNKNOWN
Communication Vectors: 
Commvector Blue Agent 0 Message: [0, 0, 0, 0, 0, 0, 0, 0]
Commvector Blue Agent 1 Message: [0, 0, 0, 0, 0, 0, 0, 0]
Commvector Blue Agent 2 Message: [0, 0, 0, 0, 0, 0, 0, 0]
Commvector Blue Agent 3 Message: [0, 0, 0, 0, 0, 0, 0, 1]

 Suspicious Activity Detected: None",Sleep,None,"The last action is still in progress, so no other action can be taken at this moment."
"# OBSERVATION

Mission Phase: 1
Last Action : Sleep
Last Action Status: UNKNOWN
Communication Vectors: 
Commvector Blue Agent 0 Message: [0, 0, 0, 0, 0, 0, 0, 1]
Commvector Blue Agent 1 Message: [0, 0, 0, 0, 0, 0, 0, 0]
Commvector Blue Agent 2 Message: [0, 0, 0, 0, 0, 0, 0, 1]
Commvector Blue Agent 3 Message: [0, 0, 0, 0, 0, 0, 0, 0]

 Suspicious Activity Detected: None",Sleep,None,"The last action status is UNKNOWN, indicating ongoing processes that require waiting."
"# OBSERVATION

Mission Phase: 1
Last Action : Sleep
Last Action Status: UNKNOWN
Communication Vectors: 
Commvector Blue Agent 0 Message: [0, 0, 0, 0, 0, 0, 0, 0]
Commvector Blue Agent 1 Message: [0, 0, 0, 0, 0, 0, 0, 0]
Commvector Blue Agent 2 Message: [0, 0, 0, 0, 0, 0, 0, 0]
Commvector Blue Agent 3 Message: [0, 0, 0, 0, 0, 0, 0, 0]

 Suspicious Activity Detected: None",Sleep,None,"Last action status is UNKNOWN, indicating that the previous action has not completed yet."
"# OBSERVATION

Mission Phase: 1
Last Action : Sleep
Last Action Status: UNKNOWN
Communication Vectors: 
Commvector Blue Agent 0 Message: [0, 0, 0, 0, 0, 0, 0, 1]
Commvector Blue Agent 1 Message: [0, 0, 0, 0, 0, 0, 0, 0]
Commvector Blue Agent 2 Message: [0, 0, 0, 0, 0, 0, 0, 1]
Commvector Blue Agent 3 Message: [0, 0, 0, 0, 0, 0, 0, 0]

 Suspicious Activity Detected: None",Sleep,None,"Last action status is unknown, waiting for completion before taking further actions."
"# OBSERVATION

Mission Phase: 1
Last Action : Sleep
Last Action Status: UNKNOWN
Communication Vectors: 
Commvector Blue Agent 0 Message: [0, 0, 0, 0, 0, 0, 0, 1]
Commvector Blue Agent 1 Message: [0, 0, 0, 0, 0, 0, 0, 0]
Commvector Blue Agent 2 Message: [0, 0, 0, 0, 0, 0, 0, 0]
Commvector Blue Agent 3 Message: [0, 0, 0, 0, 0, 0, 0, 0]

 Suspicious Activity Detected: None",Sleep,None,"The last action is still in progress, and no further action can be taken until it is completed."
"# OBSERVATION

Mission Phase: 1
Last Action : Sleep
Last Action Status: UNKNOWN
Communication Vectors: 
Commvector Blue Agent 0 Message: [0, 0, 0, 0, 0, 0, 0, 0]
Commvector Blue Agent 1 Message: [0, 0, 0, 0, 0, 0, 0, 0]
Commvector Blue Agent 2 Message: [0, 0, 0, 0, 0, 0, 0, 1]
Commvector Blue Agent 3 Message: [0, 0, 0, 0, 0, 0, 0, 1]

 Suspicious Activity Detected: None",Sleep,None,"The last action is still in progress, no further actions can be taken."
"# OBSERVATION

Mission Phase: 1
Last Action : Sleep
Last Action Status: UNKNOWN
Communication Vectors: 
Commvector Blue Agent 0 Message: [0, 0, 0, 0, 0, 0, 0, 1]
Commvector Blue Agent 1 Message: [0, 0, 0, 0, 0, 0, 0, 0]
Commvector Blue Agent 2 Message: [0, 0, 0, 0, 0, 0, 0, 0]
Commvector Blue Agent 3 Message: [0, 0, 0, 0, 0, 0, 0, 0]

 Suspicious Activity Detected: None",Sleep,None,The last action is in progress and the status is unknown.
"# OBSERVATION

Mission Phase: 1
Last Action : Sleep
Last Action Status: UNKNOWN
Communication Vectors: 
Commvector Blue Agent 0 Message: [0, 0, 0, 0, 0, 0, 0, 0]
Commvector Blue Agent 1 Message: [0, 0, 0, 0, 0, 0, 0, 0]
Commvector Blue Agent 2 Message: [0, 0, 0, 0, 0, 0, 0, 1]
Commvector Blue Agent 3 Message: [0, 0, 0, 0, 0, 0, 0, 0]

 Suspicious Activity Detected: None",Sleep,None,The last action is still in progress and needs to be completed.
"# OBSERVATION

Mission Phase: 1
Last Action : Sleep
Last Action Status: UNKNOWN
Communication Vectors: 
Commvector Blue Agent 0 Message: [0, 0, 0, 0, 0, 0, 0, 0]
Commvector Blue Agent 1 Message: [0, 0, 0, 0, 0, 0, 0, 1]
Commvector Blue Agent 2 Message: [0, 0, 0, 0, 0, 0, 0, 0]
Commvector Blue Agent 3 Message: [0, 0, 0, 0, 0, 0, 0, 0]

 Suspicious Activity Detected: None",Sleep,None,The last action is still in progress and needs to be allowed time to complete.
"# OBSERVATION

Mission Phase: 1
Last Action : Sleep
Last Action Status: UNKNOWN
Communication Vectors: 
Commvector Blue Agent 0 Message: [0, 0, 0, 0, 0, 0, 0, 1]
Commvector Blue Agent 1 Message: [0, 0, 0, 0, 0, 0, 0, 0]
Commvector Blue Agent 2 Message: [0, 0, 0, 0, 0, 0, 0, 1]
Commvector Blue Agent 3 Message: [0, 0, 0, 0, 0, 0, 0, 0]

 Suspicious Activity Detected: None",Sleep,None,Last action is in progress and status is unknown.
"# OBSERVATION

Mission Phase: 1
Last Action : Sleep
Last Action Status: UNKNOWN
Communication Vectors: 
Commvector Blue Agent 0 Message: [0, 0, 0, 0, 0, 0, 0, 0]
Commvector Blue Agent 1 Message: [0, 0, 0, 0, 0, 0, 0, 0]
Commvector Blue Agent 2 Message: [0, 0, 0, 0, 0, 0, 0, 0]
Commvector Blue Agent 3 Message: [0, 0, 0, 0, 0, 0, 0, 0]

 Suspicious Activity Detected: None",Sleep,None,"Last action status is UNKNOWN, and no suspicious activity detected."
"# OBSERVATION

Mission Phase: 1
Last Action : Sleep
Last Action Status: UNKNOWN
Communication Vectors: 
Commvector Blue Agent 0 Message: [0, 0, 0, 0, 0, 0, 0, 1]
Commvector Blue Agent 1 Message: [0, 0, 0, 0, 0, 0, 0, 0]
Commvector Blue Agent 2 Message: [0, 0, 1, 0, 0, 1, 0, 1]
Commvector Blue Agent 3 Message: [0, 0, 0, 0, 0, 0, 0, 0]

 Suspicious Activity Detected: None",Sleep,None,"The last action is still in progress, waiting for completion."
"# OBSERVATION

Mission Phase: 1
Last Action : Sleep
Last Action Status: UNKNOWN
Communication Vectors: 
Commvector Blue Agent 0 Message: [0, 0, 0, 0, 0, 0, 0, 0]
Commvector Blue Agent 1 Message: [0, 0, 0, 0, 0, 0, 0, 0]
Commvector Blue Agent 2 Message: [0, 0, 0, 0, 0, 0, 0, 0]
Commvector Blue Agent 3 Message: [0, 0, 0, 0, 0, 0, 0, 0]

 Suspicious Activity Detected: None",Sleep,None,"The last action is still in progress, awaiting completion."
"# OBSERVATION

Mission Phase: 1
Last Action : Sleep
Last Action Status: UNKNOWN
Communication Vectors: 
Commvector Blue Agent 0 Message: [0, 0, 0, 0, 0, 0, 0, 1]
Commvector Blue Agent 1 Message: [0, 0, 0, 0, 0, 0, 0, 0]
Commvector Blue Agent 2 Message: [0, 0, 0, 0, 0, 0, 0, 1]
Commvector Blue Agent 3 Message: [0, 0, 0, 0, 0, 0, 0, 1]

 Suspicious Activity Detected: None",Sleep,None,Last action is still in progress and the status is unknown.
"# OBSERVATION

Mission Phase: 1
Last Action : Sleep
Last Action Status: UNKNOWN
Communication Vectors: 
Commvector Blue Agent 0 Message: [0, 0, 0, 0, 0, 0, 0, 0]
Commvector Blue Agent 1 Message: [0, 0, 0, 0, 0, 0, 0, 1]
Commvector Blue Agent 2 Message: [0, 0, 0, 0, 0, 0, 0, 0]
Commvector Blue Agent 3 Message: [0, 0, 0, 0, 0, 0, 0, 0]

 Suspicious Activity Detected: None",Sleep,None,"The last action status is UNKNOWN, indicating that the previous action is still in progress."
"# OBSERVATION

Mission Phase: 1
Last Action : Sleep
Last Action Status: UNKNOWN
Communication Vectors: 
Commvector Blue Agent 0 Message: [0, 0, 0, 0, 0, 0, 0, 0]
Commvector Blue Agent 1 Message: [0, 0, 0, 0, 0, 0, 0, 0]
Commvector Blue Agent 2 Message: [0, 0, 0, 0, 0, 0, 0, 1]
Commvector Blue Agent 3 Message: [0, 0, 0, 0, 0, 0, 0, 1]

 Suspicious Activity Detected: None",Sleep,None,Last action is in progress and its status is unknown.
"# OBSERVATION

Mission Phase: 1
Last Action : Sleep
Last Action Status: UNKNOWN
Communication Vectors: 
Commvector Blue Agent 0 Message: [0, 0, 0, 0, 0, 0, 0, 0]
Commvector Blue Agent 1 Message: [0, 0, 0, 0, 0, 0, 0, 1]
Commvector Blue Agent 2 Message: [0, 0, 0, 0, 0, 0, 0, 0]
Commvector Blue Agent 3 Message: [0, 0, 0, 0, 0, 0, 0, 0]

 Suspicious Activity Detected: None",Sleep,None,Last action is in progress and status is unknown.
"# OBSERVATION

Mission Phase: 1
Last Action : Sleep
Last Action Status: UNKNOWN
Communication Vectors: 
Commvector Blue Agent 0 Message: [0, 0, 0, 0, 0, 0, 0, 0]
Commvector Blue Agent 1 Message: [0, 0, 0, 0, 0, 0, 0, 0]
Commvector Blue Agent 2 Message: [0, 0, 0, 0, 0, 0, 0, 1]
Commvector Blue Agent 3 Message: [0, 0, 0, 0, 0, 0, 0, 0]

 Suspicious Activity Detected: None",Sleep,None,"The last action status is UNKNOWN, indicating that the system is currently in a sleep state and should continue to wait."
"# OBSERVATION

Mission Phase: 1
Last Action : Sleep
Last Action Status: UNKNOWN
Communication Vectors: 
Commvector Blue Agent 0 Message: [0, 0, 0, 0, 0, 0, 0, 0]
Commvector Blue Agent 1 Message: [0, 0, 0, 0, 0, 0, 0, 0]
Commvector Blue Agent 2 Message: [0, 0, 0, 0, 0, 0, 0, 1]
Commvector Blue Agent 3 Message: [0, 0, 0, 0, 0, 0, 0, 0]

 Suspicious Activity Detected: None",Sleep,None,The last action is currently in progress and needs to be allowed to complete.
"# OBSERVATION

Mission Phase: 1
Last Action : Sleep
Last Action Status: UNKNOWN
Communication Vectors: 
Commvector Blue Agent 0 Message: [0, 0, 0, 0, 0, 0, 0, 1]
Commvector Blue Agent 1 Message: [0, 0, 0, 0, 0, 0, 0, 0]
Commvector Blue Agent 2 Message: [0, 0, 1, 0, 0, 1, 0, 0]
Commvector Blue Agent 3 Message: [0, 0, 0, 0, 0, 0, 0, 1]

 Suspicious Activity Detected: None",Sleep,None,The last action is currently in progress and its status is unknown.
"# OBSERVATION

Mission Phase: 1
Last Action : Sleep
Last Action Status: UNKNOWN
Communication Vectors: 
Commvector Blue Agent 0 Message: [0, 0, 0, 0, 0, 0, 0, 0]
Commvector Blue Agent 1 Message: [0, 0, 0, 0, 0, 0, 0, 1]
Commvector Blue Agent 2 Message: [0, 0, 0, 0, 0, 0, 0, 1]
Commvector Blue Agent 3 Message: [0, 0, 0, 0, 0, 0, 0, 0]

 Suspicious Activity Detected: None",Sleep,None,No suspicious activity detected and the last action status is unknown.
"# OBSERVATION

Mission Phase: 1
Last Action : Sleep
Last Action Status: UNKNOWN
Communication Vectors: 
Commvector Blue Agent 0 Message: [0, 0, 0, 0, 0, 0, 0, 1]
Commvector Blue Agent 1 Message: [0, 0, 0, 0, 0, 0, 0, 1]
Commvector Blue Agent 2 Message: [0, 0, 0, 0, 0, 0, 0, 0]
Commvector Blue Agent 3 Message: [0, 0, 0, 0, 0, 0, 0, 0]

 Suspicious Activity Detected: None",Sleep,None,"The last action status is UNKNOWN, indicating the previous action is still in progress."
"# OBSERVATION

Mission Phase: 1
Last Action : Sleep
Last Action Status: UNKNOWN
Communication Vectors: 
Commvector Blue Agent 0 Message: [0, 0, 0, 0, 0, 0, 0, 0]
Commvector Blue Agent 1 Message: [0, 0, 0, 0, 0, 0, 0, 0]
Commvector Blue Agent 2 Message: [0, 0, 0, 0, 0, 0, 0, 1]
Commvector Blue Agent 3 Message: [0, 0, 0, 0, 0, 0, 0, 1]

 Suspicious Activity Detected: None",Sleep,None,"The last action is still in progress, and no suspicious activity has been detected."
"# OBSERVATION

Mission Phase: 1
Last Action : Sleep
Last Action Status: UNKNOWN
Communication Vectors: 
Commvector Blue Agent 0 Message: [0, 0, 0, 0, 0, 0, 0, 1]
Commvector Blue Agent 1 Message: [0, 0, 0, 0, 0, 0, 0, 1]
Commvector Blue Agent 2 Message: [0, 0, 0, 0, 0, 0, 0, 0]
Commvector Blue Agent 3 Message: [0, 0, 0, 0, 0, 0, 0, 0]

 Suspicious Activity Detected: None",Sleep,None,Last action is currently in progress and needs to be completed before taking further action.
"# OBSERVATION

Mission Phase: 1
Last Action : Sleep
Last Action Status: UNKNOWN
Communication Vectors: 
Commvector Blue Agent 0 Message: [0, 0, 0, 0, 0, 0, 0, 0]
Commvector Blue Agent 1 Message: [0, 0, 0, 0, 0, 0, 0, 0]
Commvector Blue Agent 2 Message: [0, 0, 0, 0, 0, 0, 0, 1]
Commvector Blue Agent 3 Message: [0, 0, 0, 0, 0, 0, 0, 0]

 Suspicious Activity Detected: None",Sleep,None,"Last action status is UNKNOWN, indicating that the previous operation is still in progress."
"# OBSERVATION

Mission Phase: 1
Last Action : Sleep
Last Action Status: UNKNOWN
Communication Vectors: 
Commvector Blue Agent 0 Message: [0, 0, 0, 0, 0, 0, 0, 1]
Commvector Blue Agent 1 Message: [0, 0, 0, 0, 0, 0, 0, 1]
Commvector Blue Agent 2 Message: [0, 0, 0, 0, 0, 0, 0, 0]
Commvector Blue Agent 3 Message: [0, 0, 0, 0, 0, 0, 0, 0]

 Suspicious Activity Detected: None",Sleep,None,"The last action is still in progress, and we should wait for its completion."
"# OBSERVATION

Mission Phase: 1
Last Action : Sleep
Last Action Status: UNKNOWN
Communication Vectors: 
Commvector Blue Agent 0 Message: [0, 0, 0, 0, 0, 0, 0, 0]
Commvector Blue Agent 1 Message: [0, 0, 0, 0, 0, 0, 0, 0]
Commvector Blue Agent 2 Message: [0, 0, 0, 0, 0, 0, 0, 1]
Commvector Blue Agent 3 Message: [0, 0, 0, 0, 0, 0, 0, 0]

 Suspicious Activity Detected: None",Sleep,None,"Last action status is UNKNOWN, continue waiting for completion."
"# OBSERVATION

Mission Phase: 1
Last Action : Sleep
Last Action Status: UNKNOWN
Communication Vectors: 
Commvector Blue Agent 0 Message: [0, 0, 0, 0, 0, 0, 0, 1]
Commvector Blue Agent 1 Message: [0, 0, 0, 0, 0, 0, 0, 1]
Commvector Blue Agent 2 Message: [0, 0, 0, 0, 0, 0, 0, 0]
Commvector Blue Agent 3 Message: [0, 0, 0, 0, 0, 0, 0, 0]

 Suspicious Activity Detected: None",Sleep,None,"Last action status is UNKNOWN, indicating ongoing activity."
"# OBSERVATION

Mission Phase: 1
Last Action : Sleep
Last Action Status: UNKNOWN
Communication Vectors: 
Commvector Blue Agent 0 Message: [0, 0, 0, 0, 0, 0, 0, 0]
Commvector Blue Agent 1 Message: [0, 0, 0, 0, 0, 0, 0, 0]
Commvector Blue Agent 2 Message: [0, 0, 0, 0, 0, 0, 0, 0]
Commvector Blue Agent 3 Message: [0, 0, 0, 0, 0, 0, 0, 1]

Suspicious Activity Detected:
- Hostname: admin_network_subnet_server_host_2 | IP: 10.0.184.241 | INFO: Connection to 10.0.196.252 | INFO: Connection to 10.0.196.252",Sleep,None,"The last action status is UNKNOWN, indicating the previous action is still in progress."
"# OBSERVATION

Mission Phase: 1
Last Action : Sleep
Last Action Status: UNKNOWN
Communication Vectors: 
Commvector Blue Agent 0 Message: [0, 0, 0, 0, 0, 0, 0, 0]
Commvector Blue Agent 1 Message: [0, 1, 0, 0, 0, 1, 0, 0]
Commvector Blue Agent 2 Message: [0, 0, 0, 0, 0, 0, 0, 1]
Commvector Blue Agent 3 Message: [0, 0, 0, 0, 0, 0, 0, 0]

 Suspicious Activity Detected: None",Sleep,None,"Last action was IN_PROGRESS with an unknown status, so I will wait for the current action to complete."
"# OBSERVATION

Mission Phase: 1
Last Action : Sleep
Last Action Status: UNKNOWN
Communication Vectors: 
Commvector Blue Agent 0 Message: [0, 0, 0, 0, 0, 0, 0, 0]
Commvector Blue Agent 1 Message: [0, 0, 0, 0, 0, 0, 0, 0]
Commvector Blue Agent 2 Message: [0, 0, 0, 0, 0, 0, 0, 0]
Commvector Blue Agent 3 Message: [0, 0, 0, 0, 0, 0, 0, 0]

 Suspicious Activity Detected: None",Sleep,None,"Last action status is UNKNOWN, continuing to wait for completion."
"# OBSERVATION

Mission Phase: 1
Last Action : Sleep
Last Action Status: UNKNOWN
Communication Vectors: 
Commvector Blue Agent 0 Message: [0, 0, 0, 0, 0, 0, 0, 0]
Commvector Blue Agent 1 Message: [0, 0, 0, 0, 0, 0, 0, 0]
Commvector Blue Agent 2 Message: [0, 0, 0, 0, 0, 0, 0, 1]
Commvector Blue Agent 3 Message: [0, 0, 0, 0, 0, 0, 0, 0]

Suspicious Activity Detected:
- Hostname: office_network_subnet_server_host_4 | IP: 10.0.202.14 | INFO: Connection to 10.0.202.250 | INFO: Connection to 10.0.202.250",Sleep,None,The last action is still in progress and requires no further action at this time.
"# OBSERVATION

Mission Phase: 1
Last Action : Sleep
Last Action Status: UNKNOWN
Communication Vectors: 
Commvector Blue Agent 0 Message: [0, 0, 0, 0, 0, 0, 0, 0]
Commvector Blue Agent 1 Message: [0, 0, 0, 0, 0, 0, 0, 1]
Commvector Blue Agent 2 Message: [0, 0, 0, 0, 0, 0, 0, 0]
Commvector Blue Agent 3 Message: [0, 0, 0, 0, 0, 0, 0, 1]

 Suspicious Activity Detected: None",Sleep,None,The last action is in progress and needs to be monitored before proceeding.
"# OBSERVATION

Mission Phase: 1
Last Action : Sleep
Last Action Status: UNKNOWN
Communication Vectors: 
Commvector Blue Agent 0 Message: [0, 0, 0, 0, 0, 0, 0, 0]
Commvector Blue Agent 1 Message: [0, 0, 0, 0, 0, 0, 0, 0]
Commvector Blue Agent 2 Message: [0, 0, 0, 0, 0, 0, 0, 1]
Commvector Blue Agent 3 Message: [0, 0, 0, 0, 0, 0, 0, 0]

 Suspicious Activity Detected: None",Sleep,None,The last action is still in progress and cannot be determined if it was successful.
"# OBSERVATION

Mission Phase: 1
Last Action : Sleep
Last Action Status: UNKNOWN
Communication Vectors: 
Commvector Blue Agent 0 Message: [0, 0, 0, 0, 0, 0, 0, 1]
Commvector Blue Agent 1 Message: [0, 0, 0, 0, 0, 0, 0, 0]
Commvector Blue Agent 2 Message: [0, 0, 0, 0, 0, 0, 0, 0]
Commvector Blue Agent 3 Message: [0, 0, 0, 0, 0, 0, 0, 0]

 Suspicious Activity Detected: None",Sleep,None,The last action is in progress and its status is unknown.
"# OBSERVATION

Mission Phase: 1
Last Action : Sleep
Last Action Status: UNKNOWN
Communication Vectors: 
Commvector Blue Agent 0 Message: [0, 0, 0, 0, 0, 0, 0, 0]
Commvector Blue Agent 1 Message: [0, 0, 0, 0, 0, 0, 0, 1]
Commvector Blue Agent 2 Message: [0, 0, 0, 0, 0, 0, 0, 0]
Commvector Blue Agent 3 Message: [0, 0, 0, 0, 0, 0, 0, 0]

 Suspicious Activity Detected: None",Sleep,None,"The previous action is currently in progress, and no suspicious activity has been detected."
"# OBSERVATION

Mission Phase: 1
Last Action : Sleep
Last Action Status: UNKNOWN
Communication Vectors: 
Commvector Blue Agent 0 Message: [0, 0, 0, 0, 0, 0, 0, 1]
Commvector Blue Agent 1 Message: [0, 0, 0, 0, 0, 0, 0, 1]
Commvector Blue Agent 2 Message: [0, 0, 0, 0, 0, 0, 0, 1]
Commvector Blue Agent 3 Message: [0, 0, 0, 0, 0, 0, 0, 1]

 Suspicious Activity Detected: None",Sleep,None,"The last action's status is UNKNOWN, indicating that action execution is still in progress."
"# OBSERVATION

Mission Phase: 1
Last Action : Sleep
Last Action Status: UNKNOWN
Communication Vectors: 
Commvector Blue Agent 0 Message: [0, 0, 0, 0, 0, 0, 0, 0]
Commvector Blue Agent 1 Message: [0, 0, 0, 0, 0, 0, 0, 0]
Commvector Blue Agent 2 Message: [0, 0, 0, 0, 0, 0, 0, 0]
Commvector Blue Agent 3 Message: [0, 0, 0, 0, 0, 0, 0, 0]

 Suspicious Activity Detected: None",Sleep,None,"Last action status is UNKNOWN, continuing to wait for the previous action to complete."
"# OBSERVATION

Mission Phase: 1
Last Action : Sleep
Last Action Status: UNKNOWN
Communication Vectors: 
Commvector Blue Agent 0 Message: [0, 0, 0, 0, 0, 0, 0, 0]
Commvector Blue Agent 1 Message: [0, 0, 0, 0, 0, 0, 0, 1]
Commvector Blue Agent 2 Message: [0, 0, 0, 0, 0, 0, 0, 1]
Commvector Blue Agent 3 Message: [0, 0, 0, 0, 0, 0, 0, 0]

 Suspicious Activity Detected: None",Sleep,None,"The last action is still in progress, so I need to wait before taking further action."
"# OBSERVATION

Mission Phase: 1
Last Action : Sleep
Last Action Status: UNKNOWN
Communication Vectors: 
Commvector Blue Agent 0 Message: [0, 0, 0, 0, 0, 0, 0, 0]
Commvector Blue Agent 1 Message: [0, 0, 0, 0, 0, 0, 0, 0]
Commvector Blue Agent 2 Message: [0, 0, 0, 0, 0, 0, 0, 0]
Commvector Blue Agent 3 Message: [0, 0, 0, 0, 0, 0, 0, 1]

 Suspicious Activity Detected: None",Sleep,None,Last action is still in progress; waiting for completion.
"# OBSERVATION

Mission Phase: 1
Last Action : Sleep
Last Action Status: UNKNOWN
Communication Vectors: 
Commvector Blue Agent 0 Message: [0, 0, 0, 0, 0, 0, 0, 0]
Commvector Blue Agent 1 Message: [0, 0, 0, 0, 0, 0, 0, 1]
Commvector Blue Agent 2 Message: [0, 0, 1, 0, 0, 1, 0, 1]
Commvector Blue Agent 3 Message: [0, 0, 0, 0, 0, 0, 0, 0]

 Suspicious Activity Detected: None",Sleep,None,Last action was not completed; need to wait.
"# OBSERVATION

Mission Phase: 1
Last Action : Analyse host:admin_network_subnet_user_host_0
Last Action Status: IN_PROGRESS
Communication Vectors: 
Commvector Blue Agent 0 Message: [0, 0, 0, 0, 0, 0, 0, 1]
Commvector Blue Agent 1 Message: [0, 0, 0, 0, 0, 0, 0, 0]
Commvector Blue Agent 2 Message: [0, 0, 0, 0, 0, 0, 0, 0]
Commvector Blue Agent 3 Message: [0, 0, 0, 0, 0, 0, 0, 0]

 Suspicious Activity Detected: None",Sleep,None,"Last action is still in progress, waiting for it to complete."
"# OBSERVATION

Mission Phase: 1
Last Action : Sleep
Last Action Status: UNKNOWN
Communication Vectors: 
Commvector Blue Agent 0 Message: [0, 0, 0, 0, 0, 0, 0, 0]
Commvector Blue Agent 1 Message: [0, 0, 0, 0, 0, 0, 0, 1]
Commvector Blue Agent 2 Message: [0, 0, 0, 0, 0, 0, 0, 1]
Commvector Blue Agent 3 Message: [0, 0, 0, 0, 0, 0, 0, 0]

Suspicious Activity Detected:
- Hostname: admin_network_subnet_user_host_0 | IP: 10.0.196.40",Analyse,host:admin_network_subnet_user_host_0,"Suspicious activity detected on the host, requiring investigation to determine if a red agent is present."
"# OBSERVATION

Mission Phase: 1
Last Action : Sleep
Last Action Status: UNKNOWN
Communication Vectors: 
Commvector Blue Agent 0 Message: [0, 0, 0, 0, 0, 0, 0, 1]
Commvector Blue Agent 1 Message: [0, 0, 0, 0, 0, 0, 0, 0]
Commvector Blue Agent 2 Message: [0, 0, 0, 0, 0, 0, 0, 0]
Commvector Blue Agent 3 Message: [0, 0, 0, 0, 0, 0, 0, 0]

 Suspicious Activity Detected: None",Sleep,None,"The last action is currently in progress, and we need to wait for it to complete."
"# OBSERVATION

Mission Phase: 1
Last Action : Sleep
Last Action Status: UNKNOWN
Communication Vectors: 
Commvector Blue Agent 0 Message: [0, 0, 0, 0, 0, 0, 0, 1]
Commvector Blue Agent 1 Message: [0, 0, 0, 0, 0, 0, 0, 1]
Commvector Blue Agent 2 Message: [0, 0, 0, 0, 0, 0, 0, 1]
Commvector Blue Agent 3 Message: [0, 0, 0, 0, 0, 0, 0, 0]

 Suspicious Activity Detected: None",Sleep,None,The last action is currently in progress and needs to be allowed to complete.
"# OBSERVATION

Mission Phase: 1
Last Action : Sleep
Last Action Status: UNKNOWN
Communication Vectors: 
Commvector Blue Agent 0 Message: [0, 0, 0, 0, 0, 0, 0, 0]
Commvector Blue Agent 1 Message: [0, 0, 0, 0, 0, 0, 0, 0]
Commvector Blue Agent 2 Message: [0, 0, 0, 0, 0, 0, 0, 1]
Commvector Blue Agent 3 Message: [0, 0, 0, 0, 0, 0, 0, 0]

 Suspicious Activity Detected: None",Sleep,None,"The last action is IN_PROGRESS, and further action cannot be taken until it completes."
"# OBSERVATION

Mission Phase: 1
Last Action : Sleep
Last Action Status: UNKNOWN
Communication Vectors: 
Commvector Blue Agent 0 Message: [0, 0, 0, 0, 0, 0, 0, 1]
Commvector Blue Agent 1 Message: [0, 0, 0, 0, 0, 0, 0, 0]
Commvector Blue Agent 2 Message: [0, 0, 0, 0, 0, 0, 0, 0]
Commvector Blue Agent 3 Message: [0, 0, 0, 0, 0, 0, 0, 0]

 Suspicious Activity Detected: None",Sleep,None,The last action is still in progress and remains unknown.
"# OBSERVATION

Mission Phase: 1
Last Action : Sleep
Last Action Status: UNKNOWN
Communication Vectors: 
Commvector Blue Agent 0 Message: [0, 0, 0, 0, 0, 0, 0, 0]
Commvector Blue Agent 1 Message: [0, 0, 0, 0, 0, 0, 0, 1]
Commvector Blue Agent 2 Message: [0, 0, 0, 0, 0, 0, 0, 1]
Commvector Blue Agent 3 Message: [0, 0, 0, 0, 0, 0, 0, 1]

 Suspicious Activity Detected: None",Sleep,None,"Last action status is UNKNOWN and no suspicious activity detected, ensuring readiness for further actions."
"# OBSERVATION

Mission Phase: 1
Last Action : Analyse host:admin_network_subnet_user_host_2
Last Action Status: IN_PROGRESS
Communication Vectors: 
Commvector Blue Agent 0 Message: [1, 0, 0, 0, 0, 1, 0, 1]
Commvector Blue Agent 1 Message: [0, 0, 0, 0, 0, 0, 0, 0]
Commvector Blue Agent 2 Message: [0, 0, 0, 0, 0, 0, 0, 0]
Commvector Blue Agent 3 Message: [0, 0, 0, 0, 0, 0, 0, 0]

 Suspicious Activity Detected: None",Sleep,None,"The last action is still in progress, so I will wait for it to complete."
"# OBSERVATION

Mission Phase: 1
Last Action : Sleep
Last Action Status: UNKNOWN
Communication Vectors: 
Commvector Blue Agent 0 Message: [0, 0, 0, 0, 0, 0, 0, 0]
Commvector Blue Agent 1 Message: [0, 0, 0, 0, 0, 0, 0, 0]
Commvector Blue Agent 2 Message: [0, 0, 0, 0, 0, 0, 0, 0]
Commvector Blue Agent 3 Message: [0, 0, 0, 0, 0, 0, 0, 0]

Suspicious Activity Detected:
- Hostname: admin_network_subnet_user_host_2 | IP: 10.0.196.48",Analyse,host:admin_network_subnet_user_host_2,Suspicious activity detected on the host requires further investigation.
"# OBSERVATION

Mission Phase: 1
Last Action : Sleep
Last Action Status: UNKNOWN
Communication Vectors: 
Commvector Blue Agent 0 Message: [0, 0, 0, 0, 0, 0, 0, 1]
Commvector Blue Agent 1 Message: [0, 0, 0, 0, 0, 0, 0, 0]
Commvector Blue Agent 2 Message: [0, 0, 0, 0, 0, 0, 0, 1]
Commvector Blue Agent 3 Message: [0, 0, 0, 0, 0, 0, 0, 0]

 Suspicious Activity Detected: None",Sleep,None,Last action is still in progress and cannot be interrupted.
"# OBSERVATION

Mission Phase: 1
Last Action : Sleep
Last Action Status: UNKNOWN
Communication Vectors: 
Commvector Blue Agent 0 Message: [0, 0, 0, 0, 0, 0, 0, 0]
Commvector Blue Agent 1 Message: [0, 0, 0, 0, 0, 0, 0, 0]
Commvector Blue Agent 2 Message: [0, 0, 0, 0, 0, 0, 0, 0]
Commvector Blue Agent 3 Message: [0, 0, 0, 0, 0, 0, 0, 1]

 Suspicious Activity Detected: None",Sleep,None,The last action is still in progress and requires no further action at this time.
"# OBSERVATION

Mission Phase: 1
Last Action : Sleep
Last Action Status: UNKNOWN
Communication Vectors: 
Commvector Blue Agent 0 Message: [0, 0, 0, 0, 0, 0, 0, 0]
Commvector Blue Agent 1 Message: [0, 0, 0, 0, 0, 0, 0, 1]
Commvector Blue Agent 2 Message: [0, 0, 0, 0, 0, 0, 0, 1]
Commvector Blue Agent 3 Message: [0, 0, 0, 0, 0, 0, 0, 0]

 Suspicious Activity Detected: None",Sleep,None,Last action is still in progress and cannot be interrupted.
"# OBSERVATION

Mission Phase: 1
Last Action : Sleep
Last Action Status: UNKNOWN
Communication Vectors: 
Commvector Blue Agent 0 Message: [0, 0, 0, 0, 0, 0, 0, 0]
Commvector Blue Agent 1 Message: [0, 0, 0, 0, 0, 0, 0, 0]
Commvector Blue Agent 2 Message: [0, 0, 0, 0, 0, 0, 0, 0]
Commvector Blue Agent 3 Message: [0, 0, 0, 0, 0, 0, 0, 0]

 Suspicious Activity Detected: None",Sleep,None,"Last action status is UNKNOWN; therefore, it is appropriate to wait before taking further action."
"# OBSERVATION

Mission Phase: 1
Last Action : Sleep
Last Action Status: UNKNOWN
Communication Vectors: 
Commvector Blue Agent 0 Message: [0, 0, 0, 0, 0, 0, 0, 0]
Commvector Blue Agent 1 Message: [0, 0, 0, 0, 0, 0, 0, 0]
Commvector Blue Agent 2 Message: [0, 0, 0, 0, 0, 0, 0, 1]
Commvector Blue Agent 3 Message: [0, 0, 0, 0, 0, 0, 0, 1]

 Suspicious Activity Detected: None",Sleep,None,"The last action is still in progress, awaiting confirmation of completion."
"# OBSERVATION

Mission Phase: 1
Last Action : Sleep
Last Action Status: UNKNOWN
Communication Vectors: 
Commvector Blue Agent 0 Message: [0, 0, 0, 0, 0, 0, 0, 0]
Commvector Blue Agent 1 Message: [0, 0, 0, 0, 0, 0, 0, 1]
Commvector Blue Agent 2 Message: [0, 0, 0, 0, 0, 0, 0, 0]
Commvector Blue Agent 3 Message: [0, 0, 0, 0, 0, 0, 0, 0]

 Suspicious Activity Detected: None",Sleep,None,"The last action status is UNKNOWN, so keeping the system in a safe state is prudent."
"# OBSERVATION

Mission Phase: 1
Last Action : Sleep
Last Action Status: UNKNOWN
Communication Vectors: 
Commvector Blue Agent 0 Message: [0, 0, 0, 0, 0, 0, 0, 0]
Commvector Blue Agent 1 Message: [0, 0, 0, 0, 0, 0, 0, 0]
Commvector Blue Agent 2 Message: [0, 0, 0, 0, 0, 0, 0, 1]
Commvector Blue Agent 3 Message: [0, 0, 0, 0, 0, 0, 0, 0]

 Suspicious Activity Detected: None",Sleep,None,Last action is in progress and status is unknown.
"# OBSERVATION

Mission Phase: 1
Last Action : Sleep
Last Action Status: UNKNOWN
Communication Vectors: 
Commvector Blue Agent 0 Message: [0, 0, 0, 0, 0, 0, 0, 1]
Commvector Blue Agent 1 Message: [0, 0, 0, 0, 0, 0, 0, 1]
Commvector Blue Agent 2 Message: [0, 0, 0, 0, 0, 0, 0, 0]
Commvector Blue Agent 3 Message: [0, 0, 0, 0, 0, 0, 0, 0]

 Suspicious Activity Detected: None",Sleep,None,The last action is in progress and its status is unknown.
"# OBSERVATION

Mission Phase: 1
Last Action : Sleep
Last Action Status: UNKNOWN
Communication Vectors: 
Commvector Blue Agent 0 Message: [0, 0, 0, 0, 0, 0, 0, 0]
Commvector Blue Agent 1 Message: [0, 0, 0, 0, 0, 0, 0, 0]
Commvector Blue Agent 2 Message: [0, 0, 0, 0, 0, 0, 0, 1]
Commvector Blue Agent 3 Message: [0, 0, 0, 0, 0, 0, 0, 0]

 Suspicious Activity Detected: None",Sleep,None,The last action is in progress and its status is unknown.
"# OBSERVATION

Mission Phase: 1
Last Action : Sleep
Last Action Status: UNKNOWN
Communication Vectors: 
Commvector Blue Agent 0 Message: [0, 0, 0, 0, 0, 0, 0, 0]
Commvector Blue Agent 1 Message: [0, 0, 0, 0, 0, 0, 0, 0]
Commvector Blue Agent 2 Message: [0, 0, 0, 0, 0, 0, 0, 0]
Commvector Blue Agent 3 Message: [0, 0, 0, 0, 0, 0, 0, 0]

 Suspicious Activity Detected: None",Sleep,None,The last action is currently in progress and its status is unknown.
"# OBSERVATION

Mission Phase: 1
Last Action : Sleep
Last Action Status: UNKNOWN
Communication Vectors: 
Commvector Blue Agent 0 Message: [0, 0, 0, 0, 0, 0, 0, 0]
Commvector Blue Agent 1 Message: [0, 0, 0, 0, 0, 0, 0, 1]
Commvector Blue Agent 2 Message: [0, 0, 0, 0, 0, 0, 0, 1]
Commvector Blue Agent 3 Message: [0, 0, 0, 0, 0, 0, 0, 0]

 Suspicious Activity Detected: None",Sleep,None,Last action is currently in progress and status is unknown.
"# OBSERVATION

Mission Phase: 1
Last Action : Sleep
Last Action Status: UNKNOWN
Communication Vectors: 
Commvector Blue Agent 0 Message: [0, 0, 0, 0, 0, 0, 0, 0]
Commvector Blue Agent 1 Message: [0, 0, 0, 0, 0, 0, 0, 0]
Commvector Blue Agent 2 Message: [0, 0, 0, 0, 0, 0, 0, 0]
Commvector Blue Agent 3 Message: [0, 0, 0, 0, 0, 0, 0, 0]

 Suspicious Activity Detected: None",Sleep,None,"Last action status is UNKNOWN, indicating ongoing processes that require attention."
"# OBSERVATION

Mission Phase: 1
Last Action : Sleep
Last Action Status: UNKNOWN
Communication Vectors: 
Commvector Blue Agent 0 Message: [0, 0, 0, 0, 0, 0, 0, 0]
Commvector Blue Agent 1 Message: [0, 0, 0, 0, 0, 0, 0, 0]
Commvector Blue Agent 2 Message: [0, 0, 0, 0, 0, 0, 0, 1]
Commvector Blue Agent 3 Message: [0, 0, 0, 0, 0, 0, 0, 0]

 Suspicious Activity Detected: None",Sleep,None,The last action is still in progress and further actions cannot be taken.
"# OBSERVATION

Mission Phase: 1
Last Action : Sleep
Last Action Status: UNKNOWN
Communication Vectors: 
Commvector Blue Agent 0 Message: [0, 0, 0, 0, 0, 0, 0, 0]
Commvector Blue Agent 1 Message: [0, 0, 0, 0, 0, 0, 0, 0]
Commvector Blue Agent 2 Message: [0, 0, 0, 0, 0, 0, 0, 0]
Commvector Blue Agent 3 Message: [0, 0, 0, 0, 0, 0, 0, 0]

 Suspicious Activity Detected: None",Sleep,None,The last action is currently in progress and needs to be completed.
"# OBSERVATION

Mission Phase: 1
Last Action : Sleep
Last Action Status: UNKNOWN
Communication Vectors: 
Commvector Blue Agent 0 Message: [0, 0, 0, 0, 0, 0, 0, 1]
Commvector Blue Agent 1 Message: [0, 0, 0, 0, 0, 0, 0, 1]
Commvector Blue Agent 2 Message: [0, 0, 0, 0, 0, 0, 0, 1]
Commvector Blue Agent 3 Message: [0, 0, 0, 0, 0, 0, 0, 1]

 Suspicious Activity Detected: None",Sleep,None,"The last action is still in progress, indicating that I need to wait."
"# OBSERVATION

Mission Phase: 1
Last Action : Sleep
Last Action Status: UNKNOWN
Communication Vectors: 
Commvector Blue Agent 0 Message: [0, 0, 0, 0, 0, 0, 0, 0]
Commvector Blue Agent 1 Message: [0, 0, 0, 0, 0, 0, 0, 0]
Commvector Blue Agent 2 Message: [0, 0, 0, 0, 0, 0, 0, 0]
Commvector Blue Agent 3 Message: [0, 0, 0, 0, 0, 0, 0, 0]

Suspicious Activity Detected:
- Hostname: public_access_zone_subnet_server_host_3 | IP: 10.0.148.34 | INFO: Connection to 10.0.78.251 | INFO: Connection to 10.0.78.251",Sleep,None,"Last action status is UNKNOWN, indicating that it is still in progress."
"# OBSERVATION

Mission Phase: 1
Last Action : Sleep
Last Action Status: UNKNOWN
Communication Vectors: 
Commvector Blue Agent 0 Message: [0, 0, 0, 0, 0, 0, 0, 0]
Commvector Blue Agent 1 Message: [0, 0, 0, 0, 0, 0, 0, 1]
Commvector Blue Agent 2 Message: [0, 0, 0, 0, 0, 0, 0, 1]
Commvector Blue Agent 3 Message: [0, 0, 0, 0, 0, 0, 0, 0]

 Suspicious Activity Detected: None",Sleep,None,"Last action status is UNKNOWN, continuing to wait for the action to complete."
"# OBSERVATION

Mission Phase: 1
Last Action : Sleep
Last Action Status: UNKNOWN
Communication Vectors: 
Commvector Blue Agent 0 Message: [0, 0, 0, 0, 0, 0, 0, 0]
Commvector Blue Agent 1 Message: [0, 0, 0, 0, 0, 0, 0, 0]
Commvector Blue Agent 2 Message: [0, 0, 0, 0, 0, 0, 0, 0]
Commvector Blue Agent 3 Message: [0, 0, 0, 0, 0, 0, 0, 0]

 Suspicious Activity Detected: None",Sleep,None,"The last action is in progress, and no suspicious activity has been detected."
"# OBSERVATION

Mission Phase: 1
Last Action : Sleep
Last Action Status: UNKNOWN
Communication Vectors: 
Commvector Blue Agent 0 Message: [0, 0, 0, 0, 0, 0, 0, 1]
Commvector Blue Agent 1 Message: [0, 0, 0, 0, 0, 0, 0, 1]
Commvector Blue Agent 2 Message: [0, 0, 0, 0, 0, 0, 0, 1]
Commvector Blue Agent 3 Message: [0, 0, 0, 0, 0, 0, 0, 1]

 Suspicious Activity Detected: None",Sleep,None,"The last action status is UNKNOWN, indicating the previous action is still in progress."
"# OBSERVATION

Mission Phase: 1
Last Action : Sleep
Last Action Status: UNKNOWN
Communication Vectors: 
Commvector Blue Agent 0 Message: [0, 0, 0, 0, 0, 0, 0, 1]
Commvector Blue Agent 1 Message: [0, 0, 0, 0, 0, 0, 0, 0]
Commvector Blue Agent 2 Message: [0, 0, 0, 0, 0, 0, 0, 0]
Commvector Blue Agent 3 Message: [0, 0, 0, 0, 0, 0, 0, 0]

 Suspicious Activity Detected: None",Sleep,None,"The last action status is unknown, indicating that the previous action is still in progress."
"# OBSERVATION

Mission Phase: 1
Last Action : Sleep
Last Action Status: UNKNOWN
Communication Vectors: 
Commvector Blue Agent 0 Message: [0, 0, 0, 0, 0, 0, 0, 0]
Commvector Blue Agent 1 Message: [0, 0, 0, 0, 0, 0, 0, 1]
Commvector Blue Agent 2 Message: [0, 0, 0, 0, 0, 0, 0, 0]
Commvector Blue Agent 3 Message: [0, 0, 0, 0, 0, 0, 0, 1]

 Suspicious Activity Detected: None",Sleep,None,"The last action is currently in progress and unknown, so I will wait."
"# OBSERVATION

Mission Phase: 1
Last Action : Sleep
Last Action Status: UNKNOWN
Communication Vectors: 
Commvector Blue Agent 0 Message: [0, 0, 0, 0, 0, 0, 0, 0]
Commvector Blue Agent 1 Message: [0, 0, 0, 0, 0, 0, 0, 0]
Commvector Blue Agent 2 Message: [0, 0, 0, 0, 0, 0, 0, 1]
Commvector Blue Agent 3 Message: [0, 0, 0, 0, 0, 0, 0, 0]

 Suspicious Activity Detected: None",Sleep,None,"The last action is still in progress, so no further actions can be taken at this moment."
"# OBSERVATION

Mission Phase: 1
Last Action : Sleep
Last Action Status: UNKNOWN
Communication Vectors: 
Commvector Blue Agent 0 Message: [0, 0, 0, 0, 0, 0, 0, 0]
Commvector Blue Agent 1 Message: [0, 0, 0, 0, 0, 0, 0, 0]
Commvector Blue Agent 2 Message: [0, 0, 0, 0, 0, 0, 0, 0]
Commvector Blue Agent 3 Message: [0, 0, 0, 0, 0, 0, 0, 0]

 Suspicious Activity Detected: None",Sleep,None,"The last action is still in progress, and no suspicious activity has been detected."
"# OBSERVATION

Mission Phase: 1
Last Action : Sleep
Last Action Status: UNKNOWN
Communication Vectors: 
Commvector Blue Agent 0 Message: [0, 0, 0, 0, 0, 0, 0, 1]
Commvector Blue Agent 1 Message: [0, 0, 0, 0, 0, 0, 0, 1]
Commvector Blue Agent 2 Message: [0, 0, 0, 0, 0, 0, 0, 0]
Commvector Blue Agent 3 Message: [0, 0, 0, 0, 0, 0, 0, 1]

 Suspicious Activity Detected: None",Sleep,None,"Last action status is UNKNOWN, indicating ongoing processes."
"# OBSERVATION

Mission Phase: 1
Last Action : Sleep
Last Action Status: UNKNOWN
Communication Vectors: 
Commvector Blue Agent 0 Message: [0, 0, 0, 0, 0, 0, 0, 0]
Commvector Blue Agent 1 Message: [0, 0, 0, 0, 0, 0, 0, 0]
Commvector Blue Agent 2 Message: [0, 0, 0, 0, 0, 0, 0, 1]
Commvector Blue Agent 3 Message: [0, 0, 0, 0, 0, 0, 0, 0]

 Suspicious Activity Detected: None",Sleep,None,The previous action is still in progress and its status is unknown.
"# OBSERVATION

Mission Phase: 1
Last Action : Sleep
Last Action Status: UNKNOWN
Communication Vectors: 
Commvector Blue Agent 0 Message: [0, 0, 0, 0, 0, 0, 0, 0]
Commvector Blue Agent 1 Message: [0, 0, 0, 0, 0, 0, 0, 0]
Commvector Blue Agent 2 Message: [0, 0, 1, 0, 0, 1, 0, 0]
Commvector Blue Agent 3 Message: [0, 0, 0, 0, 0, 0, 0, 0]

 Suspicious Activity Detected: None",Sleep,None,Waiting for the previous action to complete as its status is UNKNOWN.
"# OBSERVATION

Mission Phase: 1
Last Action : Sleep
Last Action Status: UNKNOWN
Communication Vectors: 
Commvector Blue Agent 0 Message: [0, 0, 0, 0, 0, 0, 0, 1]
Commvector Blue Agent 1 Message: [0, 0, 0, 0, 0, 0, 0, 1]
Commvector Blue Agent 2 Message: [0, 0, 0, 0, 0, 0, 0, 1]
Commvector Blue Agent 3 Message: [0, 0, 0, 0, 0, 0, 0, 0]

 Suspicious Activity Detected: None",Sleep,None,Action status is IN_PROGRESS and cannot be interrupted.
"# OBSERVATION

Mission Phase: 1
Last Action : Sleep
Last Action Status: UNKNOWN
Communication Vectors: 
Commvector Blue Agent 0 Message: [0, 0, 0, 0, 0, 0, 0, 1]
Commvector Blue Agent 1 Message: [0, 0, 0, 0, 0, 0, 0, 0]
Commvector Blue Agent 2 Message: [0, 0, 0, 0, 0, 0, 0, 0]
Commvector Blue Agent 3 Message: [0, 0, 0, 0, 0, 0, 0, 0]

 Suspicious Activity Detected: None",Sleep,None,"The last action is still in progress, and no suspicious activity has been detected."
"# OBSERVATION

Mission Phase: 1
Last Action : Sleep
Last Action Status: UNKNOWN
Communication Vectors: 
Commvector Blue Agent 0 Message: [0, 0, 0, 0, 0, 0, 0, 0]
Commvector Blue Agent 1 Message: [0, 0, 0, 0, 0, 0, 0, 1]
Commvector Blue Agent 2 Message: [0, 0, 0, 0, 0, 0, 0, 1]
Commvector Blue Agent 3 Message: [0, 0, 0, 0, 0, 0, 0, 0]

 Suspicious Activity Detected: None",Sleep,None,"The last action is in progress, and no other suspicious activity has been detected."
"# OBSERVATION

Mission Phase: 1
Last Action : Sleep
Last Action Status: UNKNOWN
Communication Vectors: 
Commvector Blue Agent 0 Message: [0, 0, 0, 0, 0, 0, 0, 0]
Commvector Blue Agent 1 Message: [0, 0, 0, 0, 0, 0, 0, 0]
Commvector Blue Agent 2 Message: [0, 0, 0, 0, 0, 0, 0, 0]
Commvector Blue Agent 3 Message: [0, 0, 0, 0, 0, 0, 0, 0]

 Suspicious Activity Detected: None",Sleep,None,Last action status is UNKNOWN and no suspicious activity detected.
"# OBSERVATION

Mission Phase: 1
Last Action : Analyse host:office_network_subnet_user_host_3
Last Action Status: IN_PROGRESS
Communication Vectors: 
Commvector Blue Agent 0 Message: [0, 0, 0, 0, 0, 0, 0, 1]
Commvector Blue Agent 1 Message: [0, 0, 0, 0, 0, 0, 0, 0]
Commvector Blue Agent 2 Message: [0, 0, 0, 0, 0, 0, 0, 1]
Commvector Blue Agent 3 Message: [0, 0, 0, 0, 0, 0, 0, 0]

 Suspicious Activity Detected: None",Sleep,None,"The last action is still IN_PROGRESS, so I will wait until it completes."
"# OBSERVATION

Mission Phase: 1
Last Action : Sleep
Last Action Status: UNKNOWN
Communication Vectors: 
Commvector Blue Agent 0 Message: [0, 0, 0, 0, 0, 0, 0, 0]
Commvector Blue Agent 1 Message: [0, 0, 0, 0, 0, 0, 0, 1]
Commvector Blue Agent 2 Message: [0, 0, 0, 0, 0, 0, 0, 0]
Commvector Blue Agent 3 Message: [0, 0, 0, 0, 0, 0, 0, 0]

Suspicious Activity Detected:
- Hostname: office_network_subnet_user_host_3 | IP: 10.0.202.168",Analyse,host:office_network_subnet_user_host_3,Suspicious activity detected on the host that requires further investigation.
"# OBSERVATION

Mission Phase: 1
Last Action : Sleep
Last Action Status: UNKNOWN
Communication Vectors: 
Commvector Blue Agent 0 Message: [0, 0, 0, 0, 0, 0, 0, 1]
Commvector Blue Agent 1 Message: [0, 0, 0, 0, 0, 0, 0, 0]
Commvector Blue Agent 2 Message: [0, 0, 0, 0, 0, 0, 0, 1]
Commvector Blue Agent 3 Message: [0, 0, 0, 0, 0, 0, 0, 0]

 Suspicious Activity Detected: None",Sleep,None,"The last action is still in progress, and no suspicious activity is detected."
"# OBSERVATION

Mission Phase: 1
Last Action : Sleep
Last Action Status: UNKNOWN
Communication Vectors: 
Commvector Blue Agent 0 Message: [0, 0, 0, 0, 0, 0, 0, 0]
Commvector Blue Agent 1 Message: [0, 0, 0, 0, 0, 0, 0, 0]
Commvector Blue Agent 2 Message: [0, 0, 0, 0, 0, 0, 0, 0]
Commvector Blue Agent 3 Message: [0, 0, 0, 0, 0, 0, 0, 0]

 Suspicious Activity Detected: None",Sleep,None,"The last action status is UNKNOWN, indicating that I should remain inactive until the previous action completes."
"# OBSERVATION

Mission Phase: 1
Last Action : Sleep
Last Action Status: UNKNOWN
Communication Vectors: 
Commvector Blue Agent 0 Message: [0, 0, 0, 0, 0, 0, 0, 0]
Commvector Blue Agent 1 Message: [0, 0, 0, 0, 0, 0, 0, 0]
Commvector Blue Agent 2 Message: [0, 0, 0, 0, 0, 0, 0, 1]
Commvector Blue Agent 3 Message: [0, 0, 0, 0, 0, 0, 0, 0]

 Suspicious Activity Detected: None",Sleep,None,"The last action is still in progress, and no suspicious activity has been detected in the network."
"# OBSERVATION

Mission Phase: 1
Last Action : Sleep
Last Action Status: UNKNOWN
Communication Vectors: 
Commvector Blue Agent 0 Message: [1, 0, 0, 0, 0, 1, 0, 0]
Commvector Blue Agent 1 Message: [0, 0, 0, 0, 0, 0, 0, 1]
Commvector Blue Agent 2 Message: [0, 0, 0, 0, 0, 0, 0, 0]
Commvector Blue Agent 3 Message: [0, 0, 0, 0, 0, 0, 0, 0]

 Suspicious Activity Detected: None",Sleep,None,"Last action status is UNKNOWN, indicating ongoing processes that should be allowed to complete."
"# OBSERVATION

Mission Phase: 1
Last Action : Sleep
Last Action Status: UNKNOWN
Communication Vectors: 
Commvector Blue Agent 0 Message: [0, 0, 0, 0, 0, 0, 0, 1]
Commvector Blue Agent 1 Message: [0, 0, 0, 0, 0, 0, 0, 0]
Commvector Blue Agent 2 Message: [0, 0, 1, 0, 0, 1, 0, 1]
Commvector Blue Agent 3 Message: [0, 0, 0, 0, 0, 0, 0, 1]

 Suspicious Activity Detected: None",Sleep,None,The last action is in progress and its status is unknown.
"# OBSERVATION

Mission Phase: 1
Last Action : Sleep
Last Action Status: UNKNOWN
Communication Vectors: 
Commvector Blue Agent 0 Message: [0, 0, 0, 0, 0, 0, 0, 0]
Commvector Blue Agent 1 Message: [0, 0, 0, 0, 0, 0, 0, 0]
Commvector Blue Agent 2 Message: [0, 0, 0, 0, 0, 0, 0, 0]
Commvector Blue Agent 3 Message: [0, 0, 0, 0, 0, 0, 0, 0]

 Suspicious Activity Detected: None",Sleep,None,"The last action status is UNKNOWN, indicating that action processing is still ongoing."
"# OBSERVATION

Mission Phase: 1
Last Action : Sleep
Last Action Status: UNKNOWN
Communication Vectors: 
Commvector Blue Agent 0 Message: [0, 0, 0, 0, 0, 0, 0, 1]
Commvector Blue Agent 1 Message: [0, 0, 0, 0, 0, 0, 0, 1]
Commvector Blue Agent 2 Message: [0, 0, 0, 0, 0, 0, 0, 1]
Commvector Blue Agent 3 Message: [0, 0, 0, 0, 0, 0, 0, 0]

 Suspicious Activity Detected: None",Sleep,None,The last action is still in progress.
"# OBSERVATION

Mission Phase: 1
Last Action : Sleep
Last Action Status: UNKNOWN
Communication Vectors: 
Commvector Blue Agent 0 Message: [0, 0, 0, 0, 0, 0, 0, 0]
Commvector Blue Agent 1 Message: [0, 0, 0, 0, 0, 0, 0, 1]
Commvector Blue Agent 2 Message: [0, 0, 0, 0, 0, 0, 0, 0]
Commvector Blue Agent 3 Message: [0, 0, 0, 0, 0, 0, 0, 0]

 Suspicious Activity Detected: None",Sleep,None,"Last action status is UNKNOWN, waiting for ongoing action to complete."
"# OBSERVATION

Mission Phase: 1
Last Action : Sleep
Last Action Status: UNKNOWN
Communication Vectors: 
Commvector Blue Agent 0 Message: [0, 0, 0, 0, 0, 0, 0, 1]
Commvector Blue Agent 1 Message: [0, 0, 0, 0, 0, 0, 0, 0]
Commvector Blue Agent 2 Message: [0, 0, 0, 0, 0, 0, 0, 1]
Commvector Blue Agent 3 Message: [0, 0, 0, 0, 0, 0, 0, 1]

 Suspicious Activity Detected: None",Sleep,None,"The last action was not completed yet, and it's important to wait for its status before executing further actions."
"# OBSERVATION

Mission Phase: 1
Last Action : Sleep
Last Action Status: UNKNOWN
Communication Vectors: 
Commvector Blue Agent 0 Message: [0, 0, 0, 0, 0, 0, 0, 0]
Commvector Blue Agent 1 Message: [0, 0, 0, 0, 0, 0, 0, 1]
Commvector Blue Agent 2 Message: [0, 0, 0, 0, 0, 0, 0, 0]
Commvector Blue Agent 3 Message: [0, 0, 0, 0, 0, 0, 0, 0]

 Suspicious Activity Detected: None",Sleep,None,"Previous action status is UNKNOWN, maintaining current state is necessary."
"# OBSERVATION

Mission Phase: 1
Last Action : Analyse host:office_network_subnet_server_host_2
Last Action Status: IN_PROGRESS
Communication Vectors: 
Commvector Blue Agent 0 Message: [0, 0, 0, 0, 0, 0, 0, 1]
Commvector Blue Agent 1 Message: [0, 0, 0, 0, 0, 0, 0, 1]
Commvector Blue Agent 2 Message: [0, 0, 0, 0, 0, 0, 0, 1]
Commvector Blue Agent 3 Message: [0, 0, 0, 0, 0, 0, 0, 0]

 Suspicious Activity Detected: None",Sleep,None,The last action is still in progress and needs more time to complete.
"# OBSERVATION

Mission Phase: 1
Last Action : Sleep
Last Action Status: UNKNOWN
Communication Vectors: 
Commvector Blue Agent 0 Message: [0, 0, 0, 0, 0, 0, 0, 0]
Commvector Blue Agent 1 Message: [0, 0, 0, 0, 0, 0, 0, 0]
Commvector Blue Agent 2 Message: [0, 0, 0, 0, 0, 0, 0, 0]
Commvector Blue Agent 3 Message: [0, 0, 0, 0, 0, 0, 0, 0]

Suspicious Activity Detected:
- Hostname: office_network_subnet_server_host_2 | IP: 10.0.184.132 | INFO: Connection to 10.0.202.252 | INFO: Connection to 10.0.202.252",Analyse,host:office_network_subnet_server_host_2,"Suspicious connections detected, requires further investigation to determine if there are any red agents active on the host."
"# OBSERVATION

Mission Phase: 1
Last Action : Sleep
Last Action Status: UNKNOWN
Communication Vectors: 
Commvector Blue Agent 0 Message: [0, 0, 0, 0, 0, 0, 0, 0]
Commvector Blue Agent 1 Message: [0, 0, 0, 0, 0, 0, 0, 1]
Commvector Blue Agent 2 Message: [0, 0, 0, 0, 0, 0, 0, 1]
Commvector Blue Agent 3 Message: [0, 0, 0, 0, 0, 0, 0, 0]

 Suspicious Activity Detected: None",Sleep,None,"Current action status is UNKNOWN, indicating a pending process that needs to be allowed to complete."
"# OBSERVATION

Mission Phase: 1
Last Action : Analyse host:public_access_zone_subnet_user_host_1
Last Action Status: IN_PROGRESS
Communication Vectors: 
Commvector Blue Agent 0 Message: [0, 0, 0, 0, 0, 0, 0, 0]
Commvector Blue Agent 1 Message: [0, 0, 0, 0, 0, 0, 0, 0]
Commvector Blue Agent 2 Message: [0, 0, 0, 0, 0, 0, 0, 0]
Commvector Blue Agent 3 Message: [0, 0, 0, 0, 0, 0, 0, 0]

 Suspicious Activity Detected: None",Sleep,None,The previous analysis action is still in progress.
"# OBSERVATION

Mission Phase: 1
Last Action : Sleep
Last Action Status: UNKNOWN
Communication Vectors: 
Commvector Blue Agent 0 Message: [0, 0, 0, 0, 0, 0, 0, 0]
Commvector Blue Agent 1 Message: [0, 0, 0, 0, 0, 0, 0, 1]
Commvector Blue Agent 2 Message: [0, 0, 0, 0, 0, 0, 0, 1]
Commvector Blue Agent 3 Message: [0, 0, 0, 0, 0, 0, 0, 0]

Suspicious Activity Detected:
- Hostname: public_access_zone_subnet_user_host_1 | IP: 10.0.78.237",Analyse,host:public_access_zone_subnet_user_host_1,"Suspicious activity detected on the host, requiring further investigation."
"# OBSERVATION

Mission Phase: 1
Last Action : Sleep
Last Action Status: UNKNOWN
Communication Vectors: 
Commvector Blue Agent 0 Message: [0, 0, 0, 0, 0, 0, 0, 1]
Commvector Blue Agent 1 Message: [0, 0, 0, 0, 0, 0, 0, 0]
Commvector Blue Agent 2 Message: [0, 0, 0, 0, 0, 0, 0, 0]
Commvector Blue Agent 3 Message: [0, 0, 0, 0, 0, 0, 0, 0]

 Suspicious Activity Detected: None",Sleep,None,"The last action status is unknown, indicating that action execution is still in progress."
"# OBSERVATION

Mission Phase: 1
Last Action : Sleep
Last Action Status: UNKNOWN
Communication Vectors: 
Commvector Blue Agent 0 Message: [0, 0, 0, 0, 0, 0, 0, 0]
Commvector Blue Agent 1 Message: [0, 0, 0, 0, 0, 0, 0, 1]
Commvector Blue Agent 2 Message: [0, 0, 0, 0, 0, 0, 0, 1]
Commvector Blue Agent 3 Message: [0, 0, 0, 0, 0, 0, 0, 0]

Suspicious Activity Detected:
- Hostname: office_network_subnet_server_host_2 | IP: 10.0.184.118 | INFO: Connection to 10.0.202.252 | INFO: Connection to 10.0.202.252",Sleep,None,Last action is still in progress and the status is unknown.
"# OBSERVATION

Mission Phase: 1
Last Action : Sleep
Last Action Status: UNKNOWN
Communication Vectors: 
Commvector Blue Agent 0 Message: [0, 0, 0, 0, 0, 0, 0, 1]
Commvector Blue Agent 1 Message: [0, 0, 0, 0, 0, 0, 0, 0]
Commvector Blue Agent 2 Message: [0, 0, 0, 0, 0, 0, 0, 0]
Commvector Blue Agent 3 Message: [0, 0, 0, 0, 0, 0, 0, 0]

 Suspicious Activity Detected: None",Sleep,None,The last action is still in progress and needs to be completed before taking further action.
"# OBSERVATION

Mission Phase: 1
Last Action : Sleep
Last Action Status: UNKNOWN
Communication Vectors: 
Commvector Blue Agent 0 Message: [0, 0, 0, 0, 0, 0, 0, 0]
Commvector Blue Agent 1 Message: [0, 0, 0, 0, 0, 0, 0, 1]
Commvector Blue Agent 2 Message: [0, 0, 1, 0, 0, 1, 0, 1]
Commvector Blue Agent 3 Message: [0, 0, 0, 0, 0, 0, 0, 0]

Suspicious Activity Detected:
- Hostname: public_access_zone_subnet_server_host_0 | IP: 10.0.78.237 | INFO: Connection to 10.0.78.254 | INFO: Connection to 10.0.78.254",Sleep,None,"Last action status is UNKNOWN, waiting for ongoing actions to complete."
"# OBSERVATION

Mission Phase: 1
Last Action : Sleep
Last Action Status: UNKNOWN
Communication Vectors: 
Commvector Blue Agent 0 Message: [0, 0, 0, 0, 0, 0, 0, 1]
Commvector Blue Agent 1 Message: [0, 0, 0, 0, 0, 0, 0, 0]
Commvector Blue Agent 2 Message: [0, 0, 0, 0, 0, 0, 0, 0]
Commvector Blue Agent 3 Message: [0, 0, 0, 0, 0, 0, 0, 0]

 Suspicious Activity Detected: None",Sleep,None,"Last action status is UNKNOWN, indicating that the previous action is still in progress."
"# OBSERVATION

Mission Phase: 1
Last Action : Sleep
Last Action Status: UNKNOWN
Communication Vectors: 
Commvector Blue Agent 0 Message: [0, 0, 0, 0, 0, 0, 0, 0]
Commvector Blue Agent 1 Message: [0, 1, 0, 0, 0, 1, 0, 0]
Commvector Blue Agent 2 Message: [0, 0, 0, 0, 0, 0, 0, 1]
Commvector Blue Agent 3 Message: [0, 0, 0, 0, 0, 0, 0, 0]

 Suspicious Activity Detected: None",Sleep,None,"The last action is still in progress and we cannot determine its outcome, so we need to wait."
"# OBSERVATION

Mission Phase: 1
Last Action : Sleep
Last Action Status: UNKNOWN
Communication Vectors: 
Commvector Blue Agent 0 Message: [0, 0, 0, 0, 0, 0, 0, 0]
Commvector Blue Agent 1 Message: [0, 0, 0, 0, 0, 0, 0, 0]
Commvector Blue Agent 2 Message: [0, 0, 0, 0, 0, 0, 0, 0]
Commvector Blue Agent 3 Message: [0, 0, 0, 0, 0, 0, 0, 0]

 Suspicious Activity Detected: None",Sleep,None,Last action status is unknown; waiting for ongoing action completion.
"# OBSERVATION

Mission Phase: 1
Last Action : Sleep
Last Action Status: UNKNOWN
Communication Vectors: 
Commvector Blue Agent 0 Message: [0, 0, 0, 0, 0, 0, 0, 0]
Commvector Blue Agent 1 Message: [0, 0, 0, 0, 0, 0, 0, 0]
Commvector Blue Agent 2 Message: [0, 0, 0, 0, 0, 0, 0, 1]
Commvector Blue Agent 3 Message: [0, 0, 0, 0, 0, 0, 0, 0]

 Suspicious Activity Detected: None",Sleep,None,The last action is still in progress and I cannot determine its success.
"# OBSERVATION

Mission Phase: 1
Last Action : Sleep
Last Action Status: UNKNOWN
Communication Vectors: 
Commvector Blue Agent 0 Message: [0, 0, 0, 0, 0, 0, 0, 1]
Commvector Blue Agent 1 Message: [0, 0, 0, 0, 0, 0, 0, 0]
Commvector Blue Agent 2 Message: [0, 0, 0, 0, 0, 0, 0, 0]
Commvector Blue Agent 3 Message: [0, 0, 0, 0, 0, 0, 0, 0]

 Suspicious Activity Detected: None",Sleep,None,The last action is currently in progress and there is no suspicious activity detected.
"# OBSERVATION

Mission Phase: 1
Last Action : Analyse host:office_network_subnet_user_host_6
Last Action Status: IN_PROGRESS
Communication Vectors: 
Commvector Blue Agent 0 Message: [0, 0, 0, 0, 0, 0, 0, 0]
Commvector Blue Agent 1 Message: [0, 0, 0, 0, 0, 0, 0, 1]
Commvector Blue Agent 2 Message: [0, 0, 0, 0, 0, 0, 0, 1]
Commvector Blue Agent 3 Message: [0, 0, 0, 0, 0, 0, 0, 1]

Suspicious Activity Detected:
- Hostname: office_network_subnet_server_host_1 | IP: 10.0.5.5 | INFO: Connection to 10.0.202.253 | INFO: Connection to 10.0.202.253",Sleep,None,"Last action is still in progress, so no further actions can be taken at this time."
"# OBSERVATION

Mission Phase: 1
Last Action : Sleep
Last Action Status: UNKNOWN
Communication Vectors: 
Commvector Blue Agent 0 Message: [0, 0, 0, 0, 0, 0, 0, 0]
Commvector Blue Agent 1 Message: [0, 0, 0, 0, 0, 0, 0, 0]
Commvector Blue Agent 2 Message: [0, 0, 0, 0, 0, 0, 0, 0]
Commvector Blue Agent 3 Message: [0, 0, 0, 0, 0, 0, 0, 0]

Suspicious Activity Detected:
- Hostname: office_network_subnet_user_host_6 | IP: 10.0.202.100",Analyse,host:office_network_subnet_user_host_6,"Suspicious activity detected on the host, requiring further investigation."
"# OBSERVATION

Mission Phase: 1
Last Action : Sleep
Last Action Status: UNKNOWN
Communication Vectors: 
Commvector Blue Agent 0 Message: [0, 0, 0, 0, 0, 0, 0, 1]
Commvector Blue Agent 1 Message: [0, 0, 0, 0, 0, 0, 0, 0]
Commvector Blue Agent 2 Message: [0, 0, 0, 0, 0, 0, 0, 1]
Commvector Blue Agent 3 Message: [0, 0, 0, 0, 0, 0, 0, 1]

 Suspicious Activity Detected: None",Sleep,None,"The last action is currently in progress, and further actions cannot be taken until it is completed."
"# OBSERVATION

Mission Phase: 1
Last Action : Sleep
Last Action Status: UNKNOWN
Communication Vectors: 
Commvector Blue Agent 0 Message: [0, 0, 0, 0, 0, 0, 0, 0]
Commvector Blue Agent 1 Message: [0, 0, 0, 0, 0, 0, 0, 1]
Commvector Blue Agent 2 Message: [0, 0, 0, 0, 0, 0, 0, 0]
Commvector Blue Agent 3 Message: [0, 0, 0, 0, 0, 0, 0, 1]

 Suspicious Activity Detected: None",Sleep,None,The last action is in progress and its status is unknown.
"# OBSERVATION

Mission Phase: 1
Last Action : Sleep
Last Action Status: UNKNOWN
Communication Vectors: 
Commvector Blue Agent 0 Message: [0, 0, 0, 0, 0, 0, 0, 1]
Commvector Blue Agent 1 Message: [0, 1, 0, 0, 0, 1, 0, 0]
Commvector Blue Agent 2 Message: [0, 0, 0, 0, 0, 0, 0, 1]
Commvector Blue Agent 3 Message: [0, 0, 0, 0, 0, 0, 0, 0]

 Suspicious Activity Detected: None",Sleep,None,The last action status is UNKNOWN and no suspicious activity has been detected.
"# OBSERVATION

Mission Phase: 1
Last Action : Sleep
Last Action Status: UNKNOWN
Communication Vectors: 
Commvector Blue Agent 0 Message: [0, 0, 0, 0, 0, 0, 0, 1]
Commvector Blue Agent 1 Message: [0, 0, 0, 0, 0, 0, 0, 1]
Commvector Blue Agent 2 Message: [0, 0, 0, 0, 0, 0, 0, 0]
Commvector Blue Agent 3 Message: [0, 0, 0, 0, 0, 0, 0, 0]

 Suspicious Activity Detected: None",Sleep,None,The last action is still in progress and requires additional time to complete.
"# OBSERVATION

Mission Phase: 1
Last Action : Sleep
Last Action Status: UNKNOWN
Communication Vectors: 
Commvector Blue Agent 0 Message: [0, 0, 0, 0, 0, 0, 0, 0]
Commvector Blue Agent 1 Message: [0, 0, 0, 0, 0, 0, 0, 0]
Commvector Blue Agent 2 Message: [0, 0, 0, 0, 0, 0, 0, 1]
Commvector Blue Agent 3 Message: [0, 0, 0, 0, 0, 0, 0, 1]

 Suspicious Activity Detected: None",Sleep,None,"Last action status is UNKNOWN, continuing to wait for action completion."
"# OBSERVATION

Mission Phase: 1
Last Action : Sleep
Last Action Status: UNKNOWN
Communication Vectors: 
Commvector Blue Agent 0 Message: [0, 0, 0, 0, 0, 0, 0, 0]
Commvector Blue Agent 1 Message: [0, 0, 0, 0, 0, 0, 0, 0]
Commvector Blue Agent 2 Message: [0, 0, 0, 0, 0, 0, 0, 0]
Commvector Blue Agent 3 Message: [0, 0, 0, 0, 0, 0, 0, 0]

 Suspicious Activity Detected: None",Sleep,None,Last action status is unknown; continuing to wait for action completion.
"# OBSERVATION

Mission Phase: 1
Last Action : Sleep
Last Action Status: UNKNOWN
Communication Vectors: 
Commvector Blue Agent 0 Message: [0, 0, 0, 0, 0, 0, 0, 1]
Commvector Blue Agent 1 Message: [0, 0, 0, 0, 0, 0, 0, 0]
Commvector Blue Agent 2 Message: [0, 0, 0, 0, 0, 0, 0, 0]
Commvector Blue Agent 3 Message: [0, 0, 0, 0, 0, 0, 0, 0]

 Suspicious Activity Detected: None",Sleep,None,"The last action status is UNKNOWN, indicating that no further action can be taken until the current action is completed."
"# OBSERVATION

Mission Phase: 1
Last Action : Sleep
Last Action Status: UNKNOWN
Communication Vectors: 
Commvector Blue Agent 0 Message: [0, 0, 0, 0, 0, 0, 0, 0]
Commvector Blue Agent 1 Message: [0, 0, 0, 0, 0, 0, 0, 0]
Commvector Blue Agent 2 Message: [0, 0, 0, 0, 0, 0, 0, 1]
Commvector Blue Agent 3 Message: [0, 0, 0, 0, 0, 0, 0, 0]

 Suspicious Activity Detected: None",Sleep,None,"The last action status is UNKNOWN, indicating that I should wait for the completion of the previous action."
"# OBSERVATION

Mission Phase: 1
Last Action : Sleep
Last Action Status: UNKNOWN
Communication Vectors: 
Commvector Blue Agent 0 Message: [0, 0, 0, 0, 0, 0, 0, 1]
Commvector Blue Agent 1 Message: [0, 0, 0, 0, 0, 0, 0, 0]
Commvector Blue Agent 2 Message: [0, 0, 0, 0, 0, 0, 0, 0]
Commvector Blue Agent 3 Message: [0, 0, 0, 0, 0, 0, 0, 1]

Suspicious Activity Detected:
- Hostname: public_access_zone_subnet_server_host_1 | IP: 10.0.184.118 | INFO: Connection to 10.0.78.253 | INFO: Connection to 10.0.78.253",Sleep,None,"Last action status is UNKNOWN, and the system is in a low-priority phase."
"# OBSERVATION

Mission Phase: 1
Last Action : Sleep
Last Action Status: UNKNOWN
Communication Vectors: 
Commvector Blue Agent 0 Message: [0, 0, 0, 0, 0, 0, 0, 1]
Commvector Blue Agent 1 Message: [0, 0, 0, 0, 0, 0, 0, 1]
Commvector Blue Agent 2 Message: [0, 0, 0, 0, 0, 0, 0, 1]
Commvector Blue Agent 3 Message: [0, 0, 0, 0, 0, 0, 0, 0]

 Suspicious Activity Detected: None",Sleep,None,"The last action is still in progress, so I will wait for its completion."
"# OBSERVATION

Mission Phase: 1
Last Action : Sleep
Last Action Status: UNKNOWN
Communication Vectors: 
Commvector Blue Agent 0 Message: [0, 0, 0, 0, 0, 0, 0, 0]
Commvector Blue Agent 1 Message: [0, 0, 0, 0, 0, 0, 0, 0]
Commvector Blue Agent 2 Message: [0, 0, 1, 0, 0, 1, 0, 0]
Commvector Blue Agent 3 Message: [0, 0, 0, 0, 0, 0, 0, 0]

 Suspicious Activity Detected: None",Sleep,None,"The last action status is UNKNOWN, indicating ongoing processes or checks."
"# OBSERVATION

Mission Phase: 1
Last Action : Sleep
Last Action Status: UNKNOWN
Communication Vectors: 
Commvector Blue Agent 0 Message: [0, 0, 0, 0, 0, 0, 0, 0]
Commvector Blue Agent 1 Message: [0, 0, 0, 0, 0, 0, 0, 1]
Commvector Blue Agent 2 Message: [0, 0, 0, 0, 0, 0, 0, 1]
Commvector Blue Agent 3 Message: [0, 0, 0, 0, 0, 0, 0, 0]

 Suspicious Activity Detected: None",Sleep,None,The last action is still in progress and status is unknown.
"# OBSERVATION

Mission Phase: 1
Last Action : Sleep
Last Action Status: UNKNOWN
Communication Vectors: 
Commvector Blue Agent 0 Message: [0, 0, 0, 0, 0, 0, 0, 1]
Commvector Blue Agent 1 Message: [0, 0, 0, 0, 0, 0, 0, 0]
Commvector Blue Agent 2 Message: [0, 0, 0, 0, 0, 0, 0, 0]
Commvector Blue Agent 3 Message: [0, 0, 0, 0, 0, 0, 0, 0]

 Suspicious Activity Detected: None",Sleep,None,"The last action status is UNKNOWN, indicating uncertainty in the system's state."
"# OBSERVATION

Mission Phase: 1
Last Action : Sleep
Last Action Status: UNKNOWN
Communication Vectors: 
Commvector Blue Agent 0 Message: [0, 0, 0, 0, 0, 0, 0, 1]
Commvector Blue Agent 1 Message: [0, 0, 0, 0, 0, 0, 0, 0]
Commvector Blue Agent 2 Message: [0, 0, 0, 0, 0, 0, 0, 1]
Commvector Blue Agent 3 Message: [0, 0, 0, 0, 0, 0, 0, 0]

 Suspicious Activity Detected: None",Sleep,None,"Current action status is UNKNOWN, indicating that previous action is still in progress."
"# OBSERVATION

Mission Phase: 1
Last Action : Sleep
Last Action Status: UNKNOWN
Communication Vectors: 
Commvector Blue Agent 0 Message: [0, 0, 0, 0, 0, 0, 0, 0]
Commvector Blue Agent 1 Message: [0, 0, 0, 0, 0, 0, 0, 1]
Commvector Blue Agent 2 Message: [0, 0, 0, 0, 0, 0, 0, 0]
Commvector Blue Agent 3 Message: [0, 0, 0, 0, 0, 0, 0, 1]

 Suspicious Activity Detected: None",Sleep,None,"Last action status is UNKNOWN, indicating ongoing processes that need to complete."
"# OBSERVATION

Mission Phase: 1
Last Action : Sleep
Last Action Status: UNKNOWN
Communication Vectors: 
Commvector Blue Agent 0 Message: [0, 0, 0, 0, 0, 0, 0, 1]
Commvector Blue Agent 1 Message: [0, 0, 0, 0, 0, 0, 0, 0]
Commvector Blue Agent 2 Message: [0, 0, 0, 0, 0, 0, 0, 1]
Commvector Blue Agent 3 Message: [0, 0, 0, 0, 0, 0, 0, 0]

 Suspicious Activity Detected: None",Sleep,None,"The last action is in-progress, and I need to wait until it completes."
"# OBSERVATION

Mission Phase: 1
Last Action : Sleep
Last Action Status: UNKNOWN
Communication Vectors: 
Commvector Blue Agent 0 Message: [0, 0, 0, 0, 0, 0, 0, 0]
Commvector Blue Agent 1 Message: [0, 0, 0, 0, 0, 0, 0, 0]
Commvector Blue Agent 2 Message: [0, 0, 0, 0, 0, 0, 0, 0]
Commvector Blue Agent 3 Message: [0, 0, 0, 0, 0, 0, 0, 0]

 Suspicious Activity Detected: None",Sleep,None,"Last action is still in progress, waiting for completion."
"# OBSERVATION

Mission Phase: 1
Last Action : Sleep
Last Action Status: UNKNOWN
Communication Vectors: 
Commvector Blue Agent 0 Message: [0, 0, 0, 0, 0, 0, 0, 1]
Commvector Blue Agent 1 Message: [0, 0, 0, 0, 0, 0, 0, 1]
Commvector Blue Agent 2 Message: [0, 0, 0, 0, 0, 0, 0, 1]
Commvector Blue Agent 3 Message: [0, 0, 0, 0, 0, 0, 0, 0]

 Suspicious Activity Detected: None",Sleep,None,The last action is currently in progress and its status is unknown.
"# OBSERVATION

Mission Phase: 1
Last Action : Sleep
Last Action Status: UNKNOWN
Communication Vectors: 
Commvector Blue Agent 0 Message: [0, 0, 0, 0, 0, 0, 0, 0]
Commvector Blue Agent 1 Message: [0, 0, 0, 0, 0, 0, 0, 0]
Commvector Blue Agent 2 Message: [0, 0, 0, 0, 0, 0, 0, 0]
Commvector Blue Agent 3 Message: [0, 0, 0, 0, 0, 0, 0, 0]

 Suspicious Activity Detected: None",Sleep,None,"The last action status is UNKNOWN, indicating action is still in progress."
"# OBSERVATION

Mission Phase: 1
Last Action : Sleep
Last Action Status: UNKNOWN
Communication Vectors: 
Commvector Blue Agent 0 Message: [1, 0, 0, 0, 0, 1, 0, 0]
Commvector Blue Agent 1 Message: [0, 0, 0, 0, 0, 0, 0, 0]
Commvector Blue Agent 2 Message: [0, 0, 0, 0, 0, 0, 0, 1]
Commvector Blue Agent 3 Message: [0, 0, 0, 0, 0, 0, 0, 0]

 Suspicious Activity Detected: None",Sleep,None,"The last action is still in progress, maintaining operational integrity."
"# OBSERVATION

Mission Phase: 1
Last Action : Sleep
Last Action Status: UNKNOWN
Communication Vectors: 
Commvector Blue Agent 0 Message: [0, 0, 0, 0, 0, 0, 0, 1]
Commvector Blue Agent 1 Message: [0, 0, 0, 0, 0, 0, 0, 1]
Commvector Blue Agent 2 Message: [0, 0, 0, 0, 0, 0, 0, 0]
Commvector Blue Agent 3 Message: [0, 0, 0, 0, 0, 0, 0, 0]

 Suspicious Activity Detected: None",Sleep,None,The last action is currently in progress and waiting for completion.
"# OBSERVATION

Mission Phase: 1
Last Action : Sleep
Last Action Status: UNKNOWN
Communication Vectors: 
Commvector Blue Agent 0 Message: [0, 0, 0, 0, 0, 0, 0, 0]
Commvector Blue Agent 1 Message: [0, 0, 0, 0, 0, 0, 0, 0]
Commvector Blue Agent 2 Message: [0, 0, 0, 0, 0, 0, 0, 1]
Commvector Blue Agent 3 Message: [0, 0, 0, 0, 0, 0, 0, 1]

 Suspicious Activity Detected: None",Sleep,None,"The last action is IN_PROGRESS, waiting for it to complete."
"# OBSERVATION

Mission Phase: 1
Last Action : Sleep
Last Action Status: UNKNOWN
Communication Vectors: 
Commvector Blue Agent 0 Message: [0, 0, 0, 0, 0, 0, 0, 1]
Commvector Blue Agent 1 Message: [0, 0, 0, 0, 0, 0, 0, 1]
Commvector Blue Agent 2 Message: [0, 0, 0, 0, 0, 0, 0, 0]
Commvector Blue Agent 3 Message: [0, 0, 0, 0, 0, 0, 0, 0]

 Suspicious Activity Detected: None",Sleep,None,"The last action is still in progress, thus remaining in sleep mode is necessary."
"# OBSERVATION

Mission Phase: 1
Last Action : Sleep
Last Action Status: UNKNOWN
Communication Vectors: 
Commvector Blue Agent 0 Message: [0, 0, 0, 0, 0, 0, 0, 0]
Commvector Blue Agent 1 Message: [0, 0, 0, 0, 0, 0, 0, 0]
Commvector Blue Agent 2 Message: [0, 0, 0, 0, 0, 0, 0, 1]
Commvector Blue Agent 3 Message: [0, 0, 0, 0, 0, 0, 0, 0]

 Suspicious Activity Detected: None",Sleep,None,Last action status is unknown and needs to be completed before proceeding with further actions.
"# OBSERVATION

Mission Phase: 1
Last Action : Sleep
Last Action Status: UNKNOWN
Communication Vectors: 
Commvector Blue Agent 0 Message: [0, 0, 0, 0, 0, 0, 0, 1]
Commvector Blue Agent 1 Message: [0, 0, 0, 0, 0, 0, 0, 0]
Commvector Blue Agent 2 Message: [0, 0, 0, 0, 0, 0, 0, 1]
Commvector Blue Agent 3 Message: [0, 0, 0, 0, 0, 0, 0, 0]

 Suspicious Activity Detected: None",Sleep,None,The last action is in progress and status is unknown.
"# OBSERVATION

Mission Phase: 1
Last Action : Sleep
Last Action Status: UNKNOWN
Communication Vectors: 
Commvector Blue Agent 0 Message: [0, 0, 0, 0, 0, 0, 0, 1]
Commvector Blue Agent 1 Message: [0, 0, 0, 0, 0, 0, 0, 1]
Commvector Blue Agent 2 Message: [0, 0, 0, 0, 0, 0, 0, 0]
Commvector Blue Agent 3 Message: [0, 0, 0, 1, 0, 1, 0, 0]

 Suspicious Activity Detected: None",Sleep,None,Previous action status is UNKNOWN and current action is still in progress.
"# OBSERVATION

Mission Phase: 1
Last Action : Sleep
Last Action Status: UNKNOWN
Communication Vectors: 
Commvector Blue Agent 0 Message: [0, 0, 0, 0, 0, 0, 0, 0]
Commvector Blue Agent 1 Message: [0, 0, 0, 0, 0, 0, 0, 0]
Commvector Blue Agent 2 Message: [0, 0, 0, 0, 0, 0, 0, 0]
Commvector Blue Agent 3 Message: [0, 0, 0, 0, 0, 0, 0, 0]

 Suspicious Activity Detected: None",Sleep,None,"Last action status is UNKNOWN, continuing to wait for the previous action to complete."
"# OBSERVATION

Mission Phase: 1
Last Action : Sleep
Last Action Status: UNKNOWN
Communication Vectors: 
Commvector Blue Agent 0 Message: [0, 0, 0, 0, 0, 0, 0, 0]
Commvector Blue Agent 1 Message: [0, 0, 0, 0, 0, 0, 0, 1]
Commvector Blue Agent 2 Message: [0, 0, 0, 0, 0, 0, 0, 0]
Commvector Blue Agent 3 Message: [0, 0, 0, 0, 0, 0, 0, 0]

 Suspicious Activity Detected: None",Sleep,None,"The last action is currently in progress, and no suspicious activity is detected."
"# OBSERVATION

Mission Phase: 0
Last Action : Sleep
Last Action Status: UNKNOWN
Communication Vectors: 
Commvector Blue Agent 0 Message: [0, 0, 0, 0, 0, 0, 0, 0]
Commvector Blue Agent 1 Message: [0, 0, 0, 0, 0, 0, 0, 0]
Commvector Blue Agent 2 Message: [0, 0, 0, 0, 0, 0, 0, 0]
Commvector Blue Agent 3 Message: [0, 0, 0, 0, 0, 0, 0, 0]

 Suspicious Activity Detected: None",Sleep,None,"The last action status is unknown, indicating that the previous action is still in progress."
"# OBSERVATION

Mission Phase: 0
Last Action : Sleep
Last Action Status: UNKNOWN
Communication Vectors: 
Commvector Blue Agent 0 Message: [0, 0, 0, 0, 0, 0, 0, 0]
Commvector Blue Agent 1 Message: [0, 0, 0, 0, 0, 0, 0, 0]
Commvector Blue Agent 2 Message: [0, 0, 0, 0, 0, 0, 0, 0]
Commvector Blue Agent 3 Message: [0, 0, 0, 0, 0, 0, 0, 0]

 Suspicious Activity Detected: None",Sleep,None,"Last action status is unknown, indicating ongoing processes. Waiting for resolution."
"# OBSERVATION

Mission Phase: 0
Last Action : Sleep
Last Action Status: UNKNOWN
Communication Vectors: 
Commvector Blue Agent 0 Message: [0, 0, 0, 0, 0, 0, 0, 0]
Commvector Blue Agent 1 Message: [0, 0, 0, 0, 0, 0, 0, 0]
Commvector Blue Agent 2 Message: [0, 0, 0, 0, 0, 0, 0, 0]
Commvector Blue Agent 3 Message: [0, 0, 0, 0, 0, 0, 0, 0]

 Suspicious Activity Detected: None",Sleep,None,"Last action status is unknown, waiting for further action to complete."
"# OBSERVATION

Mission Phase: 0
Last Action : Sleep
Last Action Status: UNKNOWN
Communication Vectors: 
Commvector Blue Agent 0 Message: [0, 0, 0, 0, 0, 0, 0, 0]
Commvector Blue Agent 1 Message: [0, 0, 0, 0, 0, 0, 0, 0]
Commvector Blue Agent 2 Message: [0, 0, 0, 0, 0, 0, 0, 0]
Commvector Blue Agent 3 Message: [0, 0, 0, 0, 0, 0, 0, 0]

 Suspicious Activity Detected: None",Sleep,None,No suspicious activity detected and last action status is unknown.
"# OBSERVATION

Mission Phase: 0
Last Action : Analyse host:admin_network_subnet_user_host_1
Last Action Status: IN_PROGRESS
Communication Vectors: 
Commvector Blue Agent 0 Message: [0, 0, 0, 0, 0, 0, 0, 1]
Commvector Blue Agent 1 Message: [0, 0, 0, 0, 0, 0, 0, 1]
Commvector Blue Agent 2 Message: [0, 0, 0, 0, 0, 0, 0, 0]
Commvector Blue Agent 3 Message: [0, 0, 0, 0, 0, 0, 0, 0]

 Suspicious Activity Detected: None",Sleep,None,The last action of analyzing the host is still in progress.
"# OBSERVATION

Mission Phase: 0
Last Action : Sleep
Last Action Status: UNKNOWN
Communication Vectors: 
Commvector Blue Agent 0 Message: [0, 0, 0, 0, 0, 0, 0, 0]
Commvector Blue Agent 1 Message: [0, 0, 0, 0, 0, 0, 0, 0]
Commvector Blue Agent 2 Message: [0, 0, 0, 0, 0, 0, 0, 0]
Commvector Blue Agent 3 Message: [0, 0, 0, 0, 0, 0, 0, 0]

Suspicious Activity Detected:
- Hostname: admin_network_subnet_router | IP: 10.0.196.251 | INFO: Connection to 10.0.196.138 | INFO: Connection to 10.0.196.138
- Hostname: admin_network_subnet_user_host_1 | IP: 10.0.196.251 | INFO: Connection to 10.0.196.138 | INFO: Connection to 10.0.196.138
- Hostname: admin_network_subnet_server_host_3 | IP: 10.0.196.251 | INFO: Connection to 10.0.196.138 | INFO: Connection to 10.0.196.138 | INFO: Connection to 10.0.196.138 | INFO: Connection to 10.0.196.138 | INFO: Connection to 10.0.196.138 | INFO: Connection to 10.0.196.138 | INFO: Connection to 10.0.196.138 | INFO: Connection to 10.0.196.138 | INFO: Connection to 10.0.196.138 | INFO: Connection to 10.0.196.138 | INFO: Connection to 10.0.196.138 | INFO: Connection to 10.0.196.138 | INFO: Connection to 10.0.196.138 | INFO: Connection to 10.0.196.138 | INFO: Connection to 10.0.196.138 | INFO: Connection to 10.0.196.138 | INFO: Connection to 10.0.196.138 | INFO: Connection to 10.0.196.138 | INFO: Connection to 10.0.196.138 | INFO: Connection to 10.0.196.138 | INFO: Connection to 10.0.196.138 | INFO: Connection to 10.0.196.138 | WARNING: Suspicious process detected",Analyse,host:admin_network_subnet_user_host_1,Suspicious connections detected on the host warrant further analysis to identify any potential red activity.
"# OBSERVATION

Mission Phase: 0
Last Action : Analyse host:office_network_subnet_user_host_7
Last Action Status: IN_PROGRESS
Communication Vectors: 
Commvector Blue Agent 0 Message: [0, 0, 0, 0, 0, 0, 0, 0]
Commvector Blue Agent 1 Message: [0, 0, 0, 0, 0, 0, 0, 1]
Commvector Blue Agent 2 Message: [0, 0, 0, 0, 0, 0, 0, 1]
Commvector Blue Agent 3 Message: [0, 0, 0, 0, 0, 0, 0, 0]

 Suspicious Activity Detected: None",Sleep,None,The last action of analyzing the host is still in progress.
"# OBSERVATION

Mission Phase: 0
Last Action : Sleep
Last Action Status: UNKNOWN
Communication Vectors: 
Commvector Blue Agent 0 Message: [0, 0, 0, 0, 0, 0, 0, 0]
Commvector Blue Agent 1 Message: [0, 0, 0, 0, 0, 0, 0, 0]
Commvector Blue Agent 2 Message: [0, 0, 0, 0, 0, 0, 0, 0]
Commvector Blue Agent 3 Message: [0, 0, 0, 0, 0, 0, 0, 0]

Suspicious Activity Detected:
- Hostname: office_network_subnet_user_host_7 | IP: 10.0.202.3",Analyse,host:office_network_subnet_user_host_7,Suspicious activity detected on host indicates potential red agent presence.
"# OBSERVATION

Mission Phase: 0
Last Action : Sleep
Last Action Status: UNKNOWN
Communication Vectors: 
Commvector Blue Agent 0 Message: [0, 0, 0, 0, 0, 0, 0, 0]
Commvector Blue Agent 1 Message: [0, 0, 0, 0, 0, 0, 0, 0]
Commvector Blue Agent 2 Message: [0, 0, 0, 0, 0, 0, 0, 0]
Commvector Blue Agent 3 Message: [0, 0, 0, 0, 0, 0, 0, 0]

 Suspicious Activity Detected: None",Sleep,None,"Last action is in progress and status is unknown, waiting for completion."
"# OBSERVATION

Mission Phase: 0
Last Action : Sleep
Last Action Status: UNKNOWN
Communication Vectors: 
Commvector Blue Agent 0 Message: [0, 0, 0, 0, 0, 0, 0, 0]
Commvector Blue Agent 1 Message: [0, 0, 0, 0, 0, 0, 0, 0]
Commvector Blue Agent 2 Message: [0, 0, 0, 0, 0, 0, 0, 0]
Commvector Blue Agent 3 Message: [0, 0, 0, 0, 0, 0, 0, 0]

 Suspicious Activity Detected: None",Sleep,None,"Last action status is unknown and no suspicious activity detected, so waiting for action to complete."
"# OBSERVATION

Mission Phase: 0
Last Action : Sleep
Last Action Status: UNKNOWN
Communication Vectors: 
Commvector Blue Agent 0 Message: [0, 0, 0, 0, 0, 0, 0, 1]
Commvector Blue Agent 1 Message: [0, 0, 0, 0, 0, 0, 0, 0]
Commvector Blue Agent 2 Message: [0, 0, 0, 0, 0, 0, 0, 0]
Commvector Blue Agent 3 Message: [0, 0, 0, 0, 0, 0, 0, 0]

 Suspicious Activity Detected: None",Sleep,None,"The last action is still in progress, and no suspicious activity has been detected."
"# OBSERVATION

Mission Phase: 0
Last Action : Sleep
Last Action Status: UNKNOWN
Communication Vectors: 
Commvector Blue Agent 0 Message: [0, 0, 0, 0, 0, 0, 0, 0]
Commvector Blue Agent 1 Message: [0, 0, 0, 0, 0, 0, 0, 0]
Commvector Blue Agent 2 Message: [0, 0, 0, 0, 0, 0, 0, 1]
Commvector Blue Agent 3 Message: [0, 0, 0, 0, 0, 0, 0, 1]

 Suspicious Activity Detected: None",Sleep,None,"The last action is in progress and status is unknown, so I will wait."
"# OBSERVATION

Mission Phase: 0
Last Action : Sleep
Last Action Status: UNKNOWN
Communication Vectors: 
Commvector Blue Agent 0 Message: [0, 0, 0, 0, 0, 0, 0, 0]
Commvector Blue Agent 1 Message: [0, 0, 0, 0, 0, 0, 0, 0]
Commvector Blue Agent 2 Message: [0, 0, 0, 0, 0, 0, 0, 0]
Commvector Blue Agent 3 Message: [0, 0, 0, 0, 0, 0, 0, 0]

 Suspicious Activity Detected: None",Sleep,None,"The last action status is UNKNOWN, indicating ongoing processes."
"# OBSERVATION

Mission Phase: 0
Last Action : Sleep
Last Action Status: UNKNOWN
Communication Vectors: 
Commvector Blue Agent 0 Message: [0, 0, 0, 0, 0, 0, 0, 1]
Commvector Blue Agent 1 Message: [0, 0, 0, 0, 0, 0, 0, 1]
Commvector Blue Agent 2 Message: [0, 0, 0, 0, 0, 0, 0, 0]
Commvector Blue Agent 3 Message: [0, 0, 0, 0, 0, 0, 0, 0]

 Suspicious Activity Detected: None",Sleep,None,"Last action status is UNKNOWN, indicating the previous action is still in progress."
"# OBSERVATION

Mission Phase: 0
Last Action : Sleep
Last Action Status: UNKNOWN
Communication Vectors: 
Commvector Blue Agent 0 Message: [0, 0, 0, 0, 0, 0, 0, 1]
Commvector Blue Agent 1 Message: [0, 0, 0, 0, 0, 0, 0, 0]
Commvector Blue Agent 2 Message: [0, 0, 0, 0, 0, 0, 0, 1]
Commvector Blue Agent 3 Message: [0, 0, 0, 0, 0, 0, 0, 0]

 Suspicious Activity Detected: None",Sleep,None,"The last action is still in progress, and no further actions can be executed."
"# OBSERVATION

Mission Phase: 0
Last Action : Sleep
Last Action Status: UNKNOWN
Communication Vectors: 
Commvector Blue Agent 0 Message: [0, 0, 0, 0, 0, 0, 0, 0]
Commvector Blue Agent 1 Message: [0, 0, 0, 0, 0, 0, 0, 0]
Commvector Blue Agent 2 Message: [0, 0, 0, 0, 0, 0, 0, 0]
Commvector Blue Agent 3 Message: [0, 0, 0, 0, 0, 0, 0, 0]

 Suspicious Activity Detected: None",Sleep,None,"The last action is in progress, and no suspicious activity was detected."
"# OBSERVATION

Mission Phase: 0
Last Action : Sleep
Last Action Status: UNKNOWN
Communication Vectors: 
Commvector Blue Agent 0 Message: [0, 0, 0, 0, 0, 0, 0, 0]
Commvector Blue Agent 1 Message: [0, 0, 0, 0, 0, 0, 0, 0]
Commvector Blue Agent 2 Message: [0, 0, 0, 0, 0, 0, 0, 1]
Commvector Blue Agent 3 Message: [0, 0, 0, 0, 0, 0, 0, 0]

 Suspicious Activity Detected: None",Sleep,None,"The last action status is unknown, indicating that I should wait for the ongoing process to complete."
"# OBSERVATION

Mission Phase: 0
Last Action : Sleep
Last Action Status: UNKNOWN
Communication Vectors: 
Commvector Blue Agent 0 Message: [0, 0, 0, 0, 0, 0, 0, 0]
Commvector Blue Agent 1 Message: [0, 0, 0, 0, 0, 0, 0, 1]
Commvector Blue Agent 2 Message: [0, 0, 0, 0, 0, 0, 0, 0]
Commvector Blue Agent 3 Message: [0, 0, 0, 0, 0, 0, 0, 0]

 Suspicious Activity Detected: None",Sleep,None,Last action status is unknown and action is still in progress.
"# OBSERVATION

Mission Phase: 0
Last Action : Sleep
Last Action Status: UNKNOWN
Communication Vectors: 
Commvector Blue Agent 0 Message: [0, 0, 0, 0, 0, 0, 0, 0]
Commvector Blue Agent 1 Message: [0, 0, 0, 0, 0, 0, 0, 0]
Commvector Blue Agent 2 Message: [0, 0, 0, 0, 0, 0, 0, 1]
Commvector Blue Agent 3 Message: [0, 0, 0, 0, 0, 0, 0, 0]

 Suspicious Activity Detected: None",Sleep,None,"The last action is still in progress, and no suspicious activity is detected."
"# OBSERVATION

Mission Phase: 0
Last Action : Sleep
Last Action Status: UNKNOWN
Communication Vectors: 
Commvector Blue Agent 0 Message: [0, 0, 0, 0, 0, 0, 0, 0]
Commvector Blue Agent 1 Message: [0, 0, 0, 0, 0, 0, 0, 0]
Commvector Blue Agent 2 Message: [0, 0, 1, 0, 0, 1, 0, 0]
Commvector Blue Agent 3 Message: [0, 0, 0, 0, 0, 0, 0, 0]

 Suspicious Activity Detected: None",Sleep,None,"Last action status is unknown, awaiting completion before taking further action."
"# OBSERVATION

Mission Phase: 0
Last Action : Sleep
Last Action Status: UNKNOWN
Communication Vectors: 
Commvector Blue Agent 0 Message: [0, 0, 0, 0, 0, 0, 0, 0]
Commvector Blue Agent 1 Message: [0, 0, 0, 0, 0, 0, 0, 1]
Commvector Blue Agent 2 Message: [0, 0, 0, 0, 0, 0, 0, 0]
Commvector Blue Agent 3 Message: [0, 0, 0, 0, 0, 0, 0, 0]

 Suspicious Activity Detected: None",Sleep,None,The last action is still in progress and requires waiting.
"# OBSERVATION

Mission Phase: 0
Last Action : Sleep
Last Action Status: UNKNOWN
Communication Vectors: 
Commvector Blue Agent 0 Message: [0, 0, 0, 0, 0, 0, 0, 0]
Commvector Blue Agent 1 Message: [0, 0, 0, 0, 0, 0, 0, 0]
Commvector Blue Agent 2 Message: [0, 0, 0, 0, 0, 0, 0, 1]
Commvector Blue Agent 3 Message: [0, 0, 0, 0, 0, 0, 0, 0]

 Suspicious Activity Detected: None",Sleep,None,"Last action status is UNKNOWN, indicating ongoing processes."
"# OBSERVATION

Mission Phase: 0
Last Action : Analyse host:admin_network_subnet_user_host_1
Last Action Status: IN_PROGRESS
Communication Vectors: 
Commvector Blue Agent 0 Message: [0, 0, 0, 0, 0, 0, 0, 0]
Commvector Blue Agent 1 Message: [0, 0, 0, 0, 0, 0, 0, 0]
Commvector Blue Agent 2 Message: [0, 0, 0, 0, 0, 0, 0, 0]
Commvector Blue Agent 3 Message: [0, 0, 0, 0, 0, 0, 0, 0]

 Suspicious Activity Detected: None",Sleep,None,"Last action is still in progress, waiting for its completion."
"# OBSERVATION

Mission Phase: 0
Last Action : Sleep
Last Action Status: UNKNOWN
Communication Vectors: 
Commvector Blue Agent 0 Message: [0, 0, 0, 0, 0, 0, 0, 0]
Commvector Blue Agent 1 Message: [0, 0, 0, 0, 0, 0, 0, 1]
Commvector Blue Agent 2 Message: [0, 0, 0, 0, 0, 0, 0, 0]
Commvector Blue Agent 3 Message: [0, 0, 0, 0, 0, 0, 0, 1]

Suspicious Activity Detected:
- Hostname: admin_network_subnet_user_host_1 | IP: 10.0.196.138",Analyse,host:admin_network_subnet_user_host_1,"Suspicious activity detected on the host, requiring further investigation."
"# OBSERVATION

Mission Phase: 0
Last Action : Sleep
Last Action Status: UNKNOWN
Communication Vectors: 
Commvector Blue Agent 0 Message: [0, 0, 0, 0, 0, 0, 0, 0]
Commvector Blue Agent 1 Message: [0, 0, 0, 0, 0, 0, 0, 0]
Commvector Blue Agent 2 Message: [0, 0, 0, 0, 0, 0, 0, 0]
Commvector Blue Agent 3 Message: [0, 0, 0, 0, 0, 0, 0, 0]

 Suspicious Activity Detected: None",Sleep,None,"The last action status is UNKNOWN, indicating that it is still in progress."
"# OBSERVATION

Mission Phase: 0
Last Action : Analyse host:admin_network_subnet_user_host_1
Last Action Status: IN_PROGRESS
Communication Vectors: 
Commvector Blue Agent 0 Message: [1, 0, 0, 0, 0, 1, 0, 0]
Commvector Blue Agent 1 Message: [0, 0, 0, 0, 0, 0, 0, 0]
Commvector Blue Agent 2 Message: [0, 0, 0, 0, 0, 0, 0, 0]
Commvector Blue Agent 3 Message: [0, 0, 0, 0, 0, 0, 0, 0]

 Suspicious Activity Detected: None",Sleep,None,The previous action of analyzing the host is still in progress.
"# OBSERVATION

Mission Phase: 0
Last Action : Sleep
Last Action Status: UNKNOWN
Communication Vectors: 
Commvector Blue Agent 0 Message: [0, 0, 0, 0, 0, 0, 0, 0]
Commvector Blue Agent 1 Message: [0, 0, 0, 0, 0, 0, 0, 0]
Commvector Blue Agent 2 Message: [0, 0, 0, 0, 0, 0, 0, 0]
Commvector Blue Agent 3 Message: [0, 0, 0, 0, 0, 0, 0, 0]

Suspicious Activity Detected:
- Hostname: admin_network_subnet_user_host_1 | IP: 10.0.196.138",Analyse,host:admin_network_subnet_user_host_1,Suspicious activity detected on the host indicating possible red activity.
"# OBSERVATION

Mission Phase: 0
Last Action : Sleep
Last Action Status: UNKNOWN
Communication Vectors: 
Commvector Blue Agent 0 Message: [0, 0, 0, 0, 0, 0, 0, 0]
Commvector Blue Agent 1 Message: [0, 0, 0, 0, 0, 0, 0, 0]
Commvector Blue Agent 2 Message: [0, 0, 0, 0, 0, 0, 0, 0]
Commvector Blue Agent 3 Message: [0, 0, 0, 0, 0, 0, 0, 0]

Suspicious Activity Detected:
- Hostname: public_access_zone_subnet_server_host_0 | IP: 10.0.5.148 | INFO: Connection to 10.0.78.254 | INFO: Connection to 10.0.78.254",Sleep,None,"The last action status is UNKNOWN, indicating the previous action is still in progress."
"# OBSERVATION

Mission Phase: 0
Last Action : Analyse host:public_access_zone_subnet_user_host_1
Last Action Status: IN_PROGRESS
Communication Vectors: 
Commvector Blue Agent 0 Message: [0, 0, 0, 0, 0, 0, 0, 0]
Commvector Blue Agent 1 Message: [0, 0, 0, 0, 0, 0, 0, 0]
Commvector Blue Agent 2 Message: [0, 0, 0, 0, 0, 0, 0, 1]
Commvector Blue Agent 3 Message: [0, 0, 0, 0, 0, 0, 0, 0]

 Suspicious Activity Detected: None",Sleep,None,The last action is still in progress and cannot be repeated.
"# OBSERVATION

Mission Phase: 0
Last Action : Sleep
Last Action Status: UNKNOWN
Communication Vectors: 
Commvector Blue Agent 0 Message: [0, 0, 0, 0, 0, 0, 0, 0]
Commvector Blue Agent 1 Message: [0, 0, 0, 0, 0, 0, 0, 1]
Commvector Blue Agent 2 Message: [0, 0, 0, 0, 0, 0, 0, 0]
Commvector Blue Agent 3 Message: [0, 0, 0, 0, 0, 0, 0, 0]

Suspicious Activity Detected:
- Hostname: public_access_zone_subnet_user_host_1 | IP: 10.0.78.237",Analyse,host:public_access_zone_subnet_user_host_1,"Suspicious activity detected on the host, requiring further investigation."
"# OBSERVATION

Mission Phase: 0
Last Action : Sleep
Last Action Status: UNKNOWN
Communication Vectors: 
Commvector Blue Agent 0 Message: [0, 0, 0, 0, 0, 0, 0, 0]
Commvector Blue Agent 1 Message: [0, 0, 0, 0, 0, 0, 0, 0]
Commvector Blue Agent 2 Message: [0, 0, 0, 0, 0, 0, 0, 0]
Commvector Blue Agent 3 Message: [0, 0, 0, 0, 0, 0, 0, 0]

 Suspicious Activity Detected: None",Sleep,None,"The last action is still in progress, and no new suspicious activity has been detected."
"# OBSERVATION

Mission Phase: 0
Last Action : Sleep
Last Action Status: UNKNOWN
Communication Vectors: 
Commvector Blue Agent 0 Message: [0, 0, 0, 0, 0, 0, 0, 0]
Commvector Blue Agent 1 Message: [0, 0, 0, 0, 0, 0, 0, 0]
Commvector Blue Agent 2 Message: [0, 0, 0, 0, 0, 0, 0, 1]
Commvector Blue Agent 3 Message: [0, 0, 0, 0, 0, 0, 0, 0]

 Suspicious Activity Detected: None",Sleep,None,The last action is in progress and its status is unknown.
"# OBSERVATION

Mission Phase: 0
Last Action : Sleep
Last Action Status: UNKNOWN
Communication Vectors: 
Commvector Blue Agent 0 Message: [0, 0, 0, 0, 0, 0, 0, 0]
Commvector Blue Agent 1 Message: [0, 0, 0, 0, 0, 0, 0, 0]
Commvector Blue Agent 2 Message: [0, 0, 0, 0, 0, 0, 0, 1]
Commvector Blue Agent 3 Message: [0, 0, 0, 0, 0, 0, 0, 0]

Suspicious Activity Detected:
- Hostname: public_access_zone_subnet_server_host_3 | IP: 10.0.78.118 | INFO: Connection to 10.0.78.251 | INFO: Connection to 10.0.78.251",Sleep,None,"Last action status is UNKNOWN, need to wait for completion before taking further action."
"# OBSERVATION

Mission Phase: 0
Last Action : Sleep
Last Action Status: UNKNOWN
Communication Vectors: 
Commvector Blue Agent 0 Message: [0, 0, 0, 0, 0, 0, 0, 0]
Commvector Blue Agent 1 Message: [0, 0, 0, 0, 0, 0, 0, 0]
Commvector Blue Agent 2 Message: [0, 0, 1, 0, 0, 1, 0, 0]
Commvector Blue Agent 3 Message: [0, 0, 0, 0, 0, 0, 0, 0]

 Suspicious Activity Detected: None",Sleep,None,"Last action status is UNKNOWN, so maintaining the current state is necessary."
"# OBSERVATION

Mission Phase: 0
Last Action : Sleep
Last Action Status: UNKNOWN
Communication Vectors: 
Commvector Blue Agent 0 Message: [0, 0, 0, 0, 0, 0, 0, 0]
Commvector Blue Agent 1 Message: [0, 0, 0, 0, 0, 0, 0, 0]
Commvector Blue Agent 2 Message: [0, 0, 0, 0, 0, 0, 0, 1]
Commvector Blue Agent 3 Message: [0, 0, 0, 0, 0, 0, 0, 1]

 Suspicious Activity Detected: None",Sleep,None,The last action is IN_PROGRESS and cannot be interrupted.
"# OBSERVATION

Mission Phase: 0
Last Action : Sleep
Last Action Status: UNKNOWN
Communication Vectors: 
Commvector Blue Agent 0 Message: [0, 0, 0, 0, 0, 0, 0, 0]
Commvector Blue Agent 1 Message: [0, 0, 0, 0, 0, 0, 0, 1]
Commvector Blue Agent 2 Message: [0, 0, 0, 0, 0, 0, 0, 0]
Commvector Blue Agent 3 Message: [0, 0, 0, 0, 0, 0, 0, 0]

 Suspicious Activity Detected: None",Sleep,None,"The last action status is UNKNOWN, indicating that the previous action is still in progress."
"# OBSERVATION

Mission Phase: 0
Last Action : Sleep
Last Action Status: UNKNOWN
Communication Vectors: 
Commvector Blue Agent 0 Message: [0, 0, 0, 0, 0, 0, 0, 1]
Commvector Blue Agent 1 Message: [0, 0, 0, 0, 0, 0, 0, 0]
Commvector Blue Agent 2 Message: [0, 0, 0, 0, 0, 0, 0, 0]
Commvector Blue Agent 3 Message: [0, 0, 0, 0, 0, 0, 0, 0]

 Suspicious Activity Detected: None",Sleep,None,"The last action status is UNKNOWN, continuing to sleep until action is completed."
"# OBSERVATION

Mission Phase: 0
Last Action : Sleep
Last Action Status: UNKNOWN
Communication Vectors: 
Commvector Blue Agent 0 Message: [0, 0, 0, 0, 0, 0, 0, 0]
Commvector Blue Agent 1 Message: [0, 0, 0, 0, 0, 0, 0, 0]
Commvector Blue Agent 2 Message: [0, 0, 0, 0, 0, 0, 0, 1]
Commvector Blue Agent 3 Message: [0, 0, 0, 0, 0, 0, 0, 0]

 Suspicious Activity Detected: None",Sleep,None,"Last action status is UNKNOWN, indicating that further action should wait for the completion of the previous action."
"# OBSERVATION

Mission Phase: 0
Last Action : Sleep
Last Action Status: UNKNOWN
Communication Vectors: 
Commvector Blue Agent 0 Message: [0, 0, 0, 0, 0, 0, 0, 0]
Commvector Blue Agent 1 Message: [0, 0, 0, 0, 0, 0, 0, 0]
Commvector Blue Agent 2 Message: [0, 0, 0, 0, 0, 0, 0, 0]
Commvector Blue Agent 3 Message: [0, 0, 0, 0, 0, 0, 0, 0]

 Suspicious Activity Detected: None",Sleep,None,"Last action status is UNKNOWN, indicating ongoing processing."
"# OBSERVATION

Mission Phase: 0
Last Action : Sleep
Last Action Status: UNKNOWN
Communication Vectors: 
Commvector Blue Agent 0 Message: [0, 0, 0, 0, 0, 0, 0, 0]
Commvector Blue Agent 1 Message: [0, 0, 0, 0, 0, 0, 0, 0]
Commvector Blue Agent 2 Message: [0, 0, 0, 0, 0, 0, 0, 1]
Commvector Blue Agent 3 Message: [0, 0, 0, 0, 0, 0, 0, 0]

 Suspicious Activity Detected: None",Sleep,None,"Previous action is still in progress, waiting for completion."
"# OBSERVATION

Mission Phase: 0
Last Action : Sleep
Last Action Status: UNKNOWN
Communication Vectors: 
Commvector Blue Agent 0 Message: [0, 0, 0, 0, 0, 0, 0, 0]
Commvector Blue Agent 1 Message: [0, 0, 0, 0, 0, 0, 0, 0]
Commvector Blue Agent 2 Message: [0, 0, 0, 0, 0, 0, 0, 0]
Commvector Blue Agent 3 Message: [0, 0, 0, 0, 0, 0, 0, 0]

 Suspicious Activity Detected: None",Sleep,None,"Last action status is UNKNOWN, indicating that previous operations are still in progress."
"# OBSERVATION

Mission Phase: 0
Last Action : Sleep
Last Action Status: UNKNOWN
Communication Vectors: 
Commvector Blue Agent 0 Message: [0, 0, 0, 0, 0, 0, 0, 0]
Commvector Blue Agent 1 Message: [0, 0, 0, 0, 0, 0, 0, 0]
Commvector Blue Agent 2 Message: [0, 0, 0, 0, 0, 0, 0, 1]
Commvector Blue Agent 3 Message: [0, 0, 0, 0, 0, 0, 0, 0]

 Suspicious Activity Detected: None",Sleep,None,"Previous action status is unknown, waiting for completion."
"# OBSERVATION

Mission Phase: 0
Last Action : Sleep
Last Action Status: UNKNOWN
Communication Vectors: 
Commvector Blue Agent 0 Message: [0, 0, 0, 0, 0, 0, 0, 0]
Commvector Blue Agent 1 Message: [0, 0, 0, 0, 0, 0, 0, 0]
Commvector Blue Agent 2 Message: [0, 0, 0, 0, 0, 0, 0, 0]
Commvector Blue Agent 3 Message: [0, 0, 0, 0, 0, 0, 0, 0]

 Suspicious Activity Detected: None",Sleep,None,"Last action status is UNKNOWN, continuing to wait for the previous action to complete."
"# OBSERVATION

Mission Phase: 0
Last Action : Sleep
Last Action Status: UNKNOWN
Communication Vectors: 
Commvector Blue Agent 0 Message: [0, 0, 0, 0, 0, 0, 0, 0]
Commvector Blue Agent 1 Message: [0, 0, 0, 0, 0, 0, 0, 1]
Commvector Blue Agent 2 Message: [0, 0, 0, 0, 0, 0, 0, 0]
Commvector Blue Agent 3 Message: [0, 0, 0, 0, 0, 0, 0, 0]

Suspicious Activity Detected:
- Hostname: office_network_subnet_router | IP: 10.0.202.14 | INFO: Connection to 10.0.202.46 | INFO: Connection to 10.0.202.46
- Hostname: office_network_subnet_user_host_2 | IP: 10.0.202.14 | INFO: Connection to 10.0.202.46 | INFO: Connection to 10.0.202.46
- Hostname: office_network_subnet_user_host_5 | IP: 10.0.202.14 | INFO: Connection to 10.0.202.46 | INFO: Connection to 10.0.202.46 | INFO: Connection to 10.0.202.46 | INFO: Connection to 10.0.202.46 | INFO: Connection to 10.0.202.46 | INFO: Connection to 10.0.202.46 | INFO: Connection to 10.0.202.46 | INFO: Connection to 10.0.202.46 | INFO: Connection to 10.0.202.46 | INFO: Connection to 10.0.202.46 | INFO: Connection to 10.0.202.46 | INFO: Connection to 10.0.202.46 | INFO: Connection to 10.0.202.46 | INFO: Connection to 10.0.202.46 | INFO: Connection to 10.0.202.46 | INFO: Connection to 10.0.202.46 | INFO: Connection to 10.0.202.46 | INFO: Connection to 10.0.202.46 | INFO: Connection to 10.0.202.46 | INFO: Connection to 10.0.202.46 | INFO: Connection to 10.0.202.46 | INFO: Connection to 10.0.202.46 | WARNING: Suspicious process detected",Sleep,None,"Last action status is UNKNOWN, indicating ongoing action, so we should not attempt anything else."
"# OBSERVATION

Mission Phase: 0
Last Action : Sleep
Last Action Status: UNKNOWN
Communication Vectors: 
Commvector Blue Agent 0 Message: [0, 0, 0, 0, 0, 0, 0, 0]
Commvector Blue Agent 1 Message: [0, 0, 0, 0, 0, 0, 0, 0]
Commvector Blue Agent 2 Message: [0, 0, 0, 0, 0, 0, 0, 0]
Commvector Blue Agent 3 Message: [0, 0, 0, 0, 0, 0, 0, 0]

 Suspicious Activity Detected: None",Sleep,None,Last action status is UNKNOWN and requires waiting for completion.
"# OBSERVATION

Mission Phase: 0
Last Action : Sleep
Last Action Status: UNKNOWN
Communication Vectors: 
Commvector Blue Agent 0 Message: [0, 0, 0, 0, 0, 0, 0, 1]
Commvector Blue Agent 1 Message: [0, 0, 0, 0, 0, 0, 0, 0]
Commvector Blue Agent 2 Message: [0, 0, 0, 0, 0, 0, 0, 0]
Commvector Blue Agent 3 Message: [0, 0, 0, 0, 0, 0, 0, 0]

 Suspicious Activity Detected: None",Sleep,None,"The last action is still in progress, and further action cannot be determined until completion."
"# OBSERVATION

Mission Phase: 0
Last Action : Sleep
Last Action Status: UNKNOWN
Communication Vectors: 
Commvector Blue Agent 0 Message: [0, 0, 0, 0, 0, 0, 0, 1]
Commvector Blue Agent 1 Message: [0, 0, 0, 0, 0, 0, 0, 0]
Commvector Blue Agent 2 Message: [0, 0, 0, 0, 0, 0, 0, 1]
Commvector Blue Agent 3 Message: [0, 0, 0, 0, 0, 0, 0, 0]

 Suspicious Activity Detected: None",Sleep,None,"The last action status is unknown, indicating ongoing work."
"# OBSERVATION

Mission Phase: 0
Last Action : Sleep
Last Action Status: UNKNOWN
Communication Vectors: 
Commvector Blue Agent 0 Message: [0, 0, 0, 0, 0, 0, 0, 0]
Commvector Blue Agent 1 Message: [0, 0, 0, 0, 0, 0, 0, 0]
Commvector Blue Agent 2 Message: [0, 0, 0, 0, 0, 0, 0, 0]
Commvector Blue Agent 3 Message: [0, 0, 0, 0, 0, 0, 0, 0]

Suspicious Activity Detected:
- Hostname: office_network_subnet_server_host_3 | IP: 10.0.148.211 | INFO: Connection to 10.0.202.251 | INFO: Connection to 10.0.202.251",Sleep,None,The last action is still in progress and requires a sleep state.
"# OBSERVATION

Mission Phase: 0
Last Action : Sleep
Last Action Status: UNKNOWN
Communication Vectors: 
Commvector Blue Agent 0 Message: [0, 0, 0, 0, 0, 0, 0, 0]
Commvector Blue Agent 1 Message: [0, 0, 0, 0, 0, 0, 0, 0]
Commvector Blue Agent 2 Message: [0, 0, 0, 0, 0, 0, 0, 1]
Commvector Blue Agent 3 Message: [0, 0, 0, 0, 0, 0, 0, 0]

Suspicious Activity Detected:
- Hostname: admin_network_subnet_user_host_5 | IP: 10.0.196.86 | INFO: Connection to 10.0.78.254 | INFO: Connection to 10.0.78.254 | INFO: Connection to 10.0.78.254 | INFO: Connection to 10.0.78.254 | INFO: Connection to 10.0.78.254 | INFO: Connection to 10.0.78.254 | INFO: Connection to 10.0.78.254 | INFO: Connection to 10.0.78.254",Sleep,None,"Last action is currently unknown, no immediate threat detected."
"# OBSERVATION

Mission Phase: 0
Last Action : Sleep
Last Action Status: UNKNOWN
Communication Vectors: 
Commvector Blue Agent 0 Message: [0, 0, 0, 0, 0, 0, 0, 0]
Commvector Blue Agent 1 Message: [0, 0, 0, 0, 0, 0, 0, 0]
Commvector Blue Agent 2 Message: [0, 0, 0, 0, 0, 0, 0, 0]
Commvector Blue Agent 3 Message: [0, 0, 0, 0, 0, 0, 0, 0]

 Suspicious Activity Detected: None",Sleep,None,Last action is still in progress; no suspicious activity detected.
"# OBSERVATION

Mission Phase: 0
Last Action : Sleep
Last Action Status: UNKNOWN
Communication Vectors: 
Commvector Blue Agent 0 Message: [0, 0, 0, 0, 0, 0, 0, 0]
Commvector Blue Agent 1 Message: [0, 0, 0, 0, 0, 0, 0, 0]
Commvector Blue Agent 2 Message: [0, 0, 0, 0, 0, 0, 0, 0]
Commvector Blue Agent 3 Message: [0, 0, 0, 0, 0, 0, 0, 0]

 Suspicious Activity Detected: None",Sleep,None,The last action status is unknown and no suspicious activity has been detected.
"# OBSERVATION

Mission Phase: 0
Last Action : Sleep
Last Action Status: UNKNOWN
Communication Vectors: 
Commvector Blue Agent 0 Message: [0, 0, 0, 0, 0, 0, 0, 0]
Commvector Blue Agent 1 Message: [0, 0, 0, 0, 0, 0, 0, 1]
Commvector Blue Agent 2 Message: [0, 0, 0, 0, 0, 0, 0, 1]
Commvector Blue Agent 3 Message: [0, 0, 0, 0, 0, 0, 0, 1]

 Suspicious Activity Detected: None",Sleep,None,The last action is in progress and its status is unknown.
"# OBSERVATION

Mission Phase: 0
Last Action : Sleep
Last Action Status: UNKNOWN
Communication Vectors: 
Commvector Blue Agent 0 Message: [0, 0, 0, 0, 0, 0, 0, 0]
Commvector Blue Agent 1 Message: [0, 0, 0, 0, 0, 0, 0, 0]
Commvector Blue Agent 2 Message: [0, 0, 0, 0, 0, 0, 0, 1]
Commvector Blue Agent 3 Message: [0, 0, 0, 1, 0, 1, 0, 0]

 Suspicious Activity Detected: None",Sleep,None,The last action is still in progress and needs to be allowed to complete.
"# OBSERVATION

Mission Phase: 0
Last Action : Sleep
Last Action Status: UNKNOWN
Communication Vectors: 
Commvector Blue Agent 0 Message: [0, 0, 0, 0, 0, 0, 0, 0]
Commvector Blue Agent 1 Message: [0, 0, 0, 0, 0, 0, 0, 1]
Commvector Blue Agent 2 Message: [0, 0, 0, 0, 0, 0, 0, 0]
Commvector Blue Agent 3 Message: [0, 0, 0, 0, 0, 0, 0, 0]

 Suspicious Activity Detected: None",Sleep,None,"Last action status is UNKNOWN, so I will wait."
"# OBSERVATION

Mission Phase: 0
Last Action : Sleep
Last Action Status: UNKNOWN
Communication Vectors: 
Commvector Blue Agent 0 Message: [0, 0, 0, 0, 0, 0, 0, 1]
Commvector Blue Agent 1 Message: [0, 0, 0, 0, 0, 0, 0, 0]
Commvector Blue Agent 2 Message: [0, 0, 0, 0, 0, 0, 0, 0]
Commvector Blue Agent 3 Message: [0, 0, 0, 0, 0, 0, 0, 1]

 Suspicious Activity Detected: None",Sleep,None,Last action is still in progress and cannot execute another action at this time.
"# OBSERVATION

Mission Phase: 0
Last Action : Analyse host:admin_network_subnet_user_host_3
Last Action Status: IN_PROGRESS
Communication Vectors: 
Commvector Blue Agent 0 Message: [0, 0, 0, 0, 0, 0, 0, 0]
Commvector Blue Agent 1 Message: [0, 0, 0, 0, 0, 0, 0, 0]
Commvector Blue Agent 2 Message: [0, 0, 0, 0, 0, 0, 0, 0]
Commvector Blue Agent 3 Message: [0, 0, 0, 0, 0, 0, 0, 0]

 Suspicious Activity Detected: None",Sleep,None,The last action is still in progress and needs to complete.
"# OBSERVATION

Mission Phase: 0
Last Action : Sleep
Last Action Status: UNKNOWN
Communication Vectors: 
Commvector Blue Agent 0 Message: [0, 0, 0, 0, 0, 0, 0, 0]
Commvector Blue Agent 1 Message: [0, 0, 0, 0, 0, 0, 0, 1]
Commvector Blue Agent 2 Message: [0, 0, 0, 0, 0, 0, 0, 1]
Commvector Blue Agent 3 Message: [0, 0, 0, 0, 0, 0, 0, 0]

Suspicious Activity Detected:
- Hostname: admin_network_subnet_user_host_3 | IP: 10.0.196.66",Analyse,host:admin_network_subnet_user_host_3,"Suspicious activity detected on the host, requiring further investigation."
"# OBSERVATION

Mission Phase: 0
Last Action : Sleep
Last Action Status: UNKNOWN
Communication Vectors: 
Commvector Blue Agent 0 Message: [0, 0, 0, 0, 0, 0, 0, 0]
Commvector Blue Agent 1 Message: [0, 0, 0, 0, 0, 0, 0, 0]
Commvector Blue Agent 2 Message: [0, 0, 0, 0, 0, 0, 0, 0]
Commvector Blue Agent 3 Message: [0, 0, 0, 0, 0, 0, 0, 0]

 Suspicious Activity Detected: None",Sleep,None,The last action is currently in progress and I cannot take further action until it is completed.
"# OBSERVATION

Mission Phase: 0
Last Action : Sleep
Last Action Status: UNKNOWN
Communication Vectors: 
Commvector Blue Agent 0 Message: [0, 0, 0, 0, 0, 0, 0, 0]
Commvector Blue Agent 1 Message: [0, 0, 0, 0, 0, 0, 0, 0]
Commvector Blue Agent 2 Message: [0, 0, 0, 0, 0, 0, 0, 0]
Commvector Blue Agent 3 Message: [0, 0, 0, 0, 0, 0, 0, 0]

 Suspicious Activity Detected: None",Sleep,None,"The last action is in progress and its status is unknown, so I will continue to wait."
"# OBSERVATION

Mission Phase: 0
Last Action : Analyse host:admin_network_subnet_user_host_2
Last Action Status: IN_PROGRESS
Communication Vectors: 
Commvector Blue Agent 0 Message: [0, 0, 0, 0, 0, 0, 0, 0]
Commvector Blue Agent 1 Message: [0, 0, 0, 0, 0, 0, 0, 0]
Commvector Blue Agent 2 Message: [0, 0, 0, 0, 0, 0, 0, 0]
Commvector Blue Agent 3 Message: [0, 0, 0, 0, 0, 0, 0, 0]

 Suspicious Activity Detected: None",Sleep,None,"The last action is still in progress, indicating ongoing analysis."
"# OBSERVATION

Mission Phase: 0
Last Action : Sleep
Last Action Status: UNKNOWN
Communication Vectors: 
Commvector Blue Agent 0 Message: [1, 0, 0, 0, 0, 1, 0, 0]
Commvector Blue Agent 1 Message: [0, 0, 0, 0, 0, 0, 0, 1]
Commvector Blue Agent 2 Message: [0, 0, 0, 0, 0, 0, 0, 0]
Commvector Blue Agent 3 Message: [0, 0, 0, 0, 0, 0, 0, 1]

Suspicious Activity Detected:
- Hostname: admin_network_subnet_user_host_2 | IP: 10.0.196.48 | INFO: Connection to 10.0.202.46 | INFO: Connection to 10.0.202.46 | INFO: Connection to 10.0.202.46 | INFO: Connection to 10.0.202.46 | INFO: Connection to 10.0.202.46 | INFO: Connection to 10.0.202.46",Analyse,host:admin_network_subnet_user_host_2,Suspicious connections detected on the host that need further investigation.
"# OBSERVATION

Mission Phase: 0
Last Action : Sleep
Last Action Status: UNKNOWN
Communication Vectors: 
Commvector Blue Agent 0 Message: [0, 0, 0, 0, 0, 0, 0, 0]
Commvector Blue Agent 1 Message: [0, 0, 0, 0, 0, 0, 0, 0]
Commvector Blue Agent 2 Message: [0, 0, 0, 0, 0, 0, 0, 1]
Commvector Blue Agent 3 Message: [0, 0, 0, 0, 0, 0, 0, 0]

 Suspicious Activity Detected: None",Sleep,None,"Last action status is UNKNOWN, indicating ongoing processes that require monitoring."
"# OBSERVATION

Mission Phase: 0
Last Action : Sleep
Last Action Status: UNKNOWN
Communication Vectors: 
Commvector Blue Agent 0 Message: [0, 0, 0, 0, 0, 0, 0, 1]
Commvector Blue Agent 1 Message: [0, 0, 0, 0, 0, 0, 0, 1]
Commvector Blue Agent 2 Message: [0, 0, 0, 0, 0, 0, 0, 1]
Commvector Blue Agent 3 Message: [0, 0, 0, 0, 0, 0, 0, 0]

 Suspicious Activity Detected: None",Sleep,None,"Last action status is UNKNOWN, indicating that an action is already in progress."
"# OBSERVATION

Mission Phase: 0
Last Action : Sleep
Last Action Status: UNKNOWN
Communication Vectors: 
Commvector Blue Agent 0 Message: [1, 0, 0, 0, 0, 1, 0, 0]
Commvector Blue Agent 1 Message: [0, 0, 0, 0, 0, 0, 0, 0]
Commvector Blue Agent 2 Message: [0, 0, 1, 0, 0, 1, 0, 0]
Commvector Blue Agent 3 Message: [0, 0, 0, 0, 0, 0, 0, 0]

Suspicious Activity Detected:
- Hostname: admin_network_subnet_server_host_1 | IP: 10.0.5.102 | INFO: Connection to 10.0.196.253 | INFO: Connection to 10.0.196.253",Sleep,None,Last action status is UNKNOWN and further actions should wait until completion.
"# OBSERVATION

Mission Phase: 0
Last Action : Sleep
Last Action Status: UNKNOWN
Communication Vectors: 
Commvector Blue Agent 0 Message: [0, 0, 0, 0, 0, 0, 0, 0]
Commvector Blue Agent 1 Message: [0, 0, 0, 0, 0, 0, 0, 1]
Commvector Blue Agent 2 Message: [0, 0, 0, 0, 0, 0, 0, 0]
Commvector Blue Agent 3 Message: [0, 0, 0, 0, 0, 0, 0, 0]

 Suspicious Activity Detected: None",Sleep,None,"The last action is currently in progress, and further action cannot be taken until it completes."
"# OBSERVATION

Mission Phase: 0
Last Action : Sleep
Last Action Status: UNKNOWN
Communication Vectors: 
Commvector Blue Agent 0 Message: [0, 0, 0, 0, 0, 0, 0, 0]
Commvector Blue Agent 1 Message: [0, 0, 0, 0, 0, 0, 0, 0]
Commvector Blue Agent 2 Message: [0, 0, 0, 0, 0, 0, 0, 0]
Commvector Blue Agent 3 Message: [0, 0, 0, 0, 0, 0, 0, 0]

 Suspicious Activity Detected: None",Sleep,None,The last action is IN_PROGRESS and its status is UNKNOWN.
"# OBSERVATION

Mission Phase: 0
Last Action : Sleep
Last Action Status: UNKNOWN
Communication Vectors: 
Commvector Blue Agent 0 Message: [1, 0, 0, 0, 0, 1, 0, 0]
Commvector Blue Agent 1 Message: [0, 0, 0, 0, 0, 0, 0, 0]
Commvector Blue Agent 2 Message: [0, 0, 0, 0, 0, 0, 0, 1]
Commvector Blue Agent 3 Message: [0, 0, 0, 0, 0, 0, 0, 0]

 Suspicious Activity Detected: None",Sleep,None,"The last action is in progress, and further actions cannot be taken until completion."
"# OBSERVATION

Mission Phase: 0
Last Action : Sleep
Last Action Status: UNKNOWN
Communication Vectors: 
Commvector Blue Agent 0 Message: [0, 0, 0, 0, 0, 0, 0, 0]
Commvector Blue Agent 1 Message: [0, 0, 0, 0, 0, 0, 0, 0]
Commvector Blue Agent 2 Message: [0, 0, 0, 0, 0, 0, 0, 0]
Commvector Blue Agent 3 Message: [0, 0, 0, 0, 0, 0, 0, 1]

 Suspicious Activity Detected: None",Sleep,None,"Last action status is UNKNOWN, continuing to wait for completion."
"# OBSERVATION

Mission Phase: 0
Last Action : Sleep
Last Action Status: UNKNOWN
Communication Vectors: 
Commvector Blue Agent 0 Message: [0, 0, 0, 0, 0, 0, 0, 0]
Commvector Blue Agent 1 Message: [0, 0, 0, 0, 0, 0, 0, 0]
Commvector Blue Agent 2 Message: [0, 0, 0, 0, 0, 0, 0, 0]
Commvector Blue Agent 3 Message: [0, 0, 0, 0, 0, 0, 0, 0]

 Suspicious Activity Detected: None",Sleep,None,"Last action status is unknown, and no suspicious activity detected."
"# OBSERVATION

Mission Phase: 0
Last Action : Sleep
Last Action Status: UNKNOWN
Communication Vectors: 
Commvector Blue Agent 0 Message: [0, 0, 0, 0, 0, 0, 0, 0]
Commvector Blue Agent 1 Message: [0, 0, 0, 0, 0, 0, 0, 0]
Commvector Blue Agent 2 Message: [0, 0, 0, 0, 0, 0, 0, 1]
Commvector Blue Agent 3 Message: [0, 0, 0, 0, 0, 0, 0, 0]

 Suspicious Activity Detected: None",Sleep,None,"The last action is still in progress, so waiting is necessary."
"# OBSERVATION

Mission Phase: 0
Last Action : Sleep
Last Action Status: UNKNOWN
Communication Vectors: 
Commvector Blue Agent 0 Message: [0, 0, 0, 0, 0, 0, 0, 0]
Commvector Blue Agent 1 Message: [0, 0, 0, 0, 0, 0, 0, 0]
Commvector Blue Agent 2 Message: [0, 0, 0, 0, 0, 0, 0, 1]
Commvector Blue Agent 3 Message: [0, 0, 0, 0, 0, 0, 0, 0]

Suspicious Activity Detected:
- Hostname: admin_network_subnet_server_host_0 | IP: 10.0.196.254 | INFO: Connection to 10.0.202.100 | INFO: Connection to 10.0.202.100",Sleep,None,The last action is in progress and cannot be interrupted.
"# OBSERVATION

Mission Phase: 0
Last Action : Sleep
Last Action Status: UNKNOWN
Communication Vectors: 
Commvector Blue Agent 0 Message: [0, 0, 0, 0, 0, 0, 0, 0]
Commvector Blue Agent 1 Message: [0, 0, 0, 0, 0, 0, 0, 0]
Commvector Blue Agent 2 Message: [0, 0, 0, 0, 0, 0, 0, 0]
Commvector Blue Agent 3 Message: [0, 0, 0, 0, 0, 0, 0, 0]

 Suspicious Activity Detected: None",Sleep,None,"The last action is still in progress and its status is unknown, so I will maintain the current state."
"# OBSERVATION

Mission Phase: 0
Last Action : Sleep
Last Action Status: UNKNOWN
Communication Vectors: 
Commvector Blue Agent 0 Message: [0, 0, 0, 0, 0, 0, 0, 0]
Commvector Blue Agent 1 Message: [0, 0, 0, 0, 0, 0, 0, 0]
Commvector Blue Agent 2 Message: [0, 0, 0, 0, 0, 0, 0, 1]
Commvector Blue Agent 3 Message: [0, 0, 0, 0, 0, 0, 0, 0]

 Suspicious Activity Detected: None",Sleep,None,Last action is still in progress; no new actions can be taken until it completes.
"# OBSERVATION

Mission Phase: 0
Last Action : Sleep
Last Action Status: UNKNOWN
Communication Vectors: 
Commvector Blue Agent 0 Message: [0, 0, 0, 0, 0, 0, 0, 0]
Commvector Blue Agent 1 Message: [0, 0, 0, 0, 0, 0, 0, 0]
Commvector Blue Agent 2 Message: [0, 0, 0, 0, 0, 0, 0, 0]
Commvector Blue Agent 3 Message: [0, 0, 0, 0, 0, 0, 0, 0]

 Suspicious Activity Detected: None",Sleep,None,"Last action status is UNKNOWN, continuing to wait."
"# OBSERVATION

Mission Phase: 0
Last Action : Sleep
Last Action Status: UNKNOWN
Communication Vectors: 
Commvector Blue Agent 0 Message: [0, 0, 0, 0, 0, 0, 0, 1]
Commvector Blue Agent 1 Message: [0, 0, 0, 0, 0, 0, 0, 1]
Commvector Blue Agent 2 Message: [0, 0, 0, 0, 0, 0, 0, 0]
Commvector Blue Agent 3 Message: [0, 0, 0, 0, 0, 0, 0, 1]

 Suspicious Activity Detected: None",Sleep,None,Last action status is unknown; need to wait for ongoing actions to complete.
"# OBSERVATION

Mission Phase: 0
Last Action : Sleep
Last Action Status: UNKNOWN
Communication Vectors: 
Commvector Blue Agent 0 Message: [0, 0, 0, 0, 0, 0, 0, 1]
Commvector Blue Agent 1 Message: [0, 0, 0, 0, 0, 0, 0, 0]
Commvector Blue Agent 2 Message: [0, 0, 0, 0, 0, 0, 0, 1]
Commvector Blue Agent 3 Message: [0, 0, 0, 0, 0, 0, 0, 0]

 Suspicious Activity Detected: None",Sleep,None,The last action is still in progress and needs to be completed.
"# OBSERVATION

Mission Phase: 0
Last Action : Sleep
Last Action Status: UNKNOWN
Communication Vectors: 
Commvector Blue Agent 0 Message: [0, 0, 0, 0, 0, 0, 0, 0]
Commvector Blue Agent 1 Message: [0, 0, 0, 0, 0, 0, 0, 0]
Commvector Blue Agent 2 Message: [0, 0, 0, 0, 0, 0, 0, 0]
Commvector Blue Agent 3 Message: [0, 0, 0, 0, 0, 0, 0, 0]

 Suspicious Activity Detected: None",Sleep,None,"The last action is still in progress, and further action cannot be taken at this moment."
"# OBSERVATION

Mission Phase: 0
Last Action : Sleep
Last Action Status: UNKNOWN
Communication Vectors: 
Commvector Blue Agent 0 Message: [0, 0, 0, 0, 0, 0, 0, 0]
Commvector Blue Agent 1 Message: [0, 0, 0, 0, 0, 0, 0, 0]
Commvector Blue Agent 2 Message: [0, 0, 1, 0, 0, 1, 0, 0]
Commvector Blue Agent 3 Message: [0, 0, 0, 0, 0, 0, 0, 0]

 Suspicious Activity Detected: None",Sleep,None,The previous action status is UNKNOWN.
"# OBSERVATION

Mission Phase: 0
Last Action : Sleep
Last Action Status: UNKNOWN
Communication Vectors: 
Commvector Blue Agent 0 Message: [0, 0, 0, 0, 0, 0, 0, 0]
Commvector Blue Agent 1 Message: [0, 0, 0, 0, 0, 0, 0, 0]
Commvector Blue Agent 2 Message: [0, 0, 0, 0, 0, 0, 0, 0]
Commvector Blue Agent 3 Message: [0, 0, 0, 0, 0, 0, 0, 0]

 Suspicious Activity Detected: None",Sleep,None,"The last action status is UNKNOWN and no suspicious activity is detected, indicating a need to wait for further updates."
"# OBSERVATION

Mission Phase: 0
Last Action : Sleep
Last Action Status: UNKNOWN
Communication Vectors: 
Commvector Blue Agent 0 Message: [0, 0, 0, 0, 0, 0, 0, 0]
Commvector Blue Agent 1 Message: [0, 0, 0, 0, 0, 0, 0, 1]
Commvector Blue Agent 2 Message: [0, 0, 0, 0, 0, 0, 0, 0]
Commvector Blue Agent 3 Message: [0, 0, 0, 0, 0, 0, 0, 0]

Suspicious Activity Detected:
- Hostname: admin_network_subnet_user_host_1 | IP: 10.0.196.138
- Hostname: office_network_subnet_server_host_0 | IP: 10.0.202.254 | INFO: Connection to 10.0.78.215 | INFO: Connection to 10.0.78.215",Sleep,None,"The last action is still in progress, waiting for status to update."
"# OBSERVATION

Mission Phase: 0
Last Action : Sleep
Last Action Status: UNKNOWN
Communication Vectors: 
Commvector Blue Agent 0 Message: [0, 0, 0, 0, 0, 0, 0, 1]
Commvector Blue Agent 1 Message: [0, 0, 0, 0, 0, 0, 0, 0]
Commvector Blue Agent 2 Message: [0, 0, 0, 0, 0, 0, 0, 1]
Commvector Blue Agent 3 Message: [0, 0, 0, 0, 0, 0, 0, 0]

 Suspicious Activity Detected: None",Sleep,None,"The last action is still in progress, and no suspicious activity has been detected."
"# OBSERVATION

Mission Phase: 0
Last Action : Sleep
Last Action Status: UNKNOWN
Communication Vectors: 
Commvector Blue Agent 0 Message: [0, 0, 0, 0, 0, 0, 0, 1]
Commvector Blue Agent 1 Message: [0, 0, 0, 0, 0, 0, 0, 0]
Commvector Blue Agent 2 Message: [0, 0, 0, 0, 0, 0, 0, 0]
Commvector Blue Agent 3 Message: [0, 0, 0, 0, 0, 0, 0, 0]

 Suspicious Activity Detected: None",Sleep,None,"Last action status is UNKNOWN, waiting for current action completion."
"# OBSERVATION

Mission Phase: 0
Last Action : Sleep
Last Action Status: UNKNOWN
Communication Vectors: 
Commvector Blue Agent 0 Message: [1, 0, 0, 0, 0, 1, 0, 0]
Commvector Blue Agent 1 Message: [0, 0, 0, 0, 0, 0, 0, 1]
Commvector Blue Agent 2 Message: [0, 0, 0, 0, 0, 0, 0, 1]
Commvector Blue Agent 3 Message: [0, 0, 0, 0, 0, 0, 0, 0]

 Suspicious Activity Detected: None",Sleep,None,Last action is still in progress and cannot be interrupted.
"# OBSERVATION

Mission Phase: 0
Last Action : Sleep
Last Action Status: UNKNOWN
Communication Vectors: 
Commvector Blue Agent 0 Message: [0, 0, 0, 0, 0, 0, 0, 0]
Commvector Blue Agent 1 Message: [0, 0, 0, 0, 0, 0, 0, 0]
Commvector Blue Agent 2 Message: [0, 0, 0, 0, 0, 0, 0, 0]
Commvector Blue Agent 3 Message: [0, 0, 0, 0, 0, 0, 0, 1]

 Suspicious Activity Detected: None",Sleep,None,"The last action status is unknown, indicating action is still in progress."
"# OBSERVATION

Mission Phase: 0
Last Action : Sleep
Last Action Status: UNKNOWN
Communication Vectors: 
Commvector Blue Agent 0 Message: [0, 0, 0, 0, 0, 0, 0, 0]
Commvector Blue Agent 1 Message: [0, 0, 0, 0, 0, 0, 0, 1]
Commvector Blue Agent 2 Message: [0, 0, 0, 0, 0, 0, 0, 0]
Commvector Blue Agent 3 Message: [0, 0, 0, 0, 0, 0, 0, 0]

Suspicious Activity Detected:
- Hostname: office_network_subnet_server_host_5 | IP: 10.0.202.181 | INFO: Connection to 10.0.202.249 | INFO: Connection to 10.0.202.249",Sleep,None,"Last action is still in progress, waiting for its completion."
"# OBSERVATION

Mission Phase: 0
Last Action : Sleep
Last Action Status: UNKNOWN
Communication Vectors: 
Commvector Blue Agent 0 Message: [0, 0, 0, 0, 0, 0, 0, 0]
Commvector Blue Agent 1 Message: [0, 0, 0, 0, 0, 0, 0, 0]
Commvector Blue Agent 2 Message: [0, 0, 0, 0, 0, 0, 0, 0]
Commvector Blue Agent 3 Message: [0, 0, 0, 0, 0, 0, 0, 0]

 Suspicious Activity Detected: None",Sleep,None,The last action status is UNKNOWN and no suspicious activity is detected.
"# OBSERVATION

Mission Phase: 0
Last Action : Sleep
Last Action Status: UNKNOWN
Communication Vectors: 
Commvector Blue Agent 0 Message: [1, 0, 0, 0, 0, 1, 0, 0]
Commvector Blue Agent 1 Message: [0, 0, 0, 0, 0, 0, 0, 0]
Commvector Blue Agent 2 Message: [0, 0, 0, 0, 0, 0, 0, 1]
Commvector Blue Agent 3 Message: [0, 0, 0, 0, 0, 0, 0, 0]

 Suspicious Activity Detected: None",Sleep,None,"Last action is IN_PROGRESS, cannot execute further actions until completion."
"# OBSERVATION

Mission Phase: 0
Last Action : Sleep
Last Action Status: UNKNOWN
Communication Vectors: 
Commvector Blue Agent 0 Message: [0, 0, 0, 0, 0, 0, 0, 0]
Commvector Blue Agent 1 Message: [0, 0, 0, 0, 0, 0, 0, 0]
Commvector Blue Agent 2 Message: [0, 0, 0, 0, 0, 0, 0, 0]
Commvector Blue Agent 3 Message: [0, 0, 0, 0, 0, 0, 0, 0]

 Suspicious Activity Detected: None",Sleep,None,"Last action is currently in progress, unable to determine success."
"# OBSERVATION

Mission Phase: 0
Last Action : Sleep
Last Action Status: UNKNOWN
Communication Vectors: 
Commvector Blue Agent 0 Message: [0, 0, 0, 0, 0, 0, 0, 1]
Commvector Blue Agent 1 Message: [0, 0, 0, 0, 0, 0, 0, 0]
Commvector Blue Agent 2 Message: [0, 0, 0, 0, 0, 0, 0, 0]
Commvector Blue Agent 3 Message: [0, 0, 0, 0, 0, 0, 0, 0]

 Suspicious Activity Detected: None",Sleep,None,"Last action status is unknown, continuing to wait for completion."
"# OBSERVATION

Mission Phase: 0
Last Action : Analyse host:office_network_subnet_user_host_3
Last Action Status: IN_PROGRESS
Communication Vectors: 
Commvector Blue Agent 0 Message: [0, 0, 0, 0, 0, 0, 0, 0]
Commvector Blue Agent 1 Message: [0, 0, 0, 0, 0, 0, 0, 0]
Commvector Blue Agent 2 Message: [0, 0, 0, 0, 0, 0, 0, 1]
Commvector Blue Agent 3 Message: [0, 0, 0, 0, 0, 0, 0, 1]

 Suspicious Activity Detected: None",Sleep,None,The last action is still in progress and cannot be interrupted.
"# OBSERVATION

Mission Phase: 0
Last Action : Sleep
Last Action Status: UNKNOWN
Communication Vectors: 
Commvector Blue Agent 0 Message: [0, 0, 0, 0, 0, 0, 0, 0]
Commvector Blue Agent 1 Message: [0, 0, 0, 0, 0, 0, 0, 1]
Commvector Blue Agent 2 Message: [0, 0, 0, 0, 0, 0, 0, 0]
Commvector Blue Agent 3 Message: [0, 0, 0, 0, 0, 0, 0, 0]

Suspicious Activity Detected:
- Hostname: office_network_subnet_router | IP: 10.0.202.168 | INFO: Connection to 10.0.202.100 | INFO: Connection to 10.0.202.100
- Hostname: office_network_subnet_user_host_3 | IP: 10.0.202.168 | INFO: Connection to 10.0.202.100 | INFO: Connection to 10.0.202.100 | INFO: Connection to 10.0.202.100 | INFO: Connection to 10.0.202.100 | INFO: Connection to 10.0.202.100 | INFO: Connection to 10.0.202.100 | INFO: Connection to 10.0.202.100 | INFO: Connection to 10.0.202.100 | INFO: Connection to 10.0.202.100 | INFO: Connection to 10.0.202.100 | INFO: Connection to 10.0.202.100 | INFO: Connection to 10.0.202.100 | INFO: Connection to 10.0.202.100 | INFO: Connection to 10.0.202.100 | INFO: Connection to 10.0.202.100 | INFO: Connection to 10.0.202.100 | INFO: Connection to 10.0.202.100 | INFO: Connection to 10.0.202.100 | INFO: Connection to 10.0.202.100 | INFO: Connection to 10.0.202.100 | INFO: Connection to 10.0.202.100 | INFO: Connection to 10.0.202.100 | WARNING: Suspicious process detected
- Hostname: office_network_subnet_user_host_6 | IP: 10.0.202.168 | INFO: Connection to 10.0.202.100 | INFO: Connection to 10.0.202.100",Analyse,host:office_network_subnet_user_host_3,Suspicious activity detected on the host with multiple connections and warning for suspicious process.
"# OBSERVATION

Mission Phase: 0
Last Action : Sleep
Last Action Status: UNKNOWN
Communication Vectors: 
Commvector Blue Agent 0 Message: [0, 0, 0, 0, 0, 0, 0, 0]
Commvector Blue Agent 1 Message: [0, 0, 0, 0, 0, 0, 0, 1]
Commvector Blue Agent 2 Message: [0, 0, 0, 0, 0, 0, 0, 0]
Commvector Blue Agent 3 Message: [0, 0, 0, 0, 0, 0, 0, 0]

 Suspicious Activity Detected: None",Sleep,None,"Last action is still in progress, waiting for completion."
"# OBSERVATION

Mission Phase: 0
Last Action : Sleep
Last Action Status: UNKNOWN
Communication Vectors: 
Commvector Blue Agent 0 Message: [0, 0, 0, 0, 0, 0, 0, 1]
Commvector Blue Agent 1 Message: [0, 0, 0, 0, 0, 0, 0, 0]
Commvector Blue Agent 2 Message: [0, 0, 0, 0, 0, 0, 0, 0]
Commvector Blue Agent 3 Message: [0, 0, 0, 0, 0, 0, 0, 0]

 Suspicious Activity Detected: None",Sleep,None,The last action is currently in progress and cannot be interrupted.
"# OBSERVATION

Mission Phase: 0
Last Action : Sleep
Last Action Status: UNKNOWN
Communication Vectors: 
Commvector Blue Agent 0 Message: [0, 0, 0, 0, 0, 0, 0, 0]
Commvector Blue Agent 1 Message: [0, 0, 0, 0, 0, 0, 0, 0]
Commvector Blue Agent 2 Message: [0, 0, 0, 0, 0, 0, 0, 0]
Commvector Blue Agent 3 Message: [0, 0, 0, 0, 0, 0, 0, 0]

Suspicious Activity Detected:
- Hostname: public_access_zone_subnet_server_host_1 | IP: 10.0.78.237 | INFO: Connection to 10.0.78.253 | INFO: Connection to 10.0.78.253",Sleep,None,"Last action status is UNKNOWN, and no immediate threat is detected."
"# OBSERVATION

Mission Phase: 0
Last Action : Sleep
Last Action Status: UNKNOWN
Communication Vectors: 
Commvector Blue Agent 0 Message: [0, 0, 0, 0, 0, 0, 0, 0]
Commvector Blue Agent 1 Message: [0, 0, 0, 0, 0, 0, 0, 0]
Commvector Blue Agent 2 Message: [0, 0, 0, 0, 0, 0, 0, 0]
Commvector Blue Agent 3 Message: [0, 0, 0, 0, 0, 0, 0, 0]

 Suspicious Activity Detected: None",Sleep,None,Last action status is UNKNOWN and no suspicious activity detected.
"# OBSERVATION

Mission Phase: 0
Last Action : Sleep
Last Action Status: UNKNOWN
Communication Vectors: 
Commvector Blue Agent 0 Message: [0, 0, 0, 0, 0, 0, 0, 0]
Commvector Blue Agent 1 Message: [0, 0, 0, 0, 0, 0, 0, 0]
Commvector Blue Agent 2 Message: [0, 0, 0, 0, 0, 0, 0, 0]
Commvector Blue Agent 3 Message: [0, 0, 0, 0, 0, 0, 0, 0]

 Suspicious Activity Detected: None",Sleep,None,"Last action status is UNKNOWN, indicating a process is currently in progress."
"# OBSERVATION

Mission Phase: 0
Last Action : Sleep
Last Action Status: UNKNOWN
Communication Vectors: 
Commvector Blue Agent 0 Message: [0, 0, 0, 0, 0, 0, 0, 0]
Commvector Blue Agent 1 Message: [0, 0, 0, 0, 0, 0, 0, 1]
Commvector Blue Agent 2 Message: [0, 0, 0, 0, 0, 0, 0, 0]
Commvector Blue Agent 3 Message: [0, 0, 0, 0, 0, 0, 0, 0]

 Suspicious Activity Detected: None",Sleep,None,"Last action status is UNKNOWN, waiting for action to complete."
"# OBSERVATION

Mission Phase: 0
Last Action : Sleep
Last Action Status: UNKNOWN
Communication Vectors: 
Commvector Blue Agent 0 Message: [0, 0, 0, 0, 0, 0, 0, 1]
Commvector Blue Agent 1 Message: [0, 0, 0, 0, 0, 0, 0, 0]
Commvector Blue Agent 2 Message: [0, 0, 0, 0, 0, 0, 0, 0]
Commvector Blue Agent 3 Message: [0, 0, 0, 0, 0, 0, 0, 0]

 Suspicious Activity Detected: None",Sleep,None,"The last action is currently in progress, so I will wait for it to complete."
"# OBSERVATION

Mission Phase: 0
Last Action : Sleep
Last Action Status: UNKNOWN
Communication Vectors: 
Commvector Blue Agent 0 Message: [0, 0, 0, 0, 0, 0, 0, 0]
Commvector Blue Agent 1 Message: [0, 0, 0, 0, 0, 0, 0, 1]
Commvector Blue Agent 2 Message: [0, 0, 0, 0, 0, 0, 0, 1]
Commvector Blue Agent 3 Message: [0, 0, 0, 0, 0, 0, 0, 0]

 Suspicious Activity Detected: None",Sleep,None,The last action is still in progress and requires no immediate intervention.
"# OBSERVATION

Mission Phase: 0
Last Action : Sleep
Last Action Status: UNKNOWN
Communication Vectors: 
Commvector Blue Agent 0 Message: [0, 0, 0, 0, 0, 0, 0, 0]
Commvector Blue Agent 1 Message: [0, 0, 0, 0, 0, 0, 0, 1]
Commvector Blue Agent 2 Message: [0, 0, 0, 0, 0, 0, 0, 1]
Commvector Blue Agent 3 Message: [0, 0, 0, 0, 0, 0, 0, 0]

 Suspicious Activity Detected: None",Sleep,None,"The last action is still in progress, and I need to wait for its completion."
"# OBSERVATION

Mission Phase: 0
Last Action : Sleep
Last Action Status: UNKNOWN
Communication Vectors: 
Commvector Blue Agent 0 Message: [0, 0, 0, 0, 0, 0, 0, 0]
Commvector Blue Agent 1 Message: [0, 0, 0, 0, 0, 0, 0, 0]
Commvector Blue Agent 2 Message: [0, 0, 1, 0, 0, 1, 0, 0]
Commvector Blue Agent 3 Message: [0, 0, 0, 0, 0, 0, 0, 0]

 Suspicious Activity Detected: None",Sleep,None,"Last action status is UNKNOWN, waiting for action to complete."
"# OBSERVATION

Mission Phase: 0
Last Action : Sleep
Last Action Status: UNKNOWN
Communication Vectors: 
Commvector Blue Agent 0 Message: [0, 0, 0, 0, 0, 0, 0, 1]
Commvector Blue Agent 1 Message: [0, 1, 0, 0, 0, 1, 0, 0]
Commvector Blue Agent 2 Message: [0, 0, 0, 0, 0, 0, 0, 1]
Commvector Blue Agent 3 Message: [0, 0, 0, 0, 0, 0, 0, 1]

 Suspicious Activity Detected: None",Sleep,None,Last action status is UNKNOWN; need to wait until the current action is completed.
"# OBSERVATION

Mission Phase: 0
Last Action : Sleep
Last Action Status: UNKNOWN
Communication Vectors: 
Commvector Blue Agent 0 Message: [0, 0, 0, 0, 0, 0, 0, 0]
Commvector Blue Agent 1 Message: [0, 0, 0, 0, 0, 0, 0, 1]
Commvector Blue Agent 2 Message: [0, 0, 0, 0, 0, 0, 0, 0]
Commvector Blue Agent 3 Message: [0, 0, 0, 0, 0, 0, 0, 0]

 Suspicious Activity Detected: None",Sleep,None,The previous action is still in progress and I cannot determine its status.
"# OBSERVATION

Mission Phase: 0
Last Action : Sleep
Last Action Status: UNKNOWN
Communication Vectors: 
Commvector Blue Agent 0 Message: [0, 0, 0, 0, 0, 0, 0, 0]
Commvector Blue Agent 1 Message: [0, 0, 0, 0, 0, 0, 0, 0]
Commvector Blue Agent 2 Message: [0, 0, 0, 0, 0, 0, 0, 0]
Commvector Blue Agent 3 Message: [0, 0, 0, 0, 0, 0, 0, 0]

 Suspicious Activity Detected: None",Sleep,None,"The last action is still in progress, and no suspicious activity has been detected."
"# OBSERVATION

Mission Phase: 0
Last Action : Sleep
Last Action Status: UNKNOWN
Communication Vectors: 
Commvector Blue Agent 0 Message: [0, 0, 0, 0, 0, 0, 0, 1]
Commvector Blue Agent 1 Message: [0, 0, 0, 0, 0, 0, 0, 1]
Commvector Blue Agent 2 Message: [0, 0, 0, 0, 0, 0, 0, 1]
Commvector Blue Agent 3 Message: [0, 0, 0, 0, 0, 0, 0, 0]

 Suspicious Activity Detected: None",Sleep,None,"The last action status is UNKNOWN, indicating the need to wait for the completion of the previous action."
"# OBSERVATION

Mission Phase: 0
Last Action : Sleep
Last Action Status: UNKNOWN
Communication Vectors: 
Commvector Blue Agent 0 Message: [0, 0, 0, 0, 0, 0, 0, 0]
Commvector Blue Agent 1 Message: [0, 0, 0, 0, 0, 0, 0, 0]
Commvector Blue Agent 2 Message: [0, 0, 1, 0, 0, 1, 0, 0]
Commvector Blue Agent 3 Message: [0, 0, 0, 0, 0, 0, 0, 0]

 Suspicious Activity Detected: None",Sleep,None,"The last action is currently IN_PROGRESS, and we cannot proceed until it is completed."
"# OBSERVATION

Mission Phase: 0
Last Action : Sleep
Last Action Status: UNKNOWN
Communication Vectors: 
Commvector Blue Agent 0 Message: [0, 0, 0, 0, 0, 1, 0, 0]
Commvector Blue Agent 1 Message: [0, 0, 0, 0, 0, 0, 0, 0]
Commvector Blue Agent 2 Message: [0, 0, 0, 0, 0, 0, 0, 1]
Commvector Blue Agent 3 Message: [0, 0, 0, 0, 0, 0, 0, 0]

 Suspicious Activity Detected: None",Sleep,None,"Last action status is unknown, indicating that further actions should be paused until the current state is resolved."
"# OBSERVATION

Mission Phase: 0
Last Action : Sleep
Last Action Status: UNKNOWN
Communication Vectors: 
Commvector Blue Agent 0 Message: [0, 0, 0, 0, 0, 0, 0, 0]
Commvector Blue Agent 1 Message: [0, 0, 0, 0, 0, 0, 0, 1]
Commvector Blue Agent 2 Message: [0, 0, 0, 0, 0, 0, 0, 0]
Commvector Blue Agent 3 Message: [0, 0, 0, 0, 0, 0, 0, 0]

 Suspicious Activity Detected: None",Sleep,None,"Last action status is unknown, waiting for previous action to complete."
"# OBSERVATION

Mission Phase: 0
Last Action : Sleep
Last Action Status: UNKNOWN
Communication Vectors: 
Commvector Blue Agent 0 Message: [0, 0, 0, 0, 0, 0, 0, 0]
Commvector Blue Agent 1 Message: [0, 0, 0, 0, 0, 0, 0, 0]
Commvector Blue Agent 2 Message: [0, 0, 0, 0, 0, 0, 0, 0]
Commvector Blue Agent 3 Message: [0, 0, 0, 0, 0, 0, 0, 0]

 Suspicious Activity Detected: None",Sleep,None,Current action is still in progress and requires no further immediate actions.
"# OBSERVATION

Mission Phase: 0
Last Action : Sleep
Last Action Status: UNKNOWN
Communication Vectors: 
Commvector Blue Agent 0 Message: [0, 0, 0, 0, 0, 0, 0, 0]
Commvector Blue Agent 1 Message: [0, 1, 0, 0, 0, 1, 0, 0]
Commvector Blue Agent 2 Message: [0, 0, 0, 0, 0, 0, 0, 0]
Commvector Blue Agent 3 Message: [0, 0, 0, 0, 0, 0, 0, 0]

 Suspicious Activity Detected: None",Sleep,None,The last action is still in progress and requires waiting.
"# OBSERVATION

Mission Phase: 0
Last Action : Sleep
Last Action Status: UNKNOWN
Communication Vectors: 
Commvector Blue Agent 0 Message: [0, 0, 0, 0, 0, 0, 0, 0]
Commvector Blue Agent 1 Message: [0, 0, 0, 0, 0, 0, 0, 0]
Commvector Blue Agent 2 Message: [0, 0, 0, 0, 0, 0, 0, 0]
Commvector Blue Agent 3 Message: [0, 0, 0, 0, 0, 0, 0, 0]

Suspicious Activity Detected:
- Hostname: office_network_subnet_server_host_5 | IP: 10.0.202.145 | INFO: Connection to 10.0.202.249 | INFO: Connection to 10.0.202.249",Sleep,None,"The last action is currently in progress, and no suspicious activity is detected that requires immediate action."
"# OBSERVATION

Mission Phase: 0
Last Action : Sleep
Last Action Status: UNKNOWN
Communication Vectors: 
Commvector Blue Agent 0 Message: [0, 0, 0, 0, 0, 0, 0, 0]
Commvector Blue Agent 1 Message: [0, 0, 0, 0, 0, 0, 0, 1]
Commvector Blue Agent 2 Message: [0, 0, 0, 0, 0, 0, 0, 1]
Commvector Blue Agent 3 Message: [0, 0, 0, 0, 0, 0, 0, 0]

 Suspicious Activity Detected: None",Sleep,None,"The last action is in progress and the status is unknown, requiring a wait for completion."
"# OBSERVATION

Mission Phase: 0
Last Action : Sleep
Last Action Status: UNKNOWN
Communication Vectors: 
Commvector Blue Agent 0 Message: [0, 0, 0, 0, 0, 0, 0, 0]
Commvector Blue Agent 1 Message: [0, 0, 0, 0, 0, 0, 0, 0]
Commvector Blue Agent 2 Message: [0, 0, 0, 0, 0, 0, 0, 0]
Commvector Blue Agent 3 Message: [0, 0, 0, 0, 0, 0, 0, 0]

 Suspicious Activity Detected: None",Sleep,None,"Last action status is UNKNOWN, maintaining current state until further clarity on action execution."
"# OBSERVATION

Mission Phase: 0
Last Action : Sleep
Last Action Status: UNKNOWN
Communication Vectors: 
Commvector Blue Agent 0 Message: [0, 0, 0, 0, 0, 0, 0, 0]
Commvector Blue Agent 1 Message: [0, 0, 0, 0, 0, 0, 0, 1]
Commvector Blue Agent 2 Message: [0, 0, 0, 0, 0, 0, 0, 1]
Commvector Blue Agent 3 Message: [0, 0, 0, 0, 0, 0, 0, 0]

Suspicious Activity Detected:
- Hostname: public_access_zone_subnet_server_host_5 | IP: 10.0.5.161 | INFO: Connection to 10.0.78.249 | INFO: Connection to 10.0.78.249
- Hostname: admin_network_subnet_user_host_3 | IP: 10.0.196.66",Sleep,None,The last action is in progress and cannot be interrupted.
"# OBSERVATION

Mission Phase: 0
Last Action : Sleep
Last Action Status: UNKNOWN
Communication Vectors: 
Commvector Blue Agent 0 Message: [0, 0, 0, 0, 0, 0, 0, 0]
Commvector Blue Agent 1 Message: [0, 0, 0, 0, 0, 0, 0, 1]
Commvector Blue Agent 2 Message: [0, 0, 0, 0, 0, 0, 0, 1]
Commvector Blue Agent 3 Message: [0, 0, 0, 0, 0, 0, 0, 0]

 Suspicious Activity Detected: None",Sleep,None,"Last action is still in progress, awaiting confirmation on its status."
"# OBSERVATION

Mission Phase: 0
Last Action : Analyse host:admin_network_subnet_user_host_2
Last Action Status: IN_PROGRESS
Communication Vectors: 
Commvector Blue Agent 0 Message: [0, 0, 0, 0, 0, 0, 0, 1]
Commvector Blue Agent 1 Message: [0, 0, 0, 0, 0, 0, 0, 0]
Commvector Blue Agent 2 Message: [0, 0, 1, 0, 0, 1, 0, 0]
Commvector Blue Agent 3 Message: [0, 0, 0, 0, 0, 0, 0, 0]

 Suspicious Activity Detected: None",Sleep,None,"The last action is still in progress, so I will wait for it to complete."
"# OBSERVATION

Mission Phase: 0
Last Action : Sleep
Last Action Status: UNKNOWN
Communication Vectors: 
Commvector Blue Agent 0 Message: [0, 0, 0, 0, 0, 0, 0, 0]
Commvector Blue Agent 1 Message: [0, 0, 0, 0, 0, 0, 0, 0]
Commvector Blue Agent 2 Message: [0, 0, 0, 0, 0, 0, 0, 0]
Commvector Blue Agent 3 Message: [0, 0, 0, 0, 0, 0, 0, 0]

Suspicious Activity Detected:
- Hostname: admin_network_subnet_user_host_2 | IP: 10.0.196.48",Analyse,host:admin_network_subnet_user_host_2,Suspicious activity detected on the host; requires further investigation.
"# OBSERVATION

Mission Phase: 0
Last Action : Sleep
Last Action Status: UNKNOWN
Communication Vectors: 
Commvector Blue Agent 0 Message: [0, 0, 0, 0, 0, 0, 0, 0]
Commvector Blue Agent 1 Message: [0, 0, 0, 0, 0, 0, 0, 0]
Commvector Blue Agent 2 Message: [0, 0, 0, 0, 0, 0, 0, 0]
Commvector Blue Agent 3 Message: [0, 0, 0, 0, 0, 0, 0, 1]

 Suspicious Activity Detected: None",Sleep,None,"The last action status is unknown, indicating the previous action is still in progress."
"# OBSERVATION

Mission Phase: 0
Last Action : Sleep
Last Action Status: UNKNOWN
Communication Vectors: 
Commvector Blue Agent 0 Message: [0, 0, 0, 0, 0, 0, 0, 0]
Commvector Blue Agent 1 Message: [0, 0, 0, 0, 0, 0, 0, 0]
Commvector Blue Agent 2 Message: [0, 0, 0, 0, 0, 0, 0, 1]
Commvector Blue Agent 3 Message: [0, 0, 0, 0, 0, 0, 0, 1]

 Suspicious Activity Detected: None",Sleep,None,Last action status is unknown; no further action can be determined at this time.
"# OBSERVATION

Mission Phase: 0
Last Action : Sleep
Last Action Status: UNKNOWN
Communication Vectors: 
Commvector Blue Agent 0 Message: [0, 0, 0, 0, 0, 0, 0, 0]
Commvector Blue Agent 1 Message: [0, 0, 0, 0, 0, 0, 0, 0]
Commvector Blue Agent 2 Message: [0, 0, 0, 0, 0, 0, 0, 0]
Commvector Blue Agent 3 Message: [0, 0, 0, 0, 0, 0, 0, 0]

 Suspicious Activity Detected: None",Sleep,None,"Last action status is UNKNOWN, maintaining current state until further information is available."
"# OBSERVATION

Mission Phase: 0
Last Action : Sleep
Last Action Status: UNKNOWN
Communication Vectors: 
Commvector Blue Agent 0 Message: [0, 0, 0, 0, 0, 0, 0, 0]
Commvector Blue Agent 1 Message: [0, 0, 0, 0, 0, 0, 0, 0]
Commvector Blue Agent 2 Message: [0, 0, 0, 0, 0, 0, 0, 0]
Commvector Blue Agent 3 Message: [0, 0, 0, 0, 0, 0, 0, 0]

 Suspicious Activity Detected: None",Sleep,None,"Last action status is UNKNOWN, continuing to wait for its completion."
"# OBSERVATION

Mission Phase: 0
Last Action : Sleep
Last Action Status: UNKNOWN
Communication Vectors: 
Commvector Blue Agent 0 Message: [0, 0, 0, 0, 0, 0, 0, 0]
Commvector Blue Agent 1 Message: [0, 0, 0, 0, 0, 0, 0, 1]
Commvector Blue Agent 2 Message: [0, 0, 0, 0, 0, 0, 0, 0]
Commvector Blue Agent 3 Message: [0, 0, 0, 1, 0, 1, 0, 1]

 Suspicious Activity Detected: None",Sleep,None,"The last action is still in progress, and no suspicious activity has been detected."
"# OBSERVATION

Mission Phase: 0
Last Action : Sleep
Last Action Status: UNKNOWN
Communication Vectors: 
Commvector Blue Agent 0 Message: [0, 0, 0, 0, 0, 0, 0, 0]
Commvector Blue Agent 1 Message: [0, 0, 0, 0, 0, 0, 0, 1]
Commvector Blue Agent 2 Message: [0, 0, 0, 0, 0, 0, 0, 0]
Commvector Blue Agent 3 Message: [0, 0, 0, 0, 0, 0, 0, 1]

 Suspicious Activity Detected: None",Sleep,None,"Last action status is unknown, must wait for completion."
"# OBSERVATION

Mission Phase: 0
Last Action : Sleep
Last Action Status: UNKNOWN
Communication Vectors: 
Commvector Blue Agent 0 Message: [0, 0, 0, 0, 0, 0, 0, 0]
Commvector Blue Agent 1 Message: [0, 0, 0, 0, 0, 0, 0, 0]
Commvector Blue Agent 2 Message: [0, 0, 0, 0, 0, 0, 0, 0]
Commvector Blue Agent 3 Message: [0, 0, 0, 0, 0, 0, 0, 0]

 Suspicious Activity Detected: None",Sleep,None,"Last action status is UNKNOWN, continuing to sleep."
"# OBSERVATION

Mission Phase: 0
Last Action : Sleep
Last Action Status: UNKNOWN
Communication Vectors: 
Commvector Blue Agent 0 Message: [0, 0, 0, 0, 0, 0, 0, 0]
Commvector Blue Agent 1 Message: [0, 0, 0, 0, 0, 0, 0, 1]
Commvector Blue Agent 2 Message: [0, 0, 0, 0, 0, 0, 0, 0]
Commvector Blue Agent 3 Message: [0, 0, 0, 0, 0, 0, 0, 0]

 Suspicious Activity Detected: None",Sleep,None,"Last action status is UNKNOWN, waiting for action completion."
"# OBSERVATION

Mission Phase: 0
Last Action : Sleep
Last Action Status: UNKNOWN
Communication Vectors: 
Commvector Blue Agent 0 Message: [0, 0, 0, 0, 0, 0, 0, 0]
Commvector Blue Agent 1 Message: [0, 0, 0, 0, 0, 0, 0, 0]
Commvector Blue Agent 2 Message: [0, 0, 0, 0, 0, 0, 0, 0]
Commvector Blue Agent 3 Message: [0, 0, 0, 0, 0, 0, 0, 0]

 Suspicious Activity Detected: None",Sleep,None,The last action is still in progress and no suspicious activity has been detected.
"# OBSERVATION

Mission Phase: 0
Last Action : Analyse host:office_network_subnet_server_host_4
Last Action Status: IN_PROGRESS
Communication Vectors: 
Commvector Blue Agent 0 Message: [0, 0, 0, 0, 0, 0, 0, 0]
Commvector Blue Agent 1 Message: [0, 1, 0, 0, 0, 1, 0, 0]
Commvector Blue Agent 2 Message: [0, 0, 0, 0, 0, 0, 0, 0]
Commvector Blue Agent 3 Message: [0, 0, 0, 0, 0, 0, 0, 0]

 Suspicious Activity Detected: None",Sleep,None,The last action is still in progress and cannot be repeated.
"# OBSERVATION

Mission Phase: 0
Last Action : Sleep
Last Action Status: UNKNOWN
Communication Vectors: 
Commvector Blue Agent 0 Message: [0, 0, 0, 0, 0, 0, 0, 0]
Commvector Blue Agent 1 Message: [0, 0, 0, 0, 0, 0, 0, 1]
Commvector Blue Agent 2 Message: [0, 0, 0, 0, 0, 0, 0, 0]
Commvector Blue Agent 3 Message: [0, 0, 0, 0, 0, 0, 0, 0]

Suspicious Activity Detected:
- Hostname: office_network_subnet_router | IP: 10.0.202.250 | INFO: Connection to 10.0.202.14 | INFO: Connection to 10.0.202.14
- Hostname: office_network_subnet_user_host_5 | IP: 10.0.202.250 | INFO: Connection to 10.0.202.14 | INFO: Connection to 10.0.202.14
- Hostname: office_network_subnet_server_host_4 | IP: 10.0.202.250 | INFO: Connection to 10.0.202.14 | INFO: Connection to 10.0.202.14 | INFO: Connection to 10.0.202.14 | INFO: Connection to 10.0.202.14 | INFO: Connection to 10.0.202.14 | INFO: Connection to 10.0.202.14 | INFO: Connection to 10.0.202.14 | INFO: Connection to 10.0.202.14 | INFO: Connection to 10.0.202.14 | INFO: Connection to 10.0.202.14 | INFO: Connection to 10.0.202.14 | INFO: Connection to 10.0.202.14 | INFO: Connection to 10.0.202.14 | INFO: Connection to 10.0.202.14 | INFO: Connection to 10.0.202.14 | INFO: Connection to 10.0.202.14 | INFO: Connection to 10.0.202.14 | INFO: Connection to 10.0.202.14 | INFO: Connection to 10.0.202.14 | INFO: Connection to 10.0.202.14 | INFO: Connection to 10.0.202.14 | INFO: Connection to 10.0.202.14 | WARNING: Suspicious process detected",Analyse,host:office_network_subnet_server_host_4,"Suspicious activity detected, including numerous connections and a warning regarding a suspicious process."
"# OBSERVATION

Mission Phase: 0
Last Action : Sleep
Last Action Status: UNKNOWN
Communication Vectors: 
Commvector Blue Agent 0 Message: [0, 0, 0, 0, 0, 0, 0, 0]
Commvector Blue Agent 1 Message: [0, 0, 0, 0, 0, 0, 0, 0]
Commvector Blue Agent 2 Message: [0, 0, 0, 0, 0, 0, 0, 1]
Commvector Blue Agent 3 Message: [0, 0, 0, 0, 0, 0, 0, 0]

 Suspicious Activity Detected: None",Sleep,None,The last action is still in progress and needs to be awaited.
"# OBSERVATION

Mission Phase: 0
Last Action : Analyse host:public_access_zone_subnet_server_host_0
Last Action Status: IN_PROGRESS
Communication Vectors: 
Commvector Blue Agent 0 Message: [0, 0, 0, 0, 0, 0, 0, 0]
Commvector Blue Agent 1 Message: [0, 0, 0, 0, 0, 0, 0, 0]
Commvector Blue Agent 2 Message: [0, 0, 0, 0, 0, 0, 0, 0]
Commvector Blue Agent 3 Message: [0, 0, 0, 1, 0, 1, 0, 1]

 Suspicious Activity Detected: None",Sleep,None,"The last action is still in progress, so I need to wait before taking further action."
"# OBSERVATION

Mission Phase: 0
Last Action : Sleep
Last Action Status: UNKNOWN
Communication Vectors: 
Commvector Blue Agent 0 Message: [0, 0, 0, 0, 0, 0, 0, 1]
Commvector Blue Agent 1 Message: [0, 0, 0, 0, 0, 0, 0, 1]
Commvector Blue Agent 2 Message: [0, 0, 0, 0, 0, 0, 0, 1]
Commvector Blue Agent 3 Message: [0, 0, 0, 0, 0, 0, 0, 0]

Suspicious Activity Detected:
- Hostname: public_access_zone_subnet_router | IP: 10.0.78.254 | INFO: Connection to 10.0.148.100 | INFO: Connection to 10.0.148.100
- Hostname: public_access_zone_subnet_server_host_0 | IP: 10.0.78.254 | INFO: Connection to 10.0.148.100 | INFO: Connection to 10.0.148.100 | INFO: Connection to 10.0.148.100 | INFO: Connection to 10.0.148.100 | INFO: Connection to 10.0.148.100 | INFO: Connection to 10.0.148.100 | INFO: Connection to 10.0.148.100 | INFO: Connection to 10.0.148.100 | INFO: Connection to 10.0.148.100 | INFO: Connection to 10.0.148.100 | INFO: Connection to 10.0.148.100 | INFO: Connection to 10.0.148.100 | INFO: Connection to 10.0.148.100 | INFO: Connection to 10.0.148.100 | INFO: Connection to 10.0.148.100 | INFO: Connection to 10.0.148.100 | INFO: Connection to 10.0.148.100 | INFO: Connection to 10.0.148.100 | INFO: Connection to 10.0.148.100 | INFO: Connection to 10.0.148.100 | INFO: Connection to 10.0.148.100 | INFO: Connection to 10.0.148.100 | WARNING: Suspicious process detected",Analyse,host:public_access_zone_subnet_server_host_0,"Suspicious process detected on host, requiring further analysis for potential red activity."
"# OBSERVATION

Mission Phase: 0
Last Action : Sleep
Last Action Status: UNKNOWN
Communication Vectors: 
Commvector Blue Agent 0 Message: [0, 0, 0, 0, 0, 0, 0, 0]
Commvector Blue Agent 1 Message: [0, 0, 0, 0, 0, 0, 0, 1]
Commvector Blue Agent 2 Message: [0, 0, 0, 0, 0, 0, 0, 1]
Commvector Blue Agent 3 Message: [0, 0, 0, 0, 0, 0, 0, 0]

 Suspicious Activity Detected: None",Sleep,None,Previous action status is unknown; waiting for further updates.
"# OBSERVATION

Mission Phase: 0
Last Action : Sleep
Last Action Status: UNKNOWN
Communication Vectors: 
Commvector Blue Agent 0 Message: [0, 0, 0, 0, 0, 0, 0, 0]
Commvector Blue Agent 1 Message: [0, 1, 0, 0, 0, 1, 0, 0]
Commvector Blue Agent 2 Message: [0, 0, 1, 0, 0, 1, 0, 0]
Commvector Blue Agent 3 Message: [0, 0, 0, 0, 0, 0, 0, 1]

 Suspicious Activity Detected: None",Sleep,None,"The last action is currently in progress, and no further actions should be taken until it completes."
"# OBSERVATION

Mission Phase: 0
Last Action : Sleep
Last Action Status: UNKNOWN
Communication Vectors: 
Commvector Blue Agent 0 Message: [0, 0, 0, 0, 0, 0, 0, 0]
Commvector Blue Agent 1 Message: [0, 0, 0, 0, 0, 0, 0, 0]
Commvector Blue Agent 2 Message: [0, 0, 0, 0, 0, 0, 0, 1]
Commvector Blue Agent 3 Message: [0, 0, 0, 0, 0, 0, 0, 0]

Suspicious Activity Detected:
- Hostname: office_network_subnet_server_host_5 | IP: 10.0.202.181 | INFO: Connection to 10.0.202.249 | INFO: Connection to 10.0.202.249",Sleep,None,Last action is in progress; no further action can be taken until it completes.
"# OBSERVATION

Mission Phase: 0
Last Action : Sleep
Last Action Status: UNKNOWN
Communication Vectors: 
Commvector Blue Agent 0 Message: [0, 0, 0, 0, 0, 0, 0, 0]
Commvector Blue Agent 1 Message: [0, 0, 0, 0, 0, 0, 0, 1]
Commvector Blue Agent 2 Message: [0, 0, 0, 0, 0, 0, 0, 0]
Commvector Blue Agent 3 Message: [0, 0, 0, 0, 0, 0, 0, 0]

Suspicious Activity Detected:
- Hostname: public_access_zone_subnet_server_host_2 | IP: 10.0.184.132 | INFO: Connection to 10.0.78.252 | INFO: Connection to 10.0.78.252",Sleep,None,Last action status is UNKNOWN; further action cannot be determined at this moment.
"# OBSERVATION

Mission Phase: 0
Last Action : Sleep
Last Action Status: UNKNOWN
Communication Vectors: 
Commvector Blue Agent 0 Message: [0, 0, 0, 0, 0, 0, 0, 0]
Commvector Blue Agent 1 Message: [0, 0, 0, 0, 0, 0, 0, 0]
Commvector Blue Agent 2 Message: [0, 0, 0, 0, 0, 0, 0, 0]
Commvector Blue Agent 3 Message: [0, 0, 0, 0, 0, 0, 0, 0]

 Suspicious Activity Detected: None",Sleep,None,"The last action is currently in progress, so no further actions can be taken until it completes."
"# OBSERVATION

Mission Phase: 0
Last Action : Sleep
Last Action Status: UNKNOWN
Communication Vectors: 
Commvector Blue Agent 0 Message: [0, 0, 0, 0, 0, 0, 0, 0]
Commvector Blue Agent 1 Message: [0, 1, 0, 0, 0, 1, 0, 1]
Commvector Blue Agent 2 Message: [0, 0, 0, 0, 0, 0, 0, 0]
Commvector Blue Agent 3 Message: [0, 0, 0, 0, 0, 0, 0, 0]

 Suspicious Activity Detected: None",Sleep,None,"The last action status is UNKNOWN, indicating ongoing processes, so I will wait."
"# OBSERVATION

Mission Phase: 0
Last Action : Sleep
Last Action Status: UNKNOWN
Communication Vectors: 
Commvector Blue Agent 0 Message: [0, 0, 0, 0, 0, 0, 0, 0]
Commvector Blue Agent 1 Message: [0, 0, 0, 0, 0, 0, 0, 0]
Commvector Blue Agent 2 Message: [0, 0, 0, 0, 0, 0, 0, 0]
Commvector Blue Agent 3 Message: [0, 0, 0, 0, 0, 0, 0, 0]

 Suspicious Activity Detected: None",Sleep,None,"The last action is still in progress, and no suspicious activity has been detected."
"# OBSERVATION

Mission Phase: 0
Last Action : Sleep
Last Action Status: UNKNOWN
Communication Vectors: 
Commvector Blue Agent 0 Message: [0, 0, 0, 0, 0, 0, 0, 0]
Commvector Blue Agent 1 Message: [0, 0, 0, 0, 0, 0, 0, 0]
Commvector Blue Agent 2 Message: [0, 0, 0, 0, 0, 0, 0, 0]
Commvector Blue Agent 3 Message: [0, 0, 0, 0, 0, 0, 0, 0]

 Suspicious Activity Detected: None",Sleep,None,"The last action status is unknown, indicating that the previous action is still in progress."
"# OBSERVATION

Mission Phase: 0
Last Action : Sleep
Last Action Status: UNKNOWN
Communication Vectors: 
Commvector Blue Agent 0 Message: [0, 0, 0, 0, 0, 0, 0, 0]
Commvector Blue Agent 1 Message: [0, 0, 0, 0, 0, 0, 0, 1]
Commvector Blue Agent 2 Message: [0, 0, 1, 0, 0, 1, 0, 1]
Commvector Blue Agent 3 Message: [0, 0, 0, 0, 0, 0, 0, 0]

 Suspicious Activity Detected: None",Sleep,None,"The last action status is UNKNOWN, indicating action processing is still ongoing."
"# OBSERVATION

Mission Phase: 0
Last Action : Sleep
Last Action Status: UNKNOWN
Communication Vectors: 
Commvector Blue Agent 0 Message: [0, 0, 0, 0, 0, 0, 0, 0]
Commvector Blue Agent 1 Message: [0, 0, 0, 0, 0, 0, 0, 0]
Commvector Blue Agent 2 Message: [0, 0, 0, 0, 0, 0, 0, 0]
Commvector Blue Agent 3 Message: [0, 0, 0, 0, 0, 0, 0, 0]

 Suspicious Activity Detected: None",Sleep,None,"Last action status is UNKNOWN, waiting for completion of previous action."
"# OBSERVATION

Mission Phase: 0
Last Action : Sleep
Last Action Status: UNKNOWN
Communication Vectors: 
Commvector Blue Agent 0 Message: [0, 0, 0, 0, 0, 0, 0, 0]
Commvector Blue Agent 1 Message: [0, 0, 0, 0, 0, 0, 0, 1]
Commvector Blue Agent 2 Message: [0, 0, 1, 0, 0, 1, 0, 0]
Commvector Blue Agent 3 Message: [0, 0, 0, 0, 0, 0, 0, 0]

 Suspicious Activity Detected: None",Sleep,None,"The previous action status is unknown, indicating that action execution is still in progress."
"# OBSERVATION

Mission Phase: 0
Last Action : Sleep
Last Action Status: UNKNOWN
Communication Vectors: 
Commvector Blue Agent 0 Message: [0, 0, 0, 0, 0, 0, 0, 0]
Commvector Blue Agent 1 Message: [0, 0, 0, 0, 0, 0, 0, 0]
Commvector Blue Agent 2 Message: [0, 0, 0, 0, 0, 0, 0, 1]
Commvector Blue Agent 3 Message: [0, 0, 0, 0, 0, 0, 0, 0]

 Suspicious Activity Detected: None",Sleep,None,"The last action status is UNKNOWN, indicating that waiting for the completion of the last action is necessary."
"# OBSERVATION

Mission Phase: 0
Last Action : Sleep
Last Action Status: UNKNOWN
Communication Vectors: 
Commvector Blue Agent 0 Message: [0, 0, 0, 0, 0, 0, 0, 0]
Commvector Blue Agent 1 Message: [0, 0, 0, 0, 0, 0, 0, 0]
Commvector Blue Agent 2 Message: [0, 0, 0, 0, 0, 0, 0, 0]
Commvector Blue Agent 3 Message: [0, 0, 0, 0, 0, 0, 0, 0]

 Suspicious Activity Detected: None",Sleep,None,"Last action status is UNKNOWN, continuing to monitor before taking further action."
"# OBSERVATION

Mission Phase: 0
Last Action : Sleep
Last Action Status: UNKNOWN
Communication Vectors: 
Commvector Blue Agent 0 Message: [0, 0, 0, 0, 0, 0, 0, 0]
Commvector Blue Agent 1 Message: [0, 0, 0, 0, 0, 0, 0, 0]
Commvector Blue Agent 2 Message: [0, 0, 0, 0, 0, 0, 0, 0]
Commvector Blue Agent 3 Message: [0, 0, 0, 0, 0, 0, 0, 0]

 Suspicious Activity Detected: None",Sleep,None,"Last action is still in progress, maintaining current state is necessary."
"# OBSERVATION

Mission Phase: 0
Last Action : Sleep
Last Action Status: UNKNOWN
Communication Vectors: 
Commvector Blue Agent 0 Message: [0, 0, 0, 0, 0, 0, 0, 0]
Commvector Blue Agent 1 Message: [0, 0, 0, 0, 0, 0, 0, 0]
Commvector Blue Agent 2 Message: [0, 0, 0, 0, 0, 0, 0, 0]
Commvector Blue Agent 3 Message: [0, 0, 0, 0, 0, 0, 0, 0]

 Suspicious Activity Detected: None",Sleep,None,Last action status is UNKNOWN; waiting for action to complete.
"# OBSERVATION

Mission Phase: 0
Last Action : Analyse host:office_network_subnet_user_host_3
Last Action Status: IN_PROGRESS
Communication Vectors: 
Commvector Blue Agent 0 Message: [0, 0, 0, 0, 0, 0, 0, 0]
Commvector Blue Agent 1 Message: [0, 0, 0, 0, 0, 0, 0, 0]
Commvector Blue Agent 2 Message: [0, 0, 0, 0, 0, 0, 0, 0]
Commvector Blue Agent 3 Message: [0, 0, 0, 0, 0, 0, 0, 0]

 Suspicious Activity Detected: None",Sleep,None,"The last action is still in progress, indicating that further analysis is being conducted."
"# OBSERVATION

Mission Phase: 0
Last Action : Sleep
Last Action Status: UNKNOWN
Communication Vectors: 
Commvector Blue Agent 0 Message: [0, 0, 0, 0, 0, 0, 0, 0]
Commvector Blue Agent 1 Message: [0, 0, 0, 0, 0, 0, 0, 0]
Commvector Blue Agent 2 Message: [0, 0, 1, 0, 0, 1, 0, 0]
Commvector Blue Agent 3 Message: [0, 0, 0, 0, 0, 0, 0, 1]

Suspicious Activity Detected:
- Hostname: office_network_subnet_user_host_3 | IP: 10.0.202.168",Analyse,host:office_network_subnet_user_host_3,"Suspicious activity detected on this host, indicating potential red agent presence."
"# OBSERVATION

Mission Phase: 0
Last Action : Sleep
Last Action Status: UNKNOWN
Communication Vectors: 
Commvector Blue Agent 0 Message: [0, 0, 0, 0, 0, 0, 0, 0]
Commvector Blue Agent 1 Message: [0, 0, 0, 0, 0, 0, 0, 1]
Commvector Blue Agent 2 Message: [0, 0, 0, 0, 0, 0, 0, 0]
Commvector Blue Agent 3 Message: [0, 0, 0, 0, 0, 0, 0, 0]

 Suspicious Activity Detected: None",Sleep,None,"The last action status is UNKNOWN, indicating that the previous action is still processing."
"# OBSERVATION

Mission Phase: 0
Last Action : Sleep
Last Action Status: UNKNOWN
Communication Vectors: 
Commvector Blue Agent 0 Message: [0, 0, 0, 0, 0, 0, 0, 0]
Commvector Blue Agent 1 Message: [0, 0, 0, 0, 0, 0, 0, 0]
Commvector Blue Agent 2 Message: [0, 0, 0, 0, 0, 0, 0, 0]
Commvector Blue Agent 3 Message: [0, 0, 0, 0, 0, 0, 0, 0]

 Suspicious Activity Detected: None",Sleep,None,The last action is still in progress and cannot be interrupted.
"# OBSERVATION

Mission Phase: 0
Last Action : Sleep
Last Action Status: UNKNOWN
Communication Vectors: 
Commvector Blue Agent 0 Message: [0, 0, 0, 0, 0, 0, 0, 0]
Commvector Blue Agent 1 Message: [0, 0, 0, 0, 0, 0, 0, 0]
Commvector Blue Agent 2 Message: [0, 0, 0, 0, 0, 0, 0, 0]
Commvector Blue Agent 3 Message: [0, 0, 0, 0, 0, 0, 0, 0]

Suspicious Activity Detected:
- Hostname: office_network_subnet_user_host_2 | IP: 10.0.202.46 | INFO: Connection to 10.0.196.66 | INFO: Connection to 10.0.196.66 | INFO: Connection to 10.0.196.66 | INFO: Connection to 10.0.196.66 | INFO: Connection to 10.0.196.66 | INFO: Connection to 10.0.196.66 | INFO: Connection to 10.0.196.66 | INFO: Connection to 10.0.196.66",Sleep,None,"Last action status is UNKNOWN, waiting for the current action to complete."
"# OBSERVATION

Mission Phase: 0
Last Action : Sleep
Last Action Status: UNKNOWN
Communication Vectors: 
Commvector Blue Agent 0 Message: [0, 0, 0, 0, 0, 0, 0, 0]
Commvector Blue Agent 1 Message: [0, 0, 0, 0, 0, 0, 0, 1]
Commvector Blue Agent 2 Message: [0, 0, 0, 0, 0, 0, 0, 0]
Commvector Blue Agent 3 Message: [0, 0, 0, 0, 0, 0, 0, 0]

 Suspicious Activity Detected: None",Sleep,None,The last action is still in progress and the status is unknown.
"# OBSERVATION

Mission Phase: 0
Last Action : Sleep
Last Action Status: UNKNOWN
Communication Vectors: 
Commvector Blue Agent 0 Message: [0, 0, 0, 0, 0, 0, 0, 0]
Commvector Blue Agent 1 Message: [0, 0, 0, 0, 0, 0, 0, 0]
Commvector Blue Agent 2 Message: [0, 0, 0, 0, 0, 0, 0, 1]
Commvector Blue Agent 3 Message: [0, 0, 0, 0, 0, 0, 0, 0]

 Suspicious Activity Detected: None",Sleep,None,The last action is still in progress and requires completion before taking further action.
"# OBSERVATION

Mission Phase: 0
Last Action : Sleep
Last Action Status: UNKNOWN
Communication Vectors: 
Commvector Blue Agent 0 Message: [0, 0, 0, 0, 0, 0, 0, 0]
Commvector Blue Agent 1 Message: [0, 0, 0, 0, 0, 0, 0, 1]
Commvector Blue Agent 2 Message: [0, 0, 0, 0, 0, 0, 0, 0]
Commvector Blue Agent 3 Message: [0, 0, 0, 0, 0, 0, 0, 0]

 Suspicious Activity Detected: None",Sleep,None,Last action status is UNKNOWN and currently no suspicious activity detected.
"# OBSERVATION

Mission Phase: 0
Last Action : Sleep
Last Action Status: UNKNOWN
Communication Vectors: 
Commvector Blue Agent 0 Message: [0, 0, 0, 0, 0, 0, 0, 0]
Commvector Blue Agent 1 Message: [0, 0, 0, 0, 0, 0, 0, 0]
Commvector Blue Agent 2 Message: [0, 0, 0, 0, 0, 0, 0, 0]
Commvector Blue Agent 3 Message: [0, 0, 0, 0, 0, 0, 0, 0]

 Suspicious Activity Detected: None",Sleep,None,"The last action is currently in progress, waiting for completion."
"# OBSERVATION

Mission Phase: 0
Last Action : Sleep
Last Action Status: UNKNOWN
Communication Vectors: 
Commvector Blue Agent 0 Message: [0, 0, 0, 0, 0, 0, 0, 0]
Commvector Blue Agent 1 Message: [0, 0, 0, 0, 0, 0, 0, 0]
Commvector Blue Agent 2 Message: [0, 0, 0, 0, 0, 0, 0, 0]
Commvector Blue Agent 3 Message: [0, 0, 0, 0, 0, 0, 0, 0]

 Suspicious Activity Detected: None",Sleep,None,Last action status is unknown and current situation indicates no suspicious activity.
"# OBSERVATION

Mission Phase: 0
Last Action : Sleep
Last Action Status: UNKNOWN
Communication Vectors: 
Commvector Blue Agent 0 Message: [1, 0, 0, 0, 0, 1, 0, 1]
Commvector Blue Agent 1 Message: [0, 0, 0, 0, 0, 0, 0, 1]
Commvector Blue Agent 2 Message: [0, 0, 0, 0, 0, 0, 0, 1]
Commvector Blue Agent 3 Message: [0, 0, 0, 0, 0, 0, 0, 0]

 Suspicious Activity Detected: None",Sleep,None,Last action is still in progress and the status is unknown.
"# OBSERVATION

Mission Phase: 0
Last Action : Sleep
Last Action Status: UNKNOWN
Communication Vectors: 
Commvector Blue Agent 0 Message: [0, 0, 0, 0, 0, 0, 0, 1]
Commvector Blue Agent 1 Message: [0, 0, 0, 0, 0, 0, 0, 0]
Commvector Blue Agent 2 Message: [0, 0, 0, 0, 0, 0, 0, 0]
Commvector Blue Agent 3 Message: [0, 0, 0, 0, 0, 0, 0, 0]

 Suspicious Activity Detected: None",Sleep,None,"Last action status is unknown, continuing to wait for action to complete."
"# OBSERVATION

Mission Phase: 0
Last Action : Sleep
Last Action Status: UNKNOWN
Communication Vectors: 
Commvector Blue Agent 0 Message: [0, 0, 0, 0, 0, 0, 0, 0]
Commvector Blue Agent 1 Message: [0, 0, 0, 0, 0, 0, 0, 1]
Commvector Blue Agent 2 Message: [0, 0, 0, 0, 0, 0, 0, 0]
Commvector Blue Agent 3 Message: [0, 0, 0, 0, 0, 0, 0, 0]

Suspicious Activity Detected:
- Hostname: office_network_subnet_server_host_5 | IP: 10.0.202.249 | INFO: Connection to 10.0.202.232 | INFO: Connection to 10.0.202.232 | INFO: Connection to 10.0.202.232 | INFO: Connection to 10.0.202.232 | INFO: Connection to 10.0.202.232 | INFO: Connection to 10.0.202.232",Sleep,None,"Last action status is UNKNOWN, and no immediate suspicious activity requires intervention."
"# OBSERVATION

Mission Phase: 0
Last Action : Sleep
Last Action Status: UNKNOWN
Communication Vectors: 
Commvector Blue Agent 0 Message: [0, 0, 0, 0, 0, 0, 0, 1]
Commvector Blue Agent 1 Message: [0, 0, 0, 0, 0, 0, 0, 0]
Commvector Blue Agent 2 Message: [0, 0, 1, 0, 0, 1, 0, 0]
Commvector Blue Agent 3 Message: [0, 0, 0, 0, 0, 0, 0, 0]

 Suspicious Activity Detected: None",Sleep,None,"The last action is still in progress, and we cannot execute further actions."
"# OBSERVATION

Mission Phase: 0
Last Action : Sleep
Last Action Status: UNKNOWN
Communication Vectors: 
Commvector Blue Agent 0 Message: [1, 0, 0, 0, 0, 1, 0, 0]
Commvector Blue Agent 1 Message: [0, 0, 0, 0, 0, 0, 0, 0]
Commvector Blue Agent 2 Message: [0, 0, 0, 0, 0, 0, 0, 1]
Commvector Blue Agent 3 Message: [0, 0, 0, 0, 0, 0, 0, 0]

 Suspicious Activity Detected: None",Sleep,None,The last action is still IN_PROGRESS and requires waiting.
"# OBSERVATION

Mission Phase: 0
Last Action : Sleep
Last Action Status: UNKNOWN
Communication Vectors: 
Commvector Blue Agent 0 Message: [0, 0, 0, 0, 0, 0, 0, 0]
Commvector Blue Agent 1 Message: [0, 0, 0, 0, 0, 0, 0, 0]
Commvector Blue Agent 2 Message: [0, 0, 0, 0, 0, 0, 0, 0]
Commvector Blue Agent 3 Message: [0, 0, 0, 0, 0, 0, 0, 1]

 Suspicious Activity Detected: None",Sleep,None,The last action is still in progress and needs to be completed.
"# OBSERVATION

Mission Phase: 0
Last Action : Sleep
Last Action Status: UNKNOWN
Communication Vectors: 
Commvector Blue Agent 0 Message: [0, 0, 0, 0, 0, 0, 0, 0]
Commvector Blue Agent 1 Message: [0, 0, 0, 0, 0, 0, 0, 0]
Commvector Blue Agent 2 Message: [0, 0, 0, 0, 0, 0, 0, 0]
Commvector Blue Agent 3 Message: [0, 0, 0, 0, 0, 0, 0, 0]

 Suspicious Activity Detected: None",Sleep,None,The last action is currently in progress and further actions should wait.
"# OBSERVATION

Mission Phase: 0
Last Action : Sleep
Last Action Status: UNKNOWN
Communication Vectors: 
Commvector Blue Agent 0 Message: [0, 0, 0, 0, 0, 0, 0, 0]
Commvector Blue Agent 1 Message: [0, 0, 0, 0, 0, 0, 0, 0]
Commvector Blue Agent 2 Message: [0, 0, 0, 0, 0, 0, 0, 1]
Commvector Blue Agent 3 Message: [0, 0, 0, 0, 0, 0, 0, 0]

 Suspicious Activity Detected: None",Sleep,None,"Last action status is unknown, indicating that the previous action is still in progress."
"# OBSERVATION

Mission Phase: 0
Last Action : Sleep
Last Action Status: UNKNOWN
Communication Vectors: 
Commvector Blue Agent 0 Message: [0, 0, 0, 0, 0, 0, 0, 0]
Commvector Blue Agent 1 Message: [0, 0, 0, 0, 0, 0, 0, 0]
Commvector Blue Agent 2 Message: [0, 0, 0, 0, 0, 0, 0, 0]
Commvector Blue Agent 3 Message: [0, 0, 0, 0, 0, 0, 0, 1]

 Suspicious Activity Detected: None",Sleep,None,"Last action is in progress, waiting for action to complete."
"# OBSERVATION

Mission Phase: 0
Last Action : Sleep
Last Action Status: TRUE
Communication Vectors: 
Commvector Blue Agent 0 Message: [0, 0, 0, 0, 0, 0, 0, 0]
Commvector Blue Agent 1 Message: [0, 0, 0, 0, 0, 0, 0, 1]
Commvector Blue Agent 2 Message: [0, 0, 0, 0, 0, 0, 0, 0]
Commvector Blue Agent 3 Message: [0, 0, 0, 0, 0, 0, 0, 0]

 Suspicious Activity Detected: None",Sleep,None,No suspicious activity detected; it's safe to maintain current state.
"# OBSERVATION

Mission Phase: 0
Last Action : Remove host:public_access_zone_subnet_user_host_0
Last Action Status: IN_PROGRESS
Communication Vectors: 
Commvector Blue Agent 0 Message: [0, 0, 0, 0, 0, 0, 0, 0]
Commvector Blue Agent 1 Message: [0, 0, 0, 0, 0, 0, 0, 0]
Commvector Blue Agent 2 Message: [0, 0, 0, 0, 0, 0, 0, 0]
Commvector Blue Agent 3 Message: [0, 0, 0, 0, 0, 0, 0, 0]

 Suspicious Activity Detected: None",Sleep,None,Last action is still in progress.
"# OBSERVATION

Mission Phase: 0
Last Action : None
Last Action Status: UNKNOWN
Communication Vectors: 
Commvector Blue Agent 0 Message: [1]
Commvector Blue Agent 1 Message: [1]
Commvector Blue Agent 2 Message: [1]
Commvector Blue Agent 3 Message: [1]

Suspicious Activity Detected:
- Hostname: public_access_zone_subnet_router | IP: 10.0.4.175
- Hostname: public_access_zone_subnet_user_host_0 | IP: 10.0.4.70
- Hostname: public_access_zone_subnet_user_host_1 | IP: 10.0.4.132
- Hostname: public_access_zone_subnet_user_host_2 | IP: 10.0.4.238
- Hostname: public_access_zone_subnet_user_host_3 | IP: 10.0.4.240
- Hostname: public_access_zone_subnet_user_host_4 | IP: 10.0.4.115
- Hostname: public_access_zone_subnet_user_host_5 | IP: 10.0.4.173
- Hostname: public_access_zone_subnet_server_host_0 | IP: 10.0.4.254
- Hostname: public_access_zone_subnet_server_host_1 | IP: 10.0.4.253
- Hostname: public_access_zone_subnet_server_host_2 | IP: 10.0.4.252
- Hostname: public_access_zone_subnet_server_host_3 | IP: 10.0.4.251
- Hostname: public_access_zone_subnet_server_host_4 | IP: 10.0.4.250
- Hostname: public_access_zone_subnet_server_host_5 | IP: 10.0.4.249
- Hostname: admin_network_subnet_router | IP: 10.0.219.152
- Hostname: admin_network_subnet_user_host_0 | IP: 10.0.219.144
- Hostname: admin_network_subnet_user_host_1 | IP: 10.0.219.60
- Hostname: admin_network_subnet_user_host_2 | IP: 10.0.219.89
- Hostname: admin_network_subnet_user_host_3 | IP: 10.0.219.100
- Hostname: admin_network_subnet_user_host_4 | IP: 10.0.219.131
- Hostname: admin_network_subnet_server_host_0 | IP: 10.0.219.254
- Hostname: admin_network_subnet_server_host_1 | IP: 10.0.219.253
- Hostname: admin_network_subnet_server_host_2 | IP: 10.0.219.252
- Hostname: office_network_subnet_router | IP: 10.0.166.187
- Hostname: office_network_subnet_user_host_0 | IP: 10.0.166.252
- Hostname: office_network_subnet_user_host_1 | IP: 10.0.166.132
- Hostname: office_network_subnet_user_host_2 | IP: 10.0.166.226
- Hostname: office_network_subnet_user_host_3 | IP: 10.0.166.22
- Hostname: office_network_subnet_user_host_4 | IP: 10.0.166.175
- Hostname: office_network_subnet_user_host_5 | IP: 10.0.166.58
- Hostname: office_network_subnet_user_host_6 | IP: 10.0.166.219
- Hostname: office_network_subnet_user_host_7 | IP: 10.0.166.142
- Hostname: office_network_subnet_server_host_0 | IP: 10.0.166.254
- Hostname: office_network_subnet_server_host_1 | IP: 10.0.166.253
- Hostname: office_network_subnet_server_host_2 | IP: 10.0.166.251
- Hostname: office_network_subnet_server_host_3 | IP: 10.0.166.250",Remove,host:public_access_zone_subnet_user_host_0,"Multiple suspicious activities detected, indicating potential user-level compromise."
